# HAVENLINE supplied-reference T03 sculpted visual candidate
mtllib boundary_v2.mtl
o fence_panel
s 1
usemtl timber
v -1.1959375 0 -0.005 1 1 1
v -1.2155292 0 0.019389156 1 1 1
v -1.2558408 0 0.038221849 1 1 1
v -1.3140243 0 0.043285659 1 1 1
v -1.3704882 0 0.036944356 1 1 1
v -1.4176786 0 0.020666649 1 1 1
v -1.4252323 0 -0.005 1 1 1
v -1.4141043 0 -0.029781576 1 1 1
v -1.3704882 0 -0.046944356 1 1 1
v -1.3140243 0 -0.055055805 1 1 1
v -1.2558408 0 -0.048221849 1 1 1
v -1.2191035 0 -0.028504083 1 1 1
v -1.1947499 0.20119913 -0.005 1 1 1
v -1.2158548 0.20119913 0.01930853 1 1 1
v -1.2564346 0.20119913 0.037780741 1 1 1
v -1.3140243 0.20119913 0.043446909 1 1 1
v -1.371082 0.20119913 0.037385465 1 1 1
v -1.417353 0.20119913 0.020586024 1 1 1
v -1.4240447 0.20119913 -0.005 1 1 1
v -1.4144299 0.20119913 -0.029862201 1 1 1
v -1.371082 0.20119913 -0.047385465 1 1 1
v -1.3140243 0.20119913 -0.054894554 1 1 1
v -1.2564346 0.20119913 -0.047780741 1 1 1
v -1.2187779 0.20119913 -0.028584708 1 1 1
v -1.193995 0.40239825 -0.005 1 1 1
v -1.2167129 0.40239825 0.019096032 1 1 1
v -1.256812 0.40239825 0.037500363 1 1 1
v -1.3140243 0.40239825 0.043871906 1 1 1
v -1.3714594 0.40239825 0.037665843 1 1 1
v -1.4164948 0.40239825 0.020373525 1 1 1
v -1.4232898 0.40239825 -0.005 1 1 1
v -1.415288 0.40239825 -0.030074699 1 1 1
v -1.3714594 0.40239825 -0.047665843 1 1 1
v -1.3140243 0.40239825 -0.054469558 1 1 1
v -1.256812 0.40239825 -0.047500363 1 1 1
v -1.2179197 0.40239825 -0.028797206 1 1 1
v -1.193948 0.60359738 -0.005 1 1 1
v -1.217791 0.60359738 0.018829091 1 1 1
v -1.2568355 0.60359738 0.037482879 1 1 1
v -1.3140243 0.60359738 0.044405788 1 1 1
v -1.3714829 0.60359738 0.037683327 1 1 1
v -1.4154168 0.60359738 0.020106584 1 1 1
v -1.4232427 0.60359738 -0.005 1 1 1
v -1.4163661 0.60359738 -0.03034164 1 1 1
v -1.3714829 0.60359738 -0.047683327 1 1 1
v -1.3140243 0.60359738 -0.053935676 1 1 1
v -1.2568355 0.60359738 -0.047482879 1 1 1
v -1.2168417 0.60359738 -0.029064147 1 1 1
v -1.1946258 0.80479651 -0.005 1 1 1
v -1.2186961 0.80479651 0.018604975 1 1 1
v -1.2564966 0.80479651 0.03773466 1 1 1
v -1.3140243 0.80479651 0.044854021 1 1 1
v -1.371144 0.80479651 0.037431545 1 1 1
v -1.4145117 0.80479651 0.019882468 1 1 1
v -1.4239206 0.80479651 -0.005 1 1 1
v -1.4172712 0.80479651 -0.030565757 1 1 1
v -1.371144 0.80479651 -0.047431545 1 1 1
v -1.3140243 0.80479651 -0.053487443 1 1 1
v -1.2564966 0.80479651 -0.04773466 1 1 1
v -1.2159366 0.80479651 -0.029288264 1 1 1
v -1.1957817 1.0059956 -0.005 1 1 1
v -1.2190984 1.0059956 0.018505347 1 1 1
v -1.2559187 1.0059956 0.038163963 1 1 1
v -1.3140243 1.0059956 0.045053277 1 1 1
v -1.3705661 1.0059956 0.037002243 1 1 1
v -1.4141094 1.0059956 0.01978284 1 1 1
v -1.4250764 1.0059956 -0.005 1 1 1
v -1.4176735 1.0059956 -0.030665385 1 1 1
v -1.3705661 1.0059956 -0.047002243 1 1 1
v -1.3140243 1.0059956 -0.053288186 1 1 1
v -1.2559187 1.0059956 -0.048163963 1 1 1
v -1.2155343 1.0059956 -0.029387892 1 1 1
v -1.3140243 0 -0.005 1 1 1
v -1.3140243 1.39481 -0.005 1 1 1
vt 1 0
vt 1.1666667 0
vt 1.3333333 0
vt 1.5 0
vt 1.6666667 0
vt 1.8333333 0
vt 2 0
vt 0.16666667 0
vt 0.33333333 0
vt 0.5 0
vt 0.66666667 0
vt 0.83333333 0
vt 1 0.36975398
vt 1.1666667 0.36975398
vt 1.3333333 0.36975398
vt 1.5 0.36975398
vt 1.6666667 0.36975398
vt 1.8333333 0.36975398
vt 2 0.36975398
vt 0.16666667 0.36975398
vt 0.33333333 0.36975398
vt 0.5 0.36975398
vt 0.66666667 0.36975398
vt 0.83333333 0.36975398
vt 1 0.73950796
vt 1.1666667 0.73950796
vt 1.3333333 0.73950796
vt 1.5 0.73950796
vt 1.6666667 0.73950796
vt 1.8333333 0.73950796
vt 2 0.73950796
vt 0.16666667 0.73950796
vt 0.33333333 0.73950796
vt 0.5 0.73950796
vt 0.66666667 0.73950796
vt 0.83333333 0.73950796
vt 1 1.1092619
vt 1.1666667 1.1092619
vt 1.3333333 1.1092619
vt 1.5 1.1092619
vt 1.6666667 1.1092619
vt 1.8333333 1.1092619
vt 2 1.1092619
vt 0.16666667 1.1092619
vt 0.33333333 1.1092619
vt 0.5 1.1092619
vt 0.66666667 1.1092619
vt 0.83333333 1.1092619
vt 1 1.4790159
vt 1.1666667 1.4790159
vt 1.3333333 1.4790159
vt 1.5 1.4790159
vt 1.6666667 1.4790159
vt 1.8333333 1.4790159
vt 2 1.4790159
vt 0.16666667 1.4790159
vt 0.33333333 1.4790159
vt 0.5 1.4790159
vt 0.66666667 1.4790159
vt 0.83333333 1.4790159
vt 1 1.8487699
vt 1.1666667 1.8487699
vt 1.3333333 1.8487699
vt 1.5 1.8487699
vt 1.6666667 1.8487699
vt 1.8333333 1.8487699
vt 2 1.8487699
vt 0.16666667 1.8487699
vt 0.33333333 1.8487699
vt 0.5 1.8487699
vt 0.66666667 1.8487699
vt 0.83333333 1.8487699
vt 1 0
vt 1 2.563314
vn 0.90794296 -0.35643016 0.22044754
vn 0.50889115 -0.23246961 0.8288472
vn 0.18330146 -0.17255212 0.96779458
vn -0.042156581 -0.15939692 0.98631407
vn -0.25017154 -0.17900474 0.95151012
vn -0.70641666 -0.29658018 0.64266298
vn -0.9263723 -0.33987316 -0.16223623
vn -0.5037876 -0.23587746 -0.83099933
vn -0.20114929 -0.17305804 -0.96415241
vn 0.033418857 -0.16195281 -0.98623246
vn 0.3199527 -0.1946319 -0.92722634
vn 0.60309681 -0.2493585 -0.75769029
vn 0.99903432 -0.002668068 -0.043855644
vn 0.57410084 0.0012882266 0.81878359
vn 0.24258275 0.001301808 0.97012985
vn -0.0056036494 -0.00082114694 0.99998396
vn -0.2195727 -0.0012816121 0.9755953
vn -0.6201777 0.0013256719 0.78446023
vn -0.99913584 0.0027424173 -0.041473501
vn -0.62003858 -0.0013378632 -0.78457018
vn -0.23818948 -0.0013024656 -0.97121783
vn -0.0056353857 0.00081383423 -0.99998379
vn 0.26227059 0.001323259 -0.96499346
vn 0.57422158 -0.0012995488 -0.8186989
vn 0.99983479 -0.0011000548 -0.018143638
vn 0.56724065 0.0020969829 0.82354942
vn 0.24829672 0.00054112763 0.96868387
vn -0.0021064137 -0.0013396054 0.99999688
vn -0.22496569 -0.00053056702 0.97436654
vn -0.62779177 0.0021905705 0.77837824
vn -0.99985291 0.0011351591 -0.017113362
vn -0.62771561 -0.0021988261 -0.77843964
vn -0.23266097 -0.00053411892 -0.97255776
vn -0.0021113308 0.0013346675 -0.99999688
vn 0.25641425 0.00054478675 -0.96656683
vn 0.56730569 -0.0021046077 -0.8235046
vn 0.99989775 0.00086524238 0.014273825
vn 0.56687163 0.0021537866 0.82380332
vn 0.25554254 -0.00042827475 0.96679772
vn -0.001891688 -0.0013675515 0.99999728
vn -0.23183502 0.00041978671 0.97275503
vn -0.62820182 0.0022522593 0.77804717
vn -0.999909 -0.00089307069 0.013461079
vn -0.62826265 -0.0022456069 -0.77799807
vn -0.22578145 0.00041758911 -0.97417789
vn -0.0018882217 0.0013715298 -0.99999728
vn 0.24915781 -0.00042601059 -0.96846281
vn 0.56681973 -0.0021476446 -0.82383905
vn 0.99913894 0.0025180503 0.041412946
vn 0.57308484 0.0014332272 0.81949479
vn 0.26170749 -0.0012490007 0.96514643
vn -0.0050559909 -0.00089908134 0.99998681
vn -0.23766065 0.0012285761 0.97134747
vn -0.62129178 0.00147907 0.78357791
vn -0.99923011 -0.0025898988 0.03914681
vn -0.62143011 -0.0014663532 -0.78346823
vn -0.22008285 0.0012099949 -0.97548043
vn -0.0050291076 0.00090670568 -0.99998694
vn 0.2431261 -0.0012298823 -0.96999391
vn 0.5729651 -0.0014214277 -0.81957854
vn 0.98342739 0.16931691 -0.064825579
vn 0.59604004 0.10970498 0.7954251
vn 0.29222071 0.083796061 0.9526727
vn 0.0094047779 0.071599538 0.99738912
vn -0.22579066 0.078168733 0.97103462
vn -0.56571036 0.11200833 0.8169614
vn -0.98118024 0.15675147 0.11275781
vn -0.66090369 0.1258978 -0.73983515
vn -0.2305315 0.078199405 -0.96991756
vn -0.023991607 0.070404225 -0.99722999
vn 0.21324737 0.078196055 -0.97386392
vn 0.55259594 0.10731221 -0.82651184
vn 0 -1 0
vn 0 1 4.9068729e-17
f 1/1/1 14/14/14 2/2/2
f 1/1/1 13/13/13 14/14/14
f 2/2/2 15/15/15 3/3/3
f 2/2/2 14/14/14 15/15/15
f 3/3/3 16/16/16 4/4/4
f 3/3/3 15/15/15 16/16/16
f 4/4/4 17/17/17 5/5/5
f 4/4/4 16/16/16 17/17/17
f 5/5/5 18/18/18 6/6/6
f 5/5/5 17/17/17 18/18/18
f 6/6/6 19/19/19 7/7/7
f 6/6/6 18/18/18 19/19/19
f 7/7/7 20/20/20 8/8/8
f 7/7/7 19/19/19 20/20/20
f 8/8/8 21/21/21 9/9/9
f 8/8/8 20/20/20 21/21/21
f 9/9/9 22/22/22 10/10/10
f 9/9/9 21/21/21 22/22/22
f 10/10/10 23/23/23 11/11/11
f 10/10/10 22/22/22 23/23/23
f 11/11/11 24/24/24 12/12/12
f 11/11/11 23/23/23 24/24/24
f 12/12/12 13/13/13 1/1/1
f 12/12/12 24/24/24 13/13/13
f 13/13/13 26/26/26 14/14/14
f 13/13/13 25/25/25 26/26/26
f 14/14/14 27/27/27 15/15/15
f 14/14/14 26/26/26 27/27/27
f 15/15/15 28/28/28 16/16/16
f 15/15/15 27/27/27 28/28/28
f 16/16/16 29/29/29 17/17/17
f 16/16/16 28/28/28 29/29/29
f 17/17/17 30/30/30 18/18/18
f 17/17/17 29/29/29 30/30/30
f 18/18/18 31/31/31 19/19/19
f 18/18/18 30/30/30 31/31/31
f 19/19/19 32/32/32 20/20/20
f 19/19/19 31/31/31 32/32/32
f 20/20/20 33/33/33 21/21/21
f 20/20/20 32/32/32 33/33/33
f 21/21/21 34/34/34 22/22/22
f 21/21/21 33/33/33 34/34/34
f 22/22/22 35/35/35 23/23/23
f 22/22/22 34/34/34 35/35/35
f 23/23/23 36/36/36 24/24/24
f 23/23/23 35/35/35 36/36/36
f 24/24/24 25/25/25 13/13/13
f 24/24/24 36/36/36 25/25/25
f 25/25/25 38/38/38 26/26/26
f 25/25/25 37/37/37 38/38/38
f 26/26/26 39/39/39 27/27/27
f 26/26/26 38/38/38 39/39/39
f 27/27/27 40/40/40 28/28/28
f 27/27/27 39/39/39 40/40/40
f 28/28/28 41/41/41 29/29/29
f 28/28/28 40/40/40 41/41/41
f 29/29/29 42/42/42 30/30/30
f 29/29/29 41/41/41 42/42/42
f 30/30/30 43/43/43 31/31/31
f 30/30/30 42/42/42 43/43/43
f 31/31/31 44/44/44 32/32/32
f 31/31/31 43/43/43 44/44/44
f 32/32/32 45/45/45 33/33/33
f 32/32/32 44/44/44 45/45/45
f 33/33/33 46/46/46 34/34/34
f 33/33/33 45/45/45 46/46/46
f 34/34/34 47/47/47 35/35/35
f 34/34/34 46/46/46 47/47/47
f 35/35/35 48/48/48 36/36/36
f 35/35/35 47/47/47 48/48/48
f 36/36/36 37/37/37 25/25/25
f 36/36/36 48/48/48 37/37/37
f 37/37/37 50/50/50 38/38/38
f 37/37/37 49/49/49 50/50/50
f 38/38/38 51/51/51 39/39/39
f 38/38/38 50/50/50 51/51/51
f 39/39/39 52/52/52 40/40/40
f 39/39/39 51/51/51 52/52/52
f 40/40/40 53/53/53 41/41/41
f 40/40/40 52/52/52 53/53/53
f 41/41/41 54/54/54 42/42/42
f 41/41/41 53/53/53 54/54/54
f 42/42/42 55/55/55 43/43/43
f 42/42/42 54/54/54 55/55/55
f 43/43/43 56/56/56 44/44/44
f 43/43/43 55/55/55 56/56/56
f 44/44/44 57/57/57 45/45/45
f 44/44/44 56/56/56 57/57/57
f 45/45/45 58/58/58 46/46/46
f 45/45/45 57/57/57 58/58/58
f 46/46/46 59/59/59 47/47/47
f 46/46/46 58/58/58 59/59/59
f 47/47/47 60/60/60 48/48/48
f 47/47/47 59/59/59 60/60/60
f 48/48/48 49/49/49 37/37/37
f 48/48/48 60/60/60 49/49/49
f 49/49/49 62/62/62 50/50/50
f 49/49/49 61/61/61 62/62/62
f 50/50/50 63/63/63 51/51/51
f 50/50/50 62/62/62 63/63/63
f 51/51/51 64/64/64 52/52/52
f 51/51/51 63/63/63 64/64/64
f 52/52/52 65/65/65 53/53/53
f 52/52/52 64/64/64 65/65/65
f 53/53/53 66/66/66 54/54/54
f 53/53/53 65/65/65 66/66/66
f 54/54/54 67/67/67 55/55/55
f 54/54/54 66/66/66 67/67/67
f 55/55/55 68/68/68 56/56/56
f 55/55/55 67/67/67 68/68/68
f 56/56/56 69/69/69 57/57/57
f 56/56/56 68/68/68 69/69/69
f 57/57/57 70/70/70 58/58/58
f 57/57/57 69/69/69 70/70/70
f 58/58/58 71/71/71 59/59/59
f 58/58/58 70/70/70 71/71/71
f 59/59/59 72/72/72 60/60/60
f 59/59/59 71/71/71 72/72/72
f 60/60/60 61/61/61 49/49/49
f 60/60/60 72/72/72 61/61/61
f 73/73/73 1/1/1 2/2/2
f 61/61/61 74/74/74 62/62/62
f 73/73/73 2/2/2 3/3/3
f 62/62/62 74/74/74 63/63/63
f 73/73/73 3/3/3 4/4/4
f 63/63/63 74/74/74 64/64/64
f 73/73/73 4/4/4 5/5/5
f 64/64/64 74/74/74 65/65/65
f 73/73/73 5/5/5 6/6/6
f 65/65/65 74/74/74 66/66/66
f 73/73/73 6/6/6 7/7/7
f 66/66/66 74/74/74 67/67/67
f 73/73/73 7/7/7 8/8/8
f 67/67/67 74/74/74 68/68/68
f 73/73/73 8/8/8 9/9/9
f 68/68/68 74/74/74 69/69/69
f 73/73/73 9/9/9 10/10/10
f 69/69/69 74/74/74 70/70/70
f 73/73/73 10/10/10 11/11/11
f 70/70/70 74/74/74 71/71/71
f 73/73/73 11/11/11 12/12/12
f 71/71/71 74/74/74 72/72/72
f 73/73/73 12/12/12 1/1/1
f 72/72/72 74/74/74 61/61/61
usemtl snow
v -1.1740628 1.0618832 -0.005 1 1 1
v -1.1928141 1.0492702 0.025013815 1 1 1
v -1.2440435 1.0119837 0.046985452 1 1 1
v -1.3140243 1.0973195 0.055027629 1 1 1
v -1.3840051 1.0008634 0.046985452 1 1 1
v -1.4352346 1.0603905 0.025013815 1 1 1
v -1.4539859 1.0618832 -0.005 1 1 1
v -1.4352346 1.013834 -0.035013815 1 1 1
v -1.3840051 1.0733611 -0.056985452 1 1 1
v -1.3140243 1.026447 -0.065027629 1 1 1
v -1.2440435 1.0622408 -0.056985452 1 1 1
v -1.1928141 1.0249543 -0.035013815 1 1 1
v -1.1828104 1.1298963 -0.005 1 1 1
v -1.2003897 1.1254818 0.023137951 1 1 1
v -1.2484173 1.1124315 0.043736361 1 1 1
v -1.3140243 1.142299 0.051275902 1 1 1
v -1.3796313 1.1085394 0.043736361 1 1 1
v -1.4276589 1.1293739 0.023137951 1 1 1
v -1.4452383 1.1298963 -0.005 1 1 1
v -1.4276589 1.1130791 -0.033137951 1 1 1
v -1.3796313 1.1339136 -0.053736361 1 1 1
v -1.3140243 1.1174937 -0.061275902 1 1 1
v -1.2484173 1.1300215 -0.053736361 1 1 1
v -1.2003897 1.1169712 -0.033137951 1 1 1
v -1.2140518 1.2225505 -0.005 1 1 1
v -1.2274456 1.2225505 0.016438439 1 1 1
v -1.2640381 1.2225505 0.032132466 1 1 1
v -1.3140243 1.2225505 0.037876878 1 1 1
v -1.3640106 1.2225505 0.032132466 1 1 1
v -1.4006031 1.2225505 0.016438439 1 1 1
v -1.4139968 1.2225505 -0.005 1 1 1
v -1.4006031 1.2225505 -0.026438439 1 1 1
v -1.3640106 1.2225505 -0.042132466 1 1 1
v -1.3140243 1.2225505 -0.047876878 1 1 1
v -1.2640381 1.2225505 -0.042132466 1 1 1
v -1.2274456 1.2225505 -0.026438439 1 1 1
v -1.2577898 1.3308279 -0.005 1 1 1
v -1.2653238 1.3308279 0.007059122 1 1 1
v -1.285907 1.3308279 0.015887012 1 1 1
v -1.3140243 1.3308279 0.019118244 1 1 1
v -1.3421416 1.3308279 0.015887012 1 1 1
v -1.3627249 1.3308279 0.007059122 1 1 1
v -1.3702589 1.3308279 -0.005 1 1 1
v -1.3627249 1.3308279 -0.017059122 1 1 1
v -1.3421416 1.3308279 -0.025887012 1 1 1
v -1.3140243 1.3308279 -0.029118244 1 1 1
v -1.285907 1.3308279 -0.025887012 1 1 1
v -1.2653238 1.3308279 -0.017059122 1 1 1
v -1.2990284 1.4194185 -0.005 1 1 1
v -1.3010375 1.4194185 -0.0017842341 1 1 1
v -1.3065264 1.4194185 0.00056986984 1 1 1
v -1.3140243 1.4194185 0.0014315317 1 1 1
v -1.3215223 1.4194185 0.00056986984 1 1 1
v -1.3270111 1.4194185 -0.0017842341 1 1 1
v -1.3290202 1.4194185 -0.005 1 1 1
v -1.3270111 1.4194185 -0.0082157659 1 1 1
v -1.3215223 1.4194185 -0.01056987 1 1 1
v -1.3140243 1.4194185 -0.011431532 1 1 1
v -1.3065264 1.4194185 -0.01056987 1 1 1
v -1.3010375 1.4194185 -0.0082157659 1 1 1
v -1.3140243 1.0355258 -0.005 1 1 1
v -1.3140243 1.4420583 -0.005 1 1 1
vt 0 0
vt 0 0
vt 0 0
vt 0 0
vt 0 0
vt 0 0
vt 0 0
vt 0 0
vt 0 0
vt 0 0
vt 0 0
vt 0 0
vt 0 0
vt 0 0
vt 0 0
vt 0 0
vt 0 0
vt 0 0
vt 0 0
vt 0 0
vt 0 0
vt 0 0
vt 0 0
vt 0 0
vt 0 0
vt 0 0
vt 0 0
vt 0 0
vt 0 0
vt 0 0
vt 0 0
vt 0 0
vt 0 0
vt 0 0
vt 0 0
vt 0 0
vt 0 0
vt 0 0
vt 0 0
vt 0 0
vt 0 0
vt 0 0
vt 0 0
vt 0 0
vt 0 0
vt 0 0
vt 0 0
vt 0 0
vt 0 0
vt 0 0
vt 0 0
vt 0 0
vt 0 0
vt 0 0
vt 0 0
vt 0 0
vt 0 0
vt 0 0
vt 0 0
vt 0 0
vt 0 0
vt 0 0
vn 0.65952705 -0.64509779 0.38584051
vn 0.65272814 -0.61433862 0.44332159
vn 0.024262926 -0.44325662 0.89606634
vn -0.012770381 -0.32951737 0.94406315
vn -0.10622516 -0.45702452 0.88308822
vn -0.74254596 -0.66583165 0.072757874
vn -0.69455719 -0.62898083 0.34924693
vn -0.38015 -0.57740147 -0.72256039
vn -0.1449868 -0.37335417 -0.91628898
vn -0.0087820117 -0.43100541 -0.90230661
vn 0.25699746 -0.41871535 -0.87099355
vn 0.50868852 -0.63239988 -0.58421432
vn 0.97183582 0.22389067 -0.073539826
vn 0.56372336 0.14871177 0.81246587
vn 0.24974896 0.096463634 0.96349376
vn 0.012546351 0.10988242 0.9938654
vn -0.2626561 0.097027779 0.95999864
vn -0.53681961 0.14383327 0.83134631
vn -0.97147176 0.22977704 -0.05869528
vn -0.5879344 0.1371983 -0.79718866
vn -0.2568474 0.11418574 -0.95968278
vn 0.0075468973 0.091076722 -0.99581528
vn 0.23031548 0.10822173 -0.96707954
vn 0.59654672 0.14353311 -0.78963932
vn 0.93575305 0.337712 -0.10157182
vn 0.59813071 0.24706883 0.76236254
vn 0.24599142 0.16371357 0.95534606
vn 0.028484014 0.15918109 0.98683841
vn -0.24236314 0.16522955 0.95601219
vn -0.53249449 0.22591475 0.81572798
vn -0.93647129 0.34513782 0.062461213
vn -0.58974169 0.23397233 -0.77295646
vn -0.26629466 0.17666758 -0.94756304
vn -0.0041528179 0.15008057 -0.98866505
vn 0.21367062 0.16779042 -0.9623883
vn 0.56728883 0.23192078 -0.7901874
vn 0.90913501 0.38566532 -0.15727616
vn 0.63420814 0.29789764 0.71346831
vn 0.27422592 0.20616512 0.93930617
vn 0.031292136 0.17891239 0.98336726
vn -0.19880735 0.19354516 0.96073717
vn -0.51428166 0.2631883 0.81623911
vn -0.90913501 0.38566532 0.15727616
vn -0.63420814 0.29789764 -0.71346831
vn -0.27422592 0.20616512 -0.93930617
vn -0.031292136 0.17891239 -0.98336726
vn 0.19880735 0.19354516 -0.96073717
vn 0.51428166 0.2631883 -0.81623911
vn 0.85375823 0.41114271 -0.31946606
vn 0.69838033 0.35541501 0.62124479
vn 0.31961277 0.24087528 0.91642063
vn 0.067254204 0.20181099 0.97711268
vn -0.1578592 0.2105719 0.96474864
vn -0.44853869 0.27488738 0.85044105
vn -0.85375823 0.41114271 0.31946606
vn -0.69838033 0.35541501 -0.62124479
vn -0.31961277 0.24087528 -0.91642063
vn -0.067254204 0.20181099 -0.97711268
vn 0.1578592 0.2105719 -0.96474864
vn 0.44853869 0.27488738 -0.85044105
vn -1.1971507e-16 -1 1.6455705e-17
vn -1.4169175e-17 1 -4.4796086e-17
f 75/75/75 88/88/88 76/76/76
f 75/75/75 87/87/87 88/88/88
f 76/76/76 89/89/89 77/77/77
f 76/76/76 88/88/88 89/89/89
f 77/77/77 90/90/90 78/78/78
f 77/77/77 89/89/89 90/90/90
f 78/78/78 91/91/91 79/79/79
f 78/78/78 90/90/90 91/91/91
f 79/79/79 92/92/92 80/80/80
f 79/79/79 91/91/91 92/92/92
f 80/80/80 93/93/93 81/81/81
f 80/80/80 92/92/92 93/93/93
f 81/81/81 94/94/94 82/82/82
f 81/81/81 93/93/93 94/94/94
f 82/82/82 95/95/95 83/83/83
f 82/82/82 94/94/94 95/95/95
f 83/83/83 96/96/96 84/84/84
f 83/83/83 95/95/95 96/96/96
f 84/84/84 97/97/97 85/85/85
f 84/84/84 96/96/96 97/97/97
f 85/85/85 98/98/98 86/86/86
f 85/85/85 97/97/97 98/98/98
f 86/86/86 87/87/87 75/75/75
f 86/86/86 98/98/98 87/87/87
f 87/87/87 100/100/100 88/88/88
f 87/87/87 99/99/99 100/100/100
f 88/88/88 101/101/101 89/89/89
f 88/88/88 100/100/100 101/101/101
f 89/89/89 102/102/102 90/90/90
f 89/89/89 101/101/101 102/102/102
f 90/90/90 103/103/103 91/91/91
f 90/90/90 102/102/102 103/103/103
f 91/91/91 104/104/104 92/92/92
f 91/91/91 103/103/103 104/104/104
f 92/92/92 105/105/105 93/93/93
f 92/92/92 104/104/104 105/105/105
f 93/93/93 106/106/106 94/94/94
f 93/93/93 105/105/105 106/106/106
f 94/94/94 107/107/107 95/95/95
f 94/94/94 106/106/106 107/107/107
f 95/95/95 108/108/108 96/96/96
f 95/95/95 107/107/107 108/108/108
f 96/96/96 109/109/109 97/97/97
f 96/96/96 108/108/108 109/109/109
f 97/97/97 110/110/110 98/98/98
f 97/97/97 109/109/109 110/110/110
f 98/98/98 99/99/99 87/87/87
f 98/98/98 110/110/110 99/99/99
f 99/99/99 112/112/112 100/100/100
f 99/99/99 111/111/111 112/112/112
f 100/100/100 113/113/113 101/101/101
f 100/100/100 112/112/112 113/113/113
f 101/101/101 114/114/114 102/102/102
f 101/101/101 113/113/113 114/114/114
f 102/102/102 115/115/115 103/103/103
f 102/102/102 114/114/114 115/115/115
f 103/103/103 116/116/116 104/104/104
f 103/103/103 115/115/115 116/116/116
f 104/104/104 117/117/117 105/105/105
f 104/104/104 116/116/116 117/117/117
f 105/105/105 118/118/118 106/106/106
f 105/105/105 117/117/117 118/118/118
f 106/106/106 119/119/119 107/107/107
f 106/106/106 118/118/118 119/119/119
f 107/107/107 120/120/120 108/108/108
f 107/107/107 119/119/119 120/120/120
f 108/108/108 121/121/121 109/109/109
f 108/108/108 120/120/120 121/121/121
f 109/109/109 122/122/122 110/110/110
f 109/109/109 121/121/121 122/122/122
f 110/110/110 111/111/111 99/99/99
f 110/110/110 122/122/122 111/111/111
f 111/111/111 124/124/124 112/112/112
f 111/111/111 123/123/123 124/124/124
f 112/112/112 125/125/125 113/113/113
f 112/112/112 124/124/124 125/125/125
f 113/113/113 126/126/126 114/114/114
f 113/113/113 125/125/125 126/126/126
f 114/114/114 127/127/127 115/115/115
f 114/114/114 126/126/126 127/127/127
f 115/115/115 128/128/128 116/116/116
f 115/115/115 127/127/127 128/128/128
f 116/116/116 129/129/129 117/117/117
f 116/116/116 128/128/128 129/129/129
f 117/117/117 130/130/130 118/118/118
f 117/117/117 129/129/129 130/130/130
f 118/118/118 131/131/131 119/119/119
f 118/118/118 130/130/130 131/131/131
f 119/119/119 132/132/132 120/120/120
f 119/119/119 131/131/131 132/132/132
f 120/120/120 133/133/133 121/121/121
f 120/120/120 132/132/132 133/133/133
f 121/121/121 134/134/134 122/122/122
f 121/121/121 133/133/133 134/134/134
f 122/122/122 123/123/123 111/111/111
f 122/122/122 134/134/134 123/123/123
f 135/135/135 75/75/75 76/76/76
f 123/123/123 136/136/136 124/124/124
f 135/135/135 76/76/76 77/77/77
f 124/124/124 136/136/136 125/125/125
f 135/135/135 77/77/77 78/78/78
f 125/125/125 136/136/136 126/126/126
f 135/135/135 78/78/78 79/79/79
f 126/126/126 136/136/136 127/127/127
f 135/135/135 79/79/79 80/80/80
f 127/127/127 136/136/136 128/128/128
f 135/135/135 80/80/80 81/81/81
f 128/128/128 136/136/136 129/129/129
f 135/135/135 81/81/81 82/82/82
f 129/129/129 136/136/136 130/130/130
f 135/135/135 82/82/82 83/83/83
f 130/130/130 136/136/136 131/131/131
f 135/135/135 83/83/83 84/84/84
f 131/131/131 136/136/136 132/132/132
f 135/135/135 84/84/84 85/85/85
f 132/132/132 136/136/136 133/133/133
f 135/135/135 85/85/85 86/86/86
f 133/133/133 136/136/136 134/134/134
f 135/135/135 86/86/86 75/75/75
f 134/134/134 136/136/136 123/123/123
usemtl rope
v -1.1809167 0.40161078 -0.005 0.84 0.76 0.61
v -1.1634282 0.38389266 -0.005 0.84 0.76 0.61
v -1.1809167 0.36617454 -0.005 0.84 0.76 0.61
v -1.1984053 0.38389266 -0.005 0.84 0.76 0.61
v -1.2047456 0.3939431 0.02542439 0.84 0.76 0.61
v -1.1862353 0.38192611 0.032592072 0.84 0.76 0.61
v -1.1927539 0.36065456 0.02542439 0.84 0.76 0.61
v -1.2112643 0.37267155 0.018256709 0.84 0.76 0.61
v -1.2534664 0.37592843 0.04769659 0.84 0.76 0.61
v -1.2414757 0.36150075 0.05799715 0.84 0.76 0.61
v -1.2414747 0.34263989 0.04769659 0.84 0.76 0.61
v -1.2534653 0.35706756 0.03739603 0.84 0.76 0.61
v -1.3200202 0.35131992 0.05584878 0.84 0.76 0.61
v -1.3140243 0.33467565 0.066912195 0.84 0.76 0.61
v -1.3080285 0.31803138 0.05584878 0.84 0.76 0.61
v -1.3140243 0.33467565 0.044785366 0.84 0.76 0.61
v -1.386574 0.32671142 0.04769659 0.84 0.76 0.61
v -1.3865729 0.30785055 0.05799715 0.84 0.76 0.61
v -1.3745822 0.29342288 0.04769659 0.84 0.76 0.61
v -1.3745833 0.31228375 0.03739603 0.84 0.76 0.61
v -1.4352947 0.30869674 0.02542439 0.84 0.76 0.61
v -1.4418134 0.28742519 0.032592072 0.84 0.76 0.61
v -1.423303 0.2754082 0.02542439 0.84 0.76 0.61
v -1.4167844 0.29667976 0.018256709 0.84 0.76 0.61
v -1.4471319 0.26774052 -0.005 0.84 0.76 0.61
v -1.4296433 0.28545864 -0.005 0.84 0.76 0.61
v -1.4471319 0.30317677 -0.005 0.84 0.76 0.61
v -1.4646205 0.28545864 -0.005 0.84 0.76 0.61
v -1.423303 0.2754082 -0.03542439 0.84 0.76 0.61
v -1.4167844 0.29667976 -0.028256709 0.84 0.76 0.61
v -1.4352947 0.30869674 -0.03542439 0.84 0.76 0.61
v -1.4418134 0.28742519 -0.042592072 0.84 0.76 0.61
v -1.3745822 0.29342288 -0.05769659 0.84 0.76 0.61
v -1.3745833 0.31228375 -0.04739603 0.84 0.76 0.61
v -1.386574 0.32671142 -0.05769659 0.84 0.76 0.61
v -1.3865729 0.30785055 -0.06799715 0.84 0.76 0.61
v -1.3080285 0.31803138 -0.06584878 0.84 0.76 0.61
v -1.3140243 0.33467565 -0.054785366 0.84 0.76 0.61
v -1.3200202 0.35131992 -0.06584878 0.84 0.76 0.61
v -1.3140243 0.33467565 -0.076912195 0.84 0.76 0.61
v -1.2414747 0.34263989 -0.05769659 0.84 0.76 0.61
v -1.2534653 0.35706756 -0.04739603 0.84 0.76 0.61
v -1.2534664 0.37592843 -0.05769659 0.84 0.76 0.61
v -1.2414757 0.36150075 -0.06799715 0.84 0.76 0.61
v -1.1927539 0.36065456 -0.03542439 0.84 0.76 0.61
v -1.2112643 0.37267155 -0.028256709 0.84 0.76 0.61
v -1.2047456 0.3939431 -0.03542439 0.84 0.76 0.61
v -1.1862353 0.38192611 -0.042592072 0.84 0.76 0.61
vt 0 0
vt 0 0
vt 0 0
vt 0 0
vt 0 0
vt 0 0
vt 0 0
vt 0 0
vt 0 0
vt 0 0
vt 0 0
vt 0 0
vt 0 0
vt 0 0
vt 0 0
vt 0 0
vt 0 0
vt 0 0
vt 0 0
vt 0 0
vt 0 0
vt 0 0
vt 0 0
vt 0 0
vt 0 0
vt 0 0
vt 0 0
vt 0 0
vt 0 0
vt 0 0
vt 0 0
vt 0 0
vt 0 0
vt 0 0
vt 0 0
vt 0 0
vt 0 0
vt 0 0
vt 0 0
vt 0 0
vt 0 0
vt 0 0
vt 0 0
vt 0 0
vt 0 0
vt 0 0
vt 0 0
vt 0 0
vn 0.39746048 0.89879626 -0.18490658
vn 0.9450059 -0.31757155 0.078180283
vn -0.32747994 -0.91220264 -0.24625845
vn -0.82532719 0.39691001 -0.40161856
vn -0.28289754 0.92605034 0.24979944
vn 0.59208208 0.14350027 0.79299841
vn 0.3624029 -0.92428675 -0.11982549
vn -0.59837997 -0.12610301 -0.79122654
vn -0.3821403 0.9148899 0.13017398
vn 0.23417908 0.067331786 0.96985906
vn 0.4135693 -0.91018866 -0.022738626
vn -0.22948152 -0.062953734 -0.97127497
vn -0.40304213 0.91392797 0.047882194
vn 3.2863307e-17 -1.6218783e-17 1
vn 0.40304213 -0.91392797 0.047882194
vn 1.8531158e-17 7.3164352e-17 -1
vn -0.4135693 0.91018866 -0.022738626
vn -0.23417908 -0.067331786 0.96985906
vn 0.3821403 -0.9148899 0.13017398
vn 0.22948152 0.062953734 -0.97127497
vn -0.20481117 0.81459331 -0.54266945
vn -0.62547486 0.080498925 0.77608062
vn -0.074969445 -0.96144244 0.26459029
vn 0.40329671 -0.14340533 -0.90376251
vn 0.41416083 -0.85526338 0.31144077
vn 0.72755995 0.43948365 0.52679279
vn -0.52772612 0.81316086 0.24550877
vn -0.87321543 -0.47714 -0.099157619
vn 0.20072051 -0.97357498 0.10891757
vn 0.51818385 0.18511055 0.83499676
vn -0.32419682 0.92998891 -0.17325431
vn -0.56737477 -0.20310494 -0.79801895
vn 0.27796524 -0.96032131 0.022766176
vn 0.21663271 0.097753874 0.97134672
vn -0.30494612 0.94341898 -0.13026315
vn -0.22308159 -0.097390822 -0.96992249
vn 0.2884165 -0.95630462 -0.047931221
vn 3.2429526e-16 -2.1949305e-16 1
vn -0.2884165 0.95630462 -0.047931221
vn -2.9576977e-16 2.7571931e-16 -1
vn 0.30494612 -0.94341898 -0.13026315
vn -0.21663271 -0.097753874 0.97134672
vn -0.27796524 0.96032131 0.022766176
vn 0.22308159 0.097390822 -0.96992249
vn 0.68008123 -0.65623855 -0.32686463
vn -0.25704287 -0.46139332 0.84914378
vn -0.50455064 0.70187736 0.50278904
vn 0.41225597 0.50051905 -0.76126585
f 137/137/137 142/142/142 138/138/138
f 137/137/137 141/141/141 142/142/142
f 138/138/138 143/143/143 139/139/139
f 138/138/138 142/142/142 143/143/143
f 139/139/139 144/144/144 140/140/140
f 139/139/139 143/143/143 144/144/144
f 140/140/140 141/141/141 137/137/137
f 140/140/140 144/144/144 141/141/141
f 141/141/141 146/146/146 142/142/142
f 141/141/141 145/145/145 146/146/146
f 142/142/142 147/147/147 143/143/143
f 142/142/142 146/146/146 147/147/147
f 143/143/143 148/148/148 144/144/144
f 143/143/143 147/147/147 148/148/148
f 144/144/144 145/145/145 141/141/141
f 144/144/144 148/148/148 145/145/145
f 145/145/145 150/150/150 146/146/146
f 145/145/145 149/149/149 150/150/150
f 146/146/146 151/151/151 147/147/147
f 146/146/146 150/150/150 151/151/151
f 147/147/147 152/152/152 148/148/148
f 147/147/147 151/151/151 152/152/152
f 148/148/148 149/149/149 145/145/145
f 148/148/148 152/152/152 149/149/149
f 149/149/149 154/154/154 150/150/150
f 149/149/149 153/153/153 154/154/154
f 150/150/150 155/155/155 151/151/151
f 150/150/150 154/154/154 155/155/155
f 151/151/151 156/156/156 152/152/152
f 151/151/151 155/155/155 156/156/156
f 152/152/152 153/153/153 149/149/149
f 152/152/152 156/156/156 153/153/153
f 153/153/153 158/158/158 154/154/154
f 153/153/153 157/157/157 158/158/158
f 154/154/154 159/159/159 155/155/155
f 154/154/154 158/158/158 159/159/159
f 155/155/155 160/160/160 156/156/156
f 155/155/155 159/159/159 160/160/160
f 156/156/156 157/157/157 153/153/153
f 156/156/156 160/160/160 157/157/157
f 157/157/157 162/162/162 158/158/158
f 157/157/157 161/161/161 162/162/162
f 158/158/158 163/163/163 159/159/159
f 158/158/158 162/162/162 163/163/163
f 159/159/159 164/164/164 160/160/160
f 159/159/159 163/163/163 164/164/164
f 160/160/160 161/161/161 157/157/157
f 160/160/160 164/164/164 161/161/161
f 161/161/161 166/166/166 162/162/162
f 161/161/161 165/165/165 166/166/166
f 162/162/162 167/167/167 163/163/163
f 162/162/162 166/166/166 167/167/167
f 163/163/163 168/168/168 164/164/164
f 163/163/163 167/167/167 168/168/168
f 164/164/164 165/165/165 161/161/161
f 164/164/164 168/168/168 165/165/165
f 165/165/165 170/170/170 166/166/166
f 165/165/165 169/169/169 170/170/170
f 166/166/166 171/171/171 167/167/167
f 166/166/166 170/170/170 171/171/171
f 167/167/167 172/172/172 168/168/168
f 167/167/167 171/171/171 172/172/172
f 168/168/168 169/169/169 165/165/165
f 168/168/168 172/172/172 169/169/169
f 169/169/169 174/174/174 170/170/170
f 169/169/169 173/173/173 174/174/174
f 170/170/170 175/175/175 171/171/171
f 170/170/170 174/174/174 175/175/175
f 171/171/171 176/176/176 172/172/172
f 171/171/171 175/175/175 176/176/176
f 172/172/172 173/173/173 169/169/169
f 172/172/172 176/176/176 173/173/173
f 173/173/173 178/178/178 174/174/174
f 173/173/173 177/177/177 178/178/178
f 174/174/174 179/179/179 175/175/175
f 174/174/174 178/178/178 179/179/179
f 175/175/175 180/180/180 176/176/176
f 175/175/175 179/179/179 180/180/180
f 176/176/176 177/177/177 173/173/173
f 176/176/176 180/180/180 177/177/177
f 177/177/177 182/182/182 178/178/178
f 177/177/177 181/181/181 182/182/182
f 178/178/178 183/183/183 179/179/179
f 178/178/178 182/182/182 183/183/183
f 179/179/179 184/184/184 180/180/180
f 179/179/179 183/183/183 184/184/184
f 180/180/180 181/181/181 177/177/177
f 180/180/180 184/184/184 181/181/181
f 181/181/181 138/138/138 182/182/182
f 181/181/181 137/137/137 138/138/138
f 182/182/182 139/139/139 183/183/183
f 182/182/182 138/138/138 139/139/139
f 183/183/183 140/140/140 184/184/184
f 183/183/183 139/139/139 140/140/140
f 184/184/184 137/137/137 181/181/181
f 184/184/184 140/140/140 137/137/137
usemtl rope
v -1.1750872 0.30317677 -0.005 0.84 0.76 0.61
v -1.1575986 0.28545864 -0.005 0.84 0.76 0.61
v -1.1750872 0.26774052 -0.005 0.84 0.76 0.61
v -1.1925758 0.28545864 -0.005 0.84 0.76 0.61
v -1.187929 0.30877769 0.027268293 0.84 0.76 0.61
v -1.1810168 0.28755914 0.03434912 0.84 0.76 0.61
v -1.1994735 0.27532725 0.027268293 0.84 0.76 0.61
v -1.2063857 0.29654581 0.020187465 0.84 0.76 0.61
v -1.2387835 0.32679237 0.050890322 0.84 0.76 0.61
v -1.2384224 0.30789446 0.061161835 0.84 0.76 0.61
v -1.250328 0.29334193 0.050890322 0.84 0.76 0.61
v -1.2506892 0.31223984 0.040618809 0.84 0.76 0.61
v -1.3082521 0.35140087 0.059536585 0.84 0.76 0.61
v -1.3140243 0.33467565 0.0706 0.84 0.76 0.61
v -1.3197965 0.31795043 0.059536585 0.84 0.76 0.61
v -1.3140243 0.33467565 0.048473171 0.84 0.76 0.61
v -1.3777206 0.37600938 0.050890322 0.84 0.76 0.61
v -1.3896263 0.36145685 0.061161835 0.84 0.76 0.61
v -1.3892651 0.34255894 0.050890322 0.84 0.76 0.61
v -1.3773595 0.35711147 0.040618809 0.84 0.76 0.61
v -1.4285752 0.39402405 0.027268293 0.84 0.76 0.61
v -1.4470318 0.38179217 0.03434912 0.84 0.76 0.61
v -1.4401196 0.36057361 0.027268293 0.84 0.76 0.61
v -1.4216629 0.3728055 0.020187465 0.84 0.76 0.61
v -1.4529614 0.36617454 -0.005 0.84 0.76 0.61
v -1.4354728 0.38389266 -0.005 0.84 0.76 0.61
v -1.4529614 0.40161078 -0.005 0.84 0.76 0.61
v -1.47045 0.38389266 -0.005 0.84 0.76 0.61
v -1.4401196 0.36057361 -0.037268293 0.84 0.76 0.61
v -1.4216629 0.3728055 -0.030187465 0.84 0.76 0.61
v -1.4285752 0.39402405 -0.037268293 0.84 0.76 0.61
v -1.4470318 0.38179217 -0.04434912 0.84 0.76 0.61
v -1.3892651 0.34255894 -0.060890322 0.84 0.76 0.61
v -1.3773595 0.35711147 -0.050618809 0.84 0.76 0.61
v -1.3777206 0.37600938 -0.060890322 0.84 0.76 0.61
v -1.3896263 0.36145685 -0.071161835 0.84 0.76 0.61
v -1.3197965 0.31795043 -0.069536585 0.84 0.76 0.61
v -1.3140243 0.33467565 -0.058473171 0.84 0.76 0.61
v -1.3082521 0.35140087 -0.069536585 0.84 0.76 0.61
v -1.3140243 0.33467565 -0.0806 0.84 0.76 0.61
v -1.250328 0.29334193 -0.060890322 0.84 0.76 0.61
v -1.2506892 0.31223984 -0.050618809 0.84 0.76 0.61
v -1.2387835 0.32679237 -0.060890322 0.84 0.76 0.61
v -1.2384224 0.30789446 -0.071161835 0.84 0.76 0.61
v -1.1994735 0.27532725 -0.037268293 0.84 0.76 0.61
v -1.2063857 0.29654581 -0.030187465 0.84 0.76 0.61
v -1.187929 0.30877769 -0.037268293 0.84 0.76 0.61
v -1.1810168 0.28755914 -0.04434912 0.84 0.76 0.61
vt 0 0
vt 0 0
vt 0 0
vt 0 0
vt 0 0
vt 0 0
vt 0 0
vt 0 0
vt 0 0
vt 0 0
vt 0 0
vt 0 0
vt 0 0
vt 0 0
vt 0 0
vt 0 0
vt 0 0
vt 0 0
vt 0 0
vt 0 0
vt 0 0
vt 0 0
vt 0 0
vt 0 0
vt 0 0
vt 0 0
vt 0 0
vt 0 0
vt 0 0
vt 0 0
vt 0 0
vt 0 0
vt 0 0
vt 0 0
vt 0 0
vt 0 0
vt 0 0
vt 0 0
vt 0 0
vt 0 0
vt 0 0
vt 0 0
vt 0 0
vt 0 0
vt 0 0
vt 0 0
vt 0 0
vt 0 0
vn 0.5252331 0.81831341 -0.2334381
vn 0.87394411 -0.47524949 0.10178217
vn -0.42091975 -0.85872615 -0.2922601
vn -0.73822287 0.44313063 -0.50858848
vn 0.30810603 0.93593939 0.17055246
vn 0.57676805 -0.19653973 0.79291282
vn -0.19188379 -0.97533173 -0.10912665
vn -0.53218023 0.1806393 -0.82713581
vn 0.29079397 0.94814022 0.12833154
vn 0.22894558 -0.095331018 0.96875999
vn -0.26401162 -0.96421446 -0.024255638
vn -0.2228976 0.095737205 -0.9701294
vn 0.27403705 0.96057071 0.046985105
vn 1.1481497e-16 1.5631387e-17 1
vn -0.27403705 -0.96057071 0.046985105
vn -1.4253941e-16 -1.7586602e-17 -1
vn 0.26401162 0.96421446 -0.024255638
vn -0.22894558 0.095331018 0.96875999
vn -0.29079397 -0.94814022 0.12833154
vn 0.2228976 -0.095737205 -0.9701294
vn 0.50316145 0.70667998 -0.49742534
vn -0.42120942 0.49879617 0.75748598
vn -0.67160878 -0.66579667 0.32504838
vn 0.27162073 -0.46237246 -0.84405799
vn 0.33450676 -0.91332379 0.23226037
vn 0.83004077 0.39702419 0.39166837
vn -0.39993205 0.89914395 0.17774847
vn -0.94247988 -0.32434643 -0.080815073
vn -0.35030205 -0.92887755 0.120312
vn 0.6065546 -0.1244794 0.78523652
vn 0.27428227 0.93049788 -0.24278164
vn -0.6002398 0.14007388 -0.78745888
vn -0.40174182 -0.91543245 0.024226943
vn 0.23475633 -0.062209934 0.97006154
vn 0.37086911 0.91978782 -0.1282438
vn -0.23923175 0.066247659 -0.96869986
vn -0.39168002 -0.91890349 -0.046937627
vn 2.1380911e-16 -4.3966506e-16 1
vn 0.39168002 0.91890349 -0.046937627
vn -1.9795685e-16 3.7515328e-16 -1
vn -0.37086911 -0.91978782 -0.1282438
vn -0.23475633 0.062209934 0.97006154
vn 0.40174182 0.91543245 0.024226943
vn 0.23923175 -0.066247659 -0.96869986
vn 0.086033017 -0.95974266 -0.26738051
vn -0.41472002 -0.14870358 0.8977163
vn 0.17882574 0.8247422 0.53649013
vn 0.62730791 0.091469185 -0.773381
f 185/185/185 190/190/190 186/186/186
f 185/185/185 189/189/189 190/190/190
f 186/186/186 191/191/191 187/187/187
f 186/186/186 190/190/190 191/191/191
f 187/187/187 192/192/192 188/188/188
f 187/187/187 191/191/191 192/192/192
f 188/188/188 189/189/189 185/185/185
f 188/188/188 192/192/192 189/189/189
f 189/189/189 194/194/194 190/190/190
f 189/189/189 193/193/193 194/194/194
f 190/190/190 195/195/195 191/191/191
f 190/190/190 194/194/194 195/195/195
f 191/191/191 196/196/196 192/192/192
f 191/191/191 195/195/195 196/196/196
f 192/192/192 193/193/193 189/189/189
f 192/192/192 196/196/196 193/193/193
f 193/193/193 198/198/198 194/194/194
f 193/193/193 197/197/197 198/198/198
f 194/194/194 199/199/199 195/195/195
f 194/194/194 198/198/198 199/199/199
f 195/195/195 200/200/200 196/196/196
f 195/195/195 199/199/199 200/200/200
f 196/196/196 197/197/197 193/193/193
f 196/196/196 200/200/200 197/197/197
f 197/197/197 202/202/202 198/198/198
f 197/197/197 201/201/201 202/202/202
f 198/198/198 203/203/203 199/199/199
f 198/198/198 202/202/202 203/203/203
f 199/199/199 204/204/204 200/200/200
f 199/199/199 203/203/203 204/204/204
f 200/200/200 201/201/201 197/197/197
f 200/200/200 204/204/204 201/201/201
f 201/201/201 206/206/206 202/202/202
f 201/201/201 205/205/205 206/206/206
f 202/202/202 207/207/207 203/203/203
f 202/202/202 206/206/206 207/207/207
f 203/203/203 208/208/208 204/204/204
f 203/203/203 207/207/207 208/208/208
f 204/204/204 205/205/205 201/201/201
f 204/204/204 208/208/208 205/205/205
f 205/205/205 210/210/210 206/206/206
f 205/205/205 209/209/209 210/210/210
f 206/206/206 211/211/211 207/207/207
f 206/206/206 210/210/210 211/211/211
f 207/207/207 212/212/212 208/208/208
f 207/207/207 211/211/211 212/212/212
f 208/208/208 209/209/209 205/205/205
f 208/208/208 212/212/212 209/209/209
f 209/209/209 214/214/214 210/210/210
f 209/209/209 213/213/213 214/214/214
f 210/210/210 215/215/215 211/211/211
f 210/210/210 214/214/214 215/215/215
f 211/211/211 216/216/216 212/212/212
f 211/211/211 215/215/215 216/216/216
f 212/212/212 213/213/213 209/209/209
f 212/212/212 216/216/216 213/213/213
f 213/213/213 218/218/218 214/214/214
f 213/213/213 217/217/217 218/218/218
f 214/214/214 219/219/219 215/215/215
f 214/214/214 218/218/218 219/219/219
f 215/215/215 220/220/220 216/216/216
f 215/215/215 219/219/219 220/220/220
f 216/216/216 217/217/217 213/213/213
f 216/216/216 220/220/220 217/217/217
f 217/217/217 222/222/222 218/218/218
f 217/217/217 221/221/221 222/222/222
f 218/218/218 223/223/223 219/219/219
f 218/218/218 222/222/222 223/223/223
f 219/219/219 224/224/224 220/220/220
f 219/219/219 223/223/223 224/224/224
f 220/220/220 221/221/221 217/217/217
f 220/220/220 224/224/224 221/221/221
f 221/221/221 226/226/226 222/222/222
f 221/221/221 225/225/225 226/226/226
f 222/222/222 227/227/227 223/223/223
f 222/222/222 226/226/226 227/227/227
f 223/223/223 228/228/228 224/224/224
f 223/223/223 227/227/227 228/228/228
f 224/224/224 225/225/225 221/221/221
f 224/224/224 228/228/228 225/225/225
f 225/225/225 230/230/230 226/226/226
f 225/225/225 229/229/229 230/230/230
f 226/226/226 231/231/231 227/227/227
f 226/226/226 230/230/230 231/231/231
f 227/227/227 232/232/232 228/228/228
f 227/227/227 231/231/231 232/232/232
f 228/228/228 229/229/229 225/225/225
f 228/228/228 232/232/232 229/229/229
f 229/229/229 186/186/186 230/230/230
f 229/229/229 185/185/185 186/186/186
f 230/230/230 187/187/187 231/231/231
f 230/230/230 186/186/186 187/187/187
f 231/231/231 188/188/188 232/232/232
f 231/231/231 187/187/187 188/188/188
f 232/232/232 185/185/185 229/229/229
f 232/232/232 188/188/188 185/185/185
usemtl rope
v -1.1809167 0.95284127 -0.005 0.84 0.76 0.61
v -1.1634282 0.93512315 -0.005 0.84 0.76 0.61
v -1.1809167 0.91740502 -0.005 0.84 0.76 0.61
v -1.1984053 0.93512315 -0.005 0.84 0.76 0.61
v -1.2047456 0.94517359 0.02542439 0.84 0.76 0.61
v -1.1862353 0.9331566 0.032592072 0.84 0.76 0.61
v -1.1927539 0.91188505 0.02542439 0.84 0.76 0.61
v -1.2112643 0.92390204 0.018256709 0.84 0.76 0.61
v -1.2534664 0.92715891 0.04769659 0.84 0.76 0.61
v -1.2414757 0.91273124 0.05799715 0.84 0.76 0.61
v -1.2414747 0.89387037 0.04769659 0.84 0.76 0.61
v -1.2534653 0.90829804 0.03739603 0.84 0.76 0.61
v -1.3200202 0.90255041 0.05584878 0.84 0.76 0.61
v -1.3140243 0.88590614 0.066912195 0.84 0.76 0.61
v -1.3080285 0.86926187 0.05584878 0.84 0.76 0.61
v -1.3140243 0.88590614 0.044785366 0.84 0.76 0.61
v -1.386574 0.8779419 0.04769659 0.84 0.76 0.61
v -1.3865729 0.85908104 0.05799715 0.84 0.76 0.61
v -1.3745822 0.84465337 0.04769659 0.84 0.76 0.61
v -1.3745833 0.86351423 0.03739603 0.84 0.76 0.61
v -1.4352947 0.85992723 0.02542439 0.84 0.76 0.61
v -1.4418134 0.83865568 0.032592072 0.84 0.76 0.61
v -1.423303 0.82663869 0.02542439 0.84 0.76 0.61
v -1.4167844 0.84791024 0.018256709 0.84 0.76 0.61
v -1.4471319 0.81897101 -0.005 0.84 0.76 0.61
v -1.4296433 0.83668913 -0.005 0.84 0.76 0.61
v -1.4471319 0.85440725 -0.005 0.84 0.76 0.61
v -1.4646205 0.83668913 -0.005 0.84 0.76 0.61
v -1.423303 0.82663869 -0.03542439 0.84 0.76 0.61
v -1.4167844 0.84791024 -0.028256709 0.84 0.76 0.61
v -1.4352947 0.85992723 -0.03542439 0.84 0.76 0.61
v -1.4418134 0.83865568 -0.042592072 0.84 0.76 0.61
v -1.3745822 0.84465337 -0.05769659 0.84 0.76 0.61
v -1.3745833 0.86351423 -0.04739603 0.84 0.76 0.61
v -1.386574 0.8779419 -0.05769659 0.84 0.76 0.61
v -1.3865729 0.85908104 -0.06799715 0.84 0.76 0.61
v -1.3080285 0.86926187 -0.06584878 0.84 0.76 0.61
v -1.3140243 0.88590614 -0.054785366 0.84 0.76 0.61
v -1.3200202 0.90255041 -0.06584878 0.84 0.76 0.61
v -1.3140243 0.88590614 -0.076912195 0.84 0.76 0.61
v -1.2414747 0.89387037 -0.05769659 0.84 0.76 0.61
v -1.2534653 0.90829804 -0.04739603 0.84 0.76 0.61
v -1.2534664 0.92715891 -0.05769659 0.84 0.76 0.61
v -1.2414757 0.91273124 -0.06799715 0.84 0.76 0.61
v -1.1927539 0.91188505 -0.03542439 0.84 0.76 0.61
v -1.2112643 0.92390204 -0.028256709 0.84 0.76 0.61
v -1.2047456 0.94517359 -0.03542439 0.84 0.76 0.61
v -1.1862353 0.9331566 -0.042592072 0.84 0.76 0.61
vt 0 0
vt 0 0
vt 0 0
vt 0 0
vt 0 0
vt 0 0
vt 0 0
vt 0 0
vt 0 0
vt 0 0
vt 0 0
vt 0 0
vt 0 0
vt 0 0
vt 0 0
vt 0 0
vt 0 0
vt 0 0
vt 0 0
vt 0 0
vt 0 0
vt 0 0
vt 0 0
vt 0 0
vt 0 0
vt 0 0
vt 0 0
vt 0 0
vt 0 0
vt 0 0
vt 0 0
vt 0 0
vt 0 0
vt 0 0
vt 0 0
vt 0 0
vt 0 0
vt 0 0
vt 0 0
vt 0 0
vt 0 0
vt 0 0
vt 0 0
vt 0 0
vt 0 0
vt 0 0
vt 0 0
vt 0 0
vn 0.39746048 0.89879626 -0.18490658
vn 0.9450059 -0.31757155 0.078180283
vn -0.32747994 -0.91220264 -0.24625845
vn -0.82532719 0.39691001 -0.40161856
vn -0.28289754 0.92605034 0.24979944
vn 0.59208208 0.14350027 0.79299841
vn 0.3624029 -0.92428675 -0.11982549
vn -0.59837997 -0.12610301 -0.79122654
vn -0.3821403 0.9148899 0.13017398
vn 0.23417908 0.067331786 0.96985906
vn 0.4135693 -0.91018866 -0.022738626
vn -0.22948152 -0.062953734 -0.97127497
vn -0.40304213 0.91392797 0.047882194
vn 1.0680575e-16 -1.6218783e-17 1
vn 0.40304213 -0.91392797 0.047882194
vn -5.5593473e-17 7.3164352e-17 -1
vn -0.4135693 0.91018866 -0.022738626
vn -0.23417908 -0.067331786 0.96985906
vn 0.3821403 -0.9148899 0.13017398
vn 0.22948152 0.062953734 -0.97127497
vn -0.20481117 0.81459331 -0.54266945
vn -0.62547486 0.080498925 0.77608062
vn -0.074969445 -0.96144244 0.26459029
vn 0.40329671 -0.14340533 -0.90376251
vn 0.41416083 -0.85526338 0.31144077
vn 0.72755995 0.43948365 0.52679279
vn -0.52772612 0.81316086 0.24550877
vn -0.87321543 -0.47714 -0.099157619
vn 0.20072051 -0.97357498 0.10891757
vn 0.51818385 0.18511055 0.83499676
vn -0.32419682 0.92998891 -0.17325431
vn -0.56737477 -0.20310494 -0.79801895
vn 0.27796524 -0.96032131 0.022766176
vn 0.21663271 0.097753874 0.97134672
vn -0.30494612 0.94341898 -0.13026315
vn -0.22308159 -0.097390822 -0.96992249
vn 0.2884165 -0.95630462 -0.047931221
vn 2.4090505e-16 -2.1949305e-16 1
vn -0.2884165 0.95630462 -0.047931221
vn -2.2182732e-16 2.7571931e-16 -1
vn 0.30494612 -0.94341898 -0.13026315
vn -0.21663271 -0.097753874 0.97134672
vn -0.27796524 0.96032131 0.022766176
vn 0.22308159 0.097390822 -0.96992249
vn 0.68008123 -0.65623855 -0.32686463
vn -0.25704287 -0.46139332 0.84914378
vn -0.50455064 0.70187736 0.50278904
vn 0.41225597 0.50051905 -0.76126585
f 233/233/233 238/238/238 234/234/234
f 233/233/233 237/237/237 238/238/238
f 234/234/234 239/239/239 235/235/235
f 234/234/234 238/238/238 239/239/239
f 235/235/235 240/240/240 236/236/236
f 235/235/235 239/239/239 240/240/240
f 236/236/236 237/237/237 233/233/233
f 236/236/236 240/240/240 237/237/237
f 237/237/237 242/242/242 238/238/238
f 237/237/237 241/241/241 242/242/242
f 238/238/238 243/243/243 239/239/239
f 238/238/238 242/242/242 243/243/243
f 239/239/239 244/244/244 240/240/240
f 239/239/239 243/243/243 244/244/244
f 240/240/240 241/241/241 237/237/237
f 240/240/240 244/244/244 241/241/241
f 241/241/241 246/246/246 242/242/242
f 241/241/241 245/245/245 246/246/246
f 242/242/242 247/247/247 243/243/243
f 242/242/242 246/246/246 247/247/247
f 243/243/243 248/248/248 244/244/244
f 243/243/243 247/247/247 248/248/248
f 244/244/244 245/245/245 241/241/241
f 244/244/244 248/248/248 245/245/245
f 245/245/245 250/250/250 246/246/246
f 245/245/245 249/249/249 250/250/250
f 246/246/246 251/251/251 247/247/247
f 246/246/246 250/250/250 251/251/251
f 247/247/247 252/252/252 248/248/248
f 247/247/247 251/251/251 252/252/252
f 248/248/248 249/249/249 245/245/245
f 248/248/248 252/252/252 249/249/249
f 249/249/249 254/254/254 250/250/250
f 249/249/249 253/253/253 254/254/254
f 250/250/250 255/255/255 251/251/251
f 250/250/250 254/254/254 255/255/255
f 251/251/251 256/256/256 252/252/252
f 251/251/251 255/255/255 256/256/256
f 252/252/252 253/253/253 249/249/249
f 252/252/252 256/256/256 253/253/253
f 253/253/253 258/258/258 254/254/254
f 253/253/253 257/257/257 258/258/258
f 254/254/254 259/259/259 255/255/255
f 254/254/254 258/258/258 259/259/259
f 255/255/255 260/260/260 256/256/256
f 255/255/255 259/259/259 260/260/260
f 256/256/256 257/257/257 253/253/253
f 256/256/256 260/260/260 257/257/257
f 257/257/257 262/262/262 258/258/258
f 257/257/257 261/261/261 262/262/262
f 258/258/258 263/263/263 259/259/259
f 258/258/258 262/262/262 263/263/263
f 259/259/259 264/264/264 260/260/260
f 259/259/259 263/263/263 264/264/264
f 260/260/260 261/261/261 257/257/257
f 260/260/260 264/264/264 261/261/261
f 261/261/261 266/266/266 262/262/262
f 261/261/261 265/265/265 266/266/266
f 262/262/262 267/267/267 263/263/263
f 262/262/262 266/266/266 267/267/267
f 263/263/263 268/268/268 264/264/264
f 263/263/263 267/267/267 268/268/268
f 264/264/264 265/265/265 261/261/261
f 264/264/264 268/268/268 265/265/265
f 265/265/265 270/270/270 266/266/266
f 265/265/265 269/269/269 270/270/270
f 266/266/266 271/271/271 267/267/267
f 266/266/266 270/270/270 271/271/271
f 267/267/267 272/272/272 268/268/268
f 267/267/267 271/271/271 272/272/272
f 268/268/268 269/269/269 265/265/265
f 268/268/268 272/272/272 269/269/269
f 269/269/269 274/274/274 270/270/270
f 269/269/269 273/273/273 274/274/274
f 270/270/270 275/275/275 271/271/271
f 270/270/270 274/274/274 275/275/275
f 271/271/271 276/276/276 272/272/272
f 271/271/271 275/275/275 276/276/276
f 272/272/272 273/273/273 269/269/269
f 272/272/272 276/276/276 273/273/273
f 273/273/273 278/278/278 274/274/274
f 273/273/273 277/277/277 278/278/278
f 274/274/274 279/279/279 275/275/275
f 274/274/274 278/278/278 279/279/279
f 275/275/275 280/280/280 276/276/276
f 275/275/275 279/279/279 280/280/280
f 276/276/276 277/277/277 273/273/273
f 276/276/276 280/280/280 277/277/277
f 277/277/277 234/234/234 278/278/278
f 277/277/277 233/233/233 234/234/234
f 278/278/278 235/235/235 279/279/279
f 278/278/278 234/234/234 235/235/235
f 279/279/279 236/236/236 280/280/280
f 279/279/279 235/235/235 236/236/236
f 280/280/280 233/233/233 277/277/277
f 280/280/280 236/236/236 233/233/233
usemtl rope
v -1.1750872 0.85440725 -0.005 0.84 0.76 0.61
v -1.1575986 0.83668913 -0.005 0.84 0.76 0.61
v -1.1750872 0.81897101 -0.005 0.84 0.76 0.61
v -1.1925758 0.83668913 -0.005 0.84 0.76 0.61
v -1.187929 0.86000818 0.027268293 0.84 0.76 0.61
v -1.1810168 0.83878963 0.03434912 0.84 0.76 0.61
v -1.1994735 0.82655774 0.027268293 0.84 0.76 0.61
v -1.2063857 0.84777629 0.020187465 0.84 0.76 0.61
v -1.2387835 0.87802286 0.050890322 0.84 0.76 0.61
v -1.2384224 0.85912494 0.061161835 0.84 0.76 0.61
v -1.250328 0.84457241 0.050890322 0.84 0.76 0.61
v -1.2506892 0.86347033 0.040618809 0.84 0.76 0.61
v -1.3082521 0.90263136 0.059536585 0.84 0.76 0.61
v -1.3140243 0.88590614 0.0706 0.84 0.76 0.61
v -1.3197965 0.86918092 0.059536585 0.84 0.76 0.61
v -1.3140243 0.88590614 0.048473171 0.84 0.76 0.61
v -1.3777206 0.92723986 0.050890322 0.84 0.76 0.61
v -1.3896263 0.91268733 0.061161835 0.84 0.76 0.61
v -1.3892651 0.89378942 0.050890322 0.84 0.76 0.61
v -1.3773595 0.90834195 0.040618809 0.84 0.76 0.61
v -1.4285752 0.94525454 0.027268293 0.84 0.76 0.61
v -1.4470318 0.93302265 0.03434912 0.84 0.76 0.61
v -1.4401196 0.9118041 0.027268293 0.84 0.76 0.61
v -1.4216629 0.92403598 0.020187465 0.84 0.76 0.61
v -1.4529614 0.91740502 -0.005 0.84 0.76 0.61
v -1.4354728 0.93512315 -0.005 0.84 0.76 0.61
v -1.4529614 0.95284127 -0.005 0.84 0.76 0.61
v -1.47045 0.93512315 -0.005 0.84 0.76 0.61
v -1.4401196 0.9118041 -0.037268293 0.84 0.76 0.61
v -1.4216629 0.92403598 -0.030187465 0.84 0.76 0.61
v -1.4285752 0.94525454 -0.037268293 0.84 0.76 0.61
v -1.4470318 0.93302265 -0.04434912 0.84 0.76 0.61
v -1.3892651 0.89378942 -0.060890322 0.84 0.76 0.61
v -1.3773595 0.90834195 -0.050618809 0.84 0.76 0.61
v -1.3777206 0.92723986 -0.060890322 0.84 0.76 0.61
v -1.3896263 0.91268733 -0.071161835 0.84 0.76 0.61
v -1.3197965 0.86918092 -0.069536585 0.84 0.76 0.61
v -1.3140243 0.88590614 -0.058473171 0.84 0.76 0.61
v -1.3082521 0.90263136 -0.069536585 0.84 0.76 0.61
v -1.3140243 0.88590614 -0.0806 0.84 0.76 0.61
v -1.250328 0.84457241 -0.060890322 0.84 0.76 0.61
v -1.2506892 0.86347033 -0.050618809 0.84 0.76 0.61
v -1.2387835 0.87802286 -0.060890322 0.84 0.76 0.61
v -1.2384224 0.85912494 -0.071161835 0.84 0.76 0.61
v -1.1994735 0.82655774 -0.037268293 0.84 0.76 0.61
v -1.2063857 0.84777629 -0.030187465 0.84 0.76 0.61
v -1.187929 0.86000818 -0.037268293 0.84 0.76 0.61
v -1.1810168 0.83878963 -0.04434912 0.84 0.76 0.61
vt 0 0
vt 0 0
vt 0 0
vt 0 0
vt 0 0
vt 0 0
vt 0 0
vt 0 0
vt 0 0
vt 0 0
vt 0 0
vt 0 0
vt 0 0
vt 0 0
vt 0 0
vt 0 0
vt 0 0
vt 0 0
vt 0 0
vt 0 0
vt 0 0
vt 0 0
vt 0 0
vt 0 0
vt 0 0
vt 0 0
vt 0 0
vt 0 0
vt 0 0
vt 0 0
vt 0 0
vt 0 0
vt 0 0
vt 0 0
vt 0 0
vt 0 0
vt 0 0
vt 0 0
vt 0 0
vt 0 0
vt 0 0
vt 0 0
vt 0 0
vt 0 0
vt 0 0
vt 0 0
vt 0 0
vt 0 0
vn 0.5252331 0.81831341 -0.2334381
vn 0.87394411 -0.47524949 0.10178217
vn -0.42091975 -0.85872615 -0.2922601
vn -0.73822287 0.44313063 -0.50858848
vn 0.30810603 0.93593939 0.17055246
vn 0.57676805 -0.19653973 0.79291282
vn -0.19188379 -0.97533173 -0.10912665
vn -0.53218023 0.1806393 -0.82713581
vn 0.29079397 0.94814022 0.12833154
vn 0.22894558 -0.095331018 0.96875999
vn -0.26401162 -0.96421446 -0.024255638
vn -0.2228976 0.095737205 -0.9701294
vn 0.27403705 0.96057071 0.046985105
vn 5.9387055e-17 1.5631387e-17 1
vn -0.27403705 -0.96057071 0.046985105
vn -3.5634852e-17 -1.7586602e-17 -1
vn 0.26401162 0.96421446 -0.024255638
vn -0.22894558 0.095331018 0.96875999
vn -0.29079397 -0.94814022 0.12833154
vn 0.2228976 -0.095737205 -0.9701294
vn 0.50316145 0.70667998 -0.49742534
vn -0.42120942 0.49879617 0.75748598
vn -0.67160878 -0.66579667 0.32504838
vn 0.27162073 -0.46237246 -0.84405799
vn 0.33450676 -0.91332379 0.23226037
vn 0.83004077 0.39702419 0.39166837
vn -0.39993205 0.89914395 0.17774847
vn -0.94247988 -0.32434643 -0.080815073
vn -0.35030205 -0.92887755 0.120312
vn 0.6065546 -0.1244794 0.78523652
vn 0.27428227 0.93049788 -0.24278164
vn -0.6002398 0.14007388 -0.78745888
vn -0.40174182 -0.91543245 0.024226943
vn 0.23475633 -0.062209934 0.97006154
vn 0.37086911 0.91978782 -0.1282438
vn -0.23923175 0.066247659 -0.96869986
vn -0.39168002 -0.91890349 -0.046937627
vn 2.761701e-16 -4.2207846e-16 1
vn 0.39168002 0.91890349 -0.046937627
vn -2.4546649e-16 3.9078466e-16 -1
vn -0.37086911 -0.91978782 -0.1282438
vn -0.23475633 0.062209934 0.97006154
vn 0.40174182 0.91543245 0.024226943
vn 0.23923175 -0.066247659 -0.96869986
vn 0.086033017 -0.95974266 -0.26738051
vn -0.41472002 -0.14870358 0.8977163
vn 0.17882574 0.8247422 0.53649013
vn 0.62730791 0.091469185 -0.773381
f 281/281/281 286/286/286 282/282/282
f 281/281/281 285/285/285 286/286/286
f 282/282/282 287/287/287 283/283/283
f 282/282/282 286/286/286 287/287/287
f 283/283/283 288/288/288 284/284/284
f 283/283/283 287/287/287 288/288/288
f 284/284/284 285/285/285 281/281/281
f 284/284/284 288/288/288 285/285/285
f 285/285/285 290/290/290 286/286/286
f 285/285/285 289/289/289 290/290/290
f 286/286/286 291/291/291 287/287/287
f 286/286/286 290/290/290 291/291/291
f 287/287/287 292/292/292 288/288/288
f 287/287/287 291/291/291 292/292/292
f 288/288/288 289/289/289 285/285/285
f 288/288/288 292/292/292 289/289/289
f 289/289/289 294/294/294 290/290/290
f 289/289/289 293/293/293 294/294/294
f 290/290/290 295/295/295 291/291/291
f 290/290/290 294/294/294 295/295/295
f 291/291/291 296/296/296 292/292/292
f 291/291/291 295/295/295 296/296/296
f 292/292/292 293/293/293 289/289/289
f 292/292/292 296/296/296 293/293/293
f 293/293/293 298/298/298 294/294/294
f 293/293/293 297/297/297 298/298/298
f 294/294/294 299/299/299 295/295/295
f 294/294/294 298/298/298 299/299/299
f 295/295/295 300/300/300 296/296/296
f 295/295/295 299/299/299 300/300/300
f 296/296/296 297/297/297 293/293/293
f 296/296/296 300/300/300 297/297/297
f 297/297/297 302/302/302 298/298/298
f 297/297/297 301/301/301 302/302/302
f 298/298/298 303/303/303 299/299/299
f 298/298/298 302/302/302 303/303/303
f 299/299/299 304/304/304 300/300/300
f 299/299/299 303/303/303 304/304/304
f 300/300/300 301/301/301 297/297/297
f 300/300/300 304/304/304 301/301/301
f 301/301/301 306/306/306 302/302/302
f 301/301/301 305/305/305 306/306/306
f 302/302/302 307/307/307 303/303/303
f 302/302/302 306/306/306 307/307/307
f 303/303/303 308/308/308 304/304/304
f 303/303/303 307/307/307 308/308/308
f 304/304/304 305/305/305 301/301/301
f 304/304/304 308/308/308 305/305/305
f 305/305/305 310/310/310 306/306/306
f 305/305/305 309/309/309 310/310/310
f 306/306/306 311/311/311 307/307/307
f 306/306/306 310/310/310 311/311/311
f 307/307/307 312/312/312 308/308/308
f 307/307/307 311/311/311 312/312/312
f 308/308/308 309/309/309 305/305/305
f 308/308/308 312/312/312 309/309/309
f 309/309/309 314/314/314 310/310/310
f 309/309/309 313/313/313 314/314/314
f 310/310/310 315/315/315 311/311/311
f 310/310/310 314/314/314 315/315/315
f 311/311/311 316/316/316 312/312/312
f 311/311/311 315/315/315 316/316/316
f 312/312/312 313/313/313 309/309/309
f 312/312/312 316/316/316 313/313/313
f 313/313/313 318/318/318 314/314/314
f 313/313/313 317/317/317 318/318/318
f 314/314/314 319/319/319 315/315/315
f 314/314/314 318/318/318 319/319/319
f 315/315/315 320/320/320 316/316/316
f 315/315/315 319/319/319 320/320/320
f 316/316/316 317/317/317 313/313/313
f 316/316/316 320/320/320 317/317/317
f 317/317/317 322/322/322 318/318/318
f 317/317/317 321/321/321 322/322/322
f 318/318/318 323/323/323 319/319/319
f 318/318/318 322/322/322 323/323/323
f 319/319/319 324/324/324 320/320/320
f 319/319/319 323/323/323 324/324/324
f 320/320/320 321/321/321 317/317/317
f 320/320/320 324/324/324 321/321/321
f 321/321/321 326/326/326 322/322/322
f 321/321/321 325/325/325 326/326/326
f 322/322/322 327/327/327 323/323/323
f 322/322/322 326/326/326 327/327/327
f 323/323/323 328/328/328 324/324/324
f 323/323/323 327/327/327 328/328/328
f 324/324/324 325/325/325 321/321/321
f 324/324/324 328/328/328 325/325/325
f 325/325/325 282/282/282 326/326/326
f 325/325/325 281/281/281 282/282/282
f 326/326/326 283/283/283 327/327/327
f 326/326/326 282/282/282 283/283/283
f 327/327/327 284/284/284 328/328/328
f 327/327/327 283/283/283 284/284/284
f 328/328/328 281/281/281 325/325/325
f 328/328/328 284/284/284 281/281/281
usemtl timber
v -0.9554411 0 -0.005 1 1 1
v -0.97688186 0 0.019323234 1 1 1
v -1.018274 0 0.03722139 1 1 1
v -1.0751108 0 0.044128453 1 1 1
v -1.1320412 0 0.037290923 1 1 1
v -1.1782685 0 0.020543669 1 1 1
v -1.1847359 0 -0.005 1 1 1
v -1.175457 0 -0.029847498 1 1 1
v -1.1329214 0 -0.047944815 1 1 1
v -1.0751108 0 -0.05421301 1 1 1
v -1.0173938 0 -0.047875283 1 1 1
v -0.97969334 0 -0.028627062 1 1 1
v -0.95511723 0.20578746 -0.005 1 1 1
v -0.9779482 0.20578746 0.01905919 1 1 1
v -1.018436 0.20578746 0.037101097 1 1 1
v -1.0751108 0.20578746 0.044656541 1 1 1
v -1.1322031 0.20578746 0.037411216 1 1 1
v -1.1772021 0.20578746 0.020279625 1 1 1
v -1.184412 0.20578746 -0.005 1 1 1
v -1.1765233 0.20578746 -0.030111542 1 1 1
v -1.1330834 0.20578746 -0.048065109 1 1 1
v -1.0751108 0.20578746 -0.053684923 1 1 1
v -1.0175557 0.20578746 -0.047754989 1 1 1
v -0.978627 0.20578746 -0.028891106 1 1 1
v -0.95557761 0.41157492 -0.005 1 1 1
v -0.9789762 0.41157492 0.018804639 1 1 1
v -1.0182058 0.41157492 0.037272093 1 1 1
v -1.0751108 0.41157492 0.045165642 1 1 1
v -1.1319729 0.41157492 0.03724022 1 1 1
v -1.1761741 0.41157492 0.020025075 1 1 1
v -1.1848724 0.41157492 -0.005 1 1 1
v -1.1775513 0.41157492 -0.030366093 1 1 1
v -1.1328532 0.41157492 -0.047894112 1 1 1
v -1.0751108 0.41157492 -0.053175821 1 1 1
v -1.0173255 0.41157492 -0.047925986 1 1 1
v -0.977599 0.41157492 -0.029145657 1 1 1
v -0.956647 0.61736239 -0.005 1 1 1
v -0.97957457 0.61736239 0.018656472 1 1 1
v -1.0176711 0.61736239 0.037669293 1 1 1
v -1.0751108 0.61736239 0.045461977 1 1 1
v -1.1314382 0.61736239 0.03684302 1 1 1
v -1.1755757 0.61736239 0.019876908 1 1 1
v -1.1859418 0.61736239 -0.005 1 1 1
v -1.1781497 0.61736239 -0.03051426 1 1 1
v -1.1323185 0.61736239 -0.047496912 1 1 1
v -1.0751108 0.61736239 -0.052879487 1 1 1
v -1.0167908 0.61736239 -0.048323186 1 1 1
v -0.97700063 0.61736239 -0.029293824 1 1 1
v -0.95791835 0.82314985 -0.005 1 1 1
v -0.97951555 0.82314985 0.018671086 1 1 1
v -1.0170354 0.82314985 0.038141509 1 1 1
v -1.0751108 0.82314985 0.045432749 1 1 1
v -1.1308026 0.82314985 0.036370805 1 1 1
v -1.1756348 0.82314985 0.019891521 1 1 1
v -1.1872131 0.82314985 -0.005 1 1 1
v -1.1780907 0.82314985 -0.030499646 1 1 1
v -1.1316828 0.82314985 -0.047024697 1 1 1
v -1.0751108 0.82314985 -0.052908715 1 1 1
v -1.0161552 0.82314985 -0.048795401 1 1 1
v -0.97705965 0.82314985 -0.02927921 1 1 1
v -0.95890776 1.0289373 -0.005 1 1 1
v -0.97882161 1.0289373 0.018842918 1 1 1
v -1.0165407 1.0289373 0.038508999 1 1 1
v -1.0751108 1.0289373 0.045089084 1 1 1
v -1.1303079 1.0289373 0.036003314 1 1 1
v -1.1763287 1.0289373 0.020063354 1 1 1
v -1.1882025 1.0289373 -0.005 1 1 1
v -1.1773967 1.0289373 -0.030327814 1 1 1
v -1.1311881 1.0289373 -0.046657207 1 1 1
v -1.0751108 1.0289373 -0.053252379 1 1 1
v -1.0156605 1.0289373 -0.049162891 1 1 1
v -0.97775359 1.0289373 -0.029107378 1 1 1
v -1.0751108 0 -0.005 1 1 1
v -1.0751108 1.4177517 -0.005 1 1 1
vt 1 0.173
vt 1.1666667 0.173
vt 1.3333333 0.173
vt 1.5 0.173
vt 1.6666667 0.173
vt 1.8333333 0.173
vt 2 0.173
vt 0.16666667 0.173
vt 0.33333333 0.173
vt 0.5 0.173
vt 0.66666667 0.173
vt 0.83333333 0.173
vt 1 0.54491408
vt 1.1666667 0.54491408
vt 1.3333333 0.54491408
vt 1.5 0.54491408
vt 1.6666667 0.54491408
vt 1.8333333 0.54491408
vt 2 0.54491408
vt 0.16666667 0.54491408
vt 0.33333333 0.54491408
vt 0.5 0.54491408
vt 0.66666667 0.54491408
vt 0.83333333 0.54491408
vt 1 0.91682815
vt 1.1666667 0.91682815
vt 1.3333333 0.91682815
vt 1.5 0.91682815
vt 1.6666667 0.91682815
vt 1.8333333 0.91682815
vt 2 0.91682815
vt 0.16666667 0.91682815
vt 0.33333333 0.91682815
vt 0.5 0.91682815
vt 0.66666667 0.91682815
vt 0.83333333 0.91682815
vt 1 1.2887422
vt 1.1666667 1.2887422
vt 1.3333333 1.2887422
vt 1.5 1.2887422
vt 1.6666667 1.2887422
vt 1.8333333 1.2887422
vt 2 1.2887422
vt 0.16666667 1.2887422
vt 0.33333333 1.2887422
vt 0.5 1.2887422
vt 0.66666667 1.2887422
vt 0.83333333 1.2887422
vt 1 1.6606563
vt 1.1666667 1.6606563
vt 1.3333333 1.6606563
vt 1.5 1.6606563
vt 1.6666667 1.6606563
vt 1.8333333 1.6606563
vt 2 1.6606563
vt 0.16666667 1.6606563
vt 0.33333333 1.6606563
vt 0.5 1.6606563
vt 0.66666667 1.6606563
vt 0.83333333 1.6606563
vt 1 2.0325704
vt 1.1666667 2.0325704
vt 1.3333333 2.0325704
vt 1.5 2.0325704
vt 1.6666667 2.0325704
vt 1.8333333 2.0325704
vt 2 2.0325704
vt 0.16666667 2.0325704
vt 0.33333333 2.0325704
vt 0.5 2.0325704
vt 0.66666667 2.0325704
vt 0.83333333 2.0325704
vt 1 0.173
vt 1 2.735264
vn 0.90299456 -0.34868053 0.25104325
vn 0.4912459 -0.22207526 0.84223515
vn 0.20156501 -0.16863043 0.9648499
vn -0.041429312 -0.1587194 0.98645414
vn -0.26080363 -0.1771515 0.94899885
vn -0.71601039 -0.29049174 0.63477844
vn -0.93369732 -0.33271608 -0.13232282
vn -0.52336135 -0.23655497 -0.81861752
vn -0.1833972 -0.16950945 -0.96831401
vn 0.03421929 -0.15567208 -0.98721591
vn 0.30849642 -0.18827608 -0.93240661
vn 0.59697065 -0.24438235 -0.76413566
vn 0.999881 0.00018220115 -0.015425616
vn 0.56117069 0.0021940004 0.82769719
vn 0.25443307 -9.0403808e-05 0.96709038
vn -0.001166711 -0.0014026293 0.99999834
vn -0.23196016 8.8626443e-05 0.97272528
vn -0.62205341 0.002294764 0.78297145
vn -0.99989375 -0.00018811534 -0.01457569
vn -0.63427129 -0.0023285807 -0.77310705
vn -0.22662547 8.7733548e-05 -0.97398198
vn -0.0011484759 0.0014125322 -0.99999834
vn 0.2491303 -8.950477e-05 -0.96846997
vn 0.57252063 -0.002226374 -0.81988729
vn 0.99988328 0.0020445141 0.015140925
vn 0.5653687 0.0017168679 0.82483652
vn 0.26129652 -0.0010175577 0.96525804
vn -0.0033102265 -0.0010856494 0.99999393
vn -0.23847622 0.00099996498 0.97114782
vn -0.61739825 0.0017797885 0.78664874
vn -0.99989511 -0.0021055922 0.014329185
vn -0.62971248 -0.0017943107 -0.77682621
vn -0.22015523 0.00097884365 -0.97546436
vn -0.003245316 0.0011003869 -0.99999413
vn 0.24230876 -0.00099601691 -0.97019868
vn 0.57665183 -0.0017311315 -0.81698817
vn 0.99945537 0.0031365895 0.03284992
vn 0.57507268 0.00057634883 0.81810212
vn 0.26536101 -0.0015576097 0.96414787
vn -0.008293404 -0.00035933287 0.99996554
vn -0.24229029 0.001539391 0.97020258
vn -0.60677822 0.0005851261 0.79487097
vn -0.99950788 -0.0032116782 0.031203772
vn -0.61903985 -0.00058770191 -0.78535936
vn -0.21645482 0.0014971949 -0.97629149
vn -0.0081116376 0.00036558097 -0.99996703
vn 0.23836072 -0.0015144186 -0.97117551
vn 0.58642849 -0.00057897213 -0.8100008
vn 0.99951375 0.0030405075 0.031032549
vn 0.58672111 -0.00081438588 0.80978866
vn 0.26501768 -0.0014987281 0.96424239
vn -0.014210514 0.00050170619 0.9998989
vn -0.2419102 0.0014912858 0.9702975
vn -0.59433483 -0.00080641155 0.80421729
vn -0.99955688 -0.0030918129 0.029605442
vn -0.60644514 0.00081035053 -0.79512491
vn -0.21687222 0.0014515194 -0.97619892
vn -0.013902335 -0.00051024237 -0.99990323
vn 0.23874592 -0.0014579365 -0.97108098
vn 0.59822734 0.00081832904 -0.80132602
vn 0.9815014 0.16519271 -0.096780021
vn 0.61799144 0.11150773 0.77823685
vn 0.28797501 0.08308182 0.95402715
vn 0.00013234349 0.071585116 0.99743449
vn -0.22693419 0.075896876 0.97094827
vn -0.53369598 0.10737634 0.83883188
vn -0.98382838 0.15786395 0.084620916
vn -0.63796632 0.12153772 -0.76041275
vn -0.2345351 0.077319811 -0.96902783
vn -0.033519564 0.068987668 -0.99705423
vn 0.21151792 0.078844062 -0.97418878
vn 0.58315262 0.10948463 -0.80495101
vn 0 -1 0
vn 0 1 7.3603094e-17
f 329/329/329 342/342/342 330/330/330
f 329/329/329 341/341/341 342/342/342
f 330/330/330 343/343/343 331/331/331
f 330/330/330 342/342/342 343/343/343
f 331/331/331 344/344/344 332/332/332
f 331/331/331 343/343/343 344/344/344
f 332/332/332 345/345/345 333/333/333
f 332/332/332 344/344/344 345/345/345
f 333/333/333 346/346/346 334/334/334
f 333/333/333 345/345/345 346/346/346
f 334/334/334 347/347/347 335/335/335
f 334/334/334 346/346/346 347/347/347
f 335/335/335 348/348/348 336/336/336
f 335/335/335 347/347/347 348/348/348
f 336/336/336 349/349/349 337/337/337
f 336/336/336 348/348/348 349/349/349
f 337/337/337 350/350/350 338/338/338
f 337/337/337 349/349/349 350/350/350
f 338/338/338 351/351/351 339/339/339
f 338/338/338 350/350/350 351/351/351
f 339/339/339 352/352/352 340/340/340
f 339/339/339 351/351/351 352/352/352
f 340/340/340 341/341/341 329/329/329
f 340/340/340 352/352/352 341/341/341
f 341/341/341 354/354/354 342/342/342
f 341/341/341 353/353/353 354/354/354
f 342/342/342 355/355/355 343/343/343
f 342/342/342 354/354/354 355/355/355
f 343/343/343 356/356/356 344/344/344
f 343/343/343 355/355/355 356/356/356
f 344/344/344 357/357/357 345/345/345
f 344/344/344 356/356/356 357/357/357
f 345/345/345 358/358/358 346/346/346
f 345/345/345 357/357/357 358/358/358
f 346/346/346 359/359/359 347/347/347
f 346/346/346 358/358/358 359/359/359
f 347/347/347 360/360/360 348/348/348
f 347/347/347 359/359/359 360/360/360
f 348/348/348 361/361/361 349/349/349
f 348/348/348 360/360/360 361/361/361
f 349/349/349 362/362/362 350/350/350
f 349/349/349 361/361/361 362/362/362
f 350/350/350 363/363/363 351/351/351
f 350/350/350 362/362/362 363/363/363
f 351/351/351 364/364/364 352/352/352
f 351/351/351 363/363/363 364/364/364
f 352/352/352 353/353/353 341/341/341
f 352/352/352 364/364/364 353/353/353
f 353/353/353 366/366/366 354/354/354
f 353/353/353 365/365/365 366/366/366
f 354/354/354 367/367/367 355/355/355
f 354/354/354 366/366/366 367/367/367
f 355/355/355 368/368/368 356/356/356
f 355/355/355 367/367/367 368/368/368
f 356/356/356 369/369/369 357/357/357
f 356/356/356 368/368/368 369/369/369
f 357/357/357 370/370/370 358/358/358
f 357/357/357 369/369/369 370/370/370
f 358/358/358 371/371/371 359/359/359
f 358/358/358 370/370/370 371/371/371
f 359/359/359 372/372/372 360/360/360
f 359/359/359 371/371/371 372/372/372
f 360/360/360 373/373/373 361/361/361
f 360/360/360 372/372/372 373/373/373
f 361/361/361 374/374/374 362/362/362
f 361/361/361 373/373/373 374/374/374
f 362/362/362 375/375/375 363/363/363
f 362/362/362 374/374/374 375/375/375
f 363/363/363 376/376/376 364/364/364
f 363/363/363 375/375/375 376/376/376
f 364/364/364 365/365/365 353/353/353
f 364/364/364 376/376/376 365/365/365
f 365/365/365 378/378/378 366/366/366
f 365/365/365 377/377/377 378/378/378
f 366/366/366 379/379/379 367/367/367
f 366/366/366 378/378/378 379/379/379
f 367/367/367 380/380/380 368/368/368
f 367/367/367 379/379/379 380/380/380
f 368/368/368 381/381/381 369/369/369
f 368/368/368 380/380/380 381/381/381
f 369/369/369 382/382/382 370/370/370
f 369/369/369 381/381/381 382/382/382
f 370/370/370 383/383/383 371/371/371
f 370/370/370 382/382/382 383/383/383
f 371/371/371 384/384/384 372/372/372
f 371/371/371 383/383/383 384/384/384
f 372/372/372 385/385/385 373/373/373
f 372/372/372 384/384/384 385/385/385
f 373/373/373 386/386/386 374/374/374
f 373/373/373 385/385/385 386/386/386
f 374/374/374 387/387/387 375/375/375
f 374/374/374 386/386/386 387/387/387
f 375/375/375 388/388/388 376/376/376
f 375/375/375 387/387/387 388/388/388
f 376/376/376 377/377/377 365/365/365
f 376/376/376 388/388/388 377/377/377
f 377/377/377 390/390/390 378/378/378
f 377/377/377 389/389/389 390/390/390
f 378/378/378 391/391/391 379/379/379
f 378/378/378 390/390/390 391/391/391
f 379/379/379 392/392/392 380/380/380
f 379/379/379 391/391/391 392/392/392
f 380/380/380 393/393/393 381/381/381
f 380/380/380 392/392/392 393/393/393
f 381/381/381 394/394/394 382/382/382
f 381/381/381 393/393/393 394/394/394
f 382/382/382 395/395/395 383/383/383
f 382/382/382 394/394/394 395/395/395
f 383/383/383 396/396/396 384/384/384
f 383/383/383 395/395/395 396/396/396
f 384/384/384 397/397/397 385/385/385
f 384/384/384 396/396/396 397/397/397
f 385/385/385 398/398/398 386/386/386
f 385/385/385 397/397/397 398/398/398
f 386/386/386 399/399/399 387/387/387
f 386/386/386 398/398/398 399/399/399
f 387/387/387 400/400/400 388/388/388
f 387/387/387 399/399/399 400/400/400
f 388/388/388 389/389/389 377/377/377
f 388/388/388 400/400/400 389/389/389
f 401/401/401 329/329/329 330/330/330
f 389/389/389 402/402/402 390/390/390
f 401/401/401 330/330/330 331/331/331
f 390/390/390 402/402/402 391/391/391
f 401/401/401 331/331/331 332/332/332
f 391/391/391 402/402/402 392/392/392
f 401/401/401 332/332/332 333/333/333
f 392/392/392 402/402/402 393/393/393
f 401/401/401 333/333/333 334/334/334
f 393/393/393 402/402/402 394/394/394
f 401/401/401 334/334/334 335/335/335
f 394/394/394 402/402/402 395/395/395
f 401/401/401 335/335/335 336/336/336
f 395/395/395 402/402/402 396/396/396
f 401/401/401 336/336/336 337/337/337
f 396/396/396 402/402/402 397/397/397
f 401/401/401 337/337/337 338/338/338
f 397/397/397 402/402/402 398/398/398
f 401/401/401 338/338/338 339/339/339
f 398/398/398 402/402/402 399/399/399
f 401/401/401 339/339/339 340/340/340
f 399/399/399 402/402/402 400/400/400
f 401/401/401 340/340/340 329/329/329
f 400/400/400 402/402/402 389/389/389
usemtl snow
v -0.93514926 1.1008735 -0.005 1 1 1
v -0.95390056 1.0563922 0.025013815 1 1 1
v -1.00513 1.0462773 0.046985452 1 1 1
v -1.0751108 1.1164187 0.055027629 1 1 1
v -1.1450916 1.0191084 0.046985452 1 1 1
v -1.1963211 1.0953095 0.025013815 1 1 1
v -1.2150723 1.0687763 -0.005 1 1 1
v -1.1963211 1.0525954 -0.035013815 1 1 1
v -1.1450916 1.0849508 -0.056985452 1 1 1
v -1.0751108 1.0532311 -0.065027629 1 1 1
v -1.00513 1.0898791 -0.056985452 1 1 1
v -0.95390056 1.0359187 -0.035013815 1 1 1
v -0.94389686 1.158455 -0.005 1 1 1
v -0.9614762 1.1428866 0.023137951 1 1 1
v -1.0095038 1.1393464 0.043736361 1 1 1
v -1.0751108 1.1638959 0.051275902 1 1 1
v -1.1407178 1.1298373 0.043736361 1 1 1
v -1.1887454 1.1565076 0.023137951 1 1 1
v -1.2063247 1.147221 -0.005 1 1 1
v -1.1887454 1.1415577 -0.033137951 1 1 1
v -1.1407178 1.1528821 -0.053736361 1 1 1
v -1.0751108 1.1417802 -0.061275902 1 1 1
v -1.0095038 1.154607 -0.053736361 1 1 1
v -0.9614762 1.1357208 -0.033137951 1 1 1
v -0.97513828 1.2454921 -0.005 1 1 1
v -0.98853206 1.2454921 0.016438439 1 1 1
v -1.0251245 1.2454921 0.032132466 1 1 1
v -1.0751108 1.2454921 0.037876878 1 1 1
v -1.1250971 1.2454921 0.032132466 1 1 1
v -1.1616896 1.2454921 0.016438439 1 1 1
v -1.1750833 1.2454921 -0.005 1 1 1
v -1.1616896 1.2454921 -0.026438439 1 1 1
v -1.1250971 1.2454921 -0.042132466 1 1 1
v -1.0751108 1.2454921 -0.047876878 1 1 1
v -1.0251245 1.2454921 -0.042132466 1 1 1
v -0.98853206 1.2454921 -0.026438439 1 1 1
v -1.0188763 1.3537696 -0.005 1 1 1
v -1.0264103 1.3537696 0.007059122 1 1 1
v -1.0469935 1.3537696 0.015887012 1 1 1
v -1.0751108 1.3537696 0.019118244 1 1 1
v -1.1032281 1.3537696 0.015887012 1 1 1
v -1.1238114 1.3537696 0.007059122 1 1 1
v -1.1313454 1.3537696 -0.005 1 1 1
v -1.1238114 1.3537696 -0.017059122 1 1 1
v -1.1032281 1.3537696 -0.025887012 1 1 1
v -1.0751108 1.3537696 -0.029118244 1 1 1
v -1.0469935 1.3537696 -0.025887012 1 1 1
v -1.0264103 1.3537696 -0.017059122 1 1 1
v -1.0601149 1.4423602 -0.005 1 1 1
v -1.062124 1.4423602 -0.0017842341 1 1 1
v -1.0676129 1.4423602 0.00056986984 1 1 1
v -1.0751108 1.4423602 0.0014315317 1 1 1
v -1.0826087 1.4423602 0.00056986984 1 1 1
v -1.0880976 1.4423602 -0.0017842341 1 1 1
v -1.0901067 1.4423602 -0.005 1 1 1
v -1.0880976 1.4423602 -0.0082157659 1 1 1
v -1.0826087 1.4423602 -0.01056987 1 1 1
v -1.0751108 1.4423602 -0.011431532 1 1 1
v -1.0676129 1.4423602 -0.01056987 1 1 1
v -1.062124 1.4423602 -0.0082157659 1 1 1
v -1.0751108 1.0584675 -0.005 1 1 1
v -1.0751108 1.465 -0.005 1 1 1
vt 0 0
vt 0 0
vt 0 0
vt 0 0
vt 0 0
vt 0 0
vt 0 0
vt 0 0
vt 0 0
vt 0 0
vt 0 0
vt 0 0
vt 0 0
vt 0 0
vt 0 0
vt 0 0
vt 0 0
vt 0 0
vt 0 0
vt 0 0
vt 0 0
vt 0 0
vt 0 0
vt 0 0
vt 0 0
vt 0 0
vt 0 0
vt 0 0
vt 0 0
vt 0 0
vt 0 0
vt 0 0
vt 0 0
vt 0 0
vt 0 0
vt 0 0
vt 0 0
vt 0 0
vt 0 0
vt 0 0
vt 0 0
vt 0 0
vt 0 0
vt 0 0
vt 0 0
vt 0 0
vt 0 0
vt 0 0
vt 0 0
vt 0 0
vt 0 0
vt 0 0
vt 0 0
vt 0 0
vt 0 0
vt 0 0
vt 0 0
vt 0 0
vt 0 0
vt 0 0
vt 0 0
vt 0 0
vn 0.69195973 -0.62806441 0.35598713
vn 0.66878628 -0.65170116 0.35778557
vn -0.0025905316 -0.41238352 0.91100665
vn 0.025179406 -0.32929537 0.94389118
vn -0.15086942 -0.49537843 0.85547568
vn -0.73472414 -0.64427878 0.21233298
vn -0.6721616 -0.65583653 0.34362368
vn -0.37075853 -0.53373144 -0.7600453
vn -0.17846811 -0.39716458 -0.90022743
vn 0.040867953 -0.43089809 -0.90147471
vn 0.21217708 -0.39172366 -0.89528401
vn 0.53743835 -0.68972087 -0.4852269
vn 0.96793262 0.23317496 -0.093465982
vn 0.5541961 0.14171779 0.82023335
vn 0.25794187 0.099297061 0.96104427
vn 0.0051176359 0.1093775 0.99398711
vn -0.257839 0.09516638 0.96148968
vn -0.53586913 0.14879367 0.83108647
vn -0.97277711 0.22021187 -0.072190283
vn -0.59844535 0.14366921 -0.78817658
vn -0.24751117 0.110459 -0.96256794
vn 0.0014146815 0.091434722 -0.99581007
vn 0.23522317 0.11064893 -0.96562253
vn 0.59552103 0.13891414 -0.791238
vn 0.93131023 0.34113292 -0.12763067
vn 0.58710409 0.24148779 0.77265285
vn 0.25192216 0.16545459 0.95349882
vn 0.025366009 0.15942848 0.98688354
vn -0.24211704 0.16386792 0.95630886
vn -0.52664366 0.22738871 0.81910978
vn -0.93932499 0.3410598 0.03669859
vn -0.60048794 0.2392122 -0.76301492
vn -0.259837 0.17470542 -0.9497172
vn -0.0071196919 0.14987043 -0.98868001
vn 0.21368054 0.16921828 -0.96213606
vn 0.57280042 0.23031273 -0.78667384
vn 0.90913501 0.38566532 -0.15727616
vn 0.63420814 0.29789764 0.71346831
vn 0.27422592 0.20616512 0.93930617
vn 0.031292136 0.17891239 0.98336726
vn -0.19880735 0.19354516 0.96073717
vn -0.51428166 0.2631883 0.81623911
vn -0.90913501 0.38566532 0.15727616
vn -0.63420814 0.29789764 -0.71346831
vn -0.27422592 0.20616512 -0.93930617
vn -0.031292136 0.17891239 -0.98336726
vn 0.19880735 0.19354516 -0.96073717
vn 0.51428166 0.2631883 -0.81623911
vn 0.85375823 0.41114271 -0.31946606
vn 0.69838033 0.35541501 0.62124479
vn 0.31961277 0.24087528 0.91642063
vn 0.067254204 0.20181099 0.97711268
vn -0.1578592 0.2105719 0.96474864
vn -0.44853869 0.27488738 0.85044105
vn -0.85375823 0.41114271 0.31946606
vn -0.69838033 0.35541501 -0.62124479
vn -0.31961277 0.24087528 -0.91642063
vn -0.067254204 0.20181099 -0.97711268
vn 0.1578592 0.2105719 -0.96474864
vn 0.44853869 0.27488738 -0.85044105
vn 1.2492008e-16 -1 -1.9746846e-16
vn -1.4169175e-17 1 -4.4796086e-17
f 403/403/403 416/416/416 404/404/404
f 403/403/403 415/415/415 416/416/416
f 404/404/404 417/417/417 405/405/405
f 404/404/404 416/416/416 417/417/417
f 405/405/405 418/418/418 406/406/406
f 405/405/405 417/417/417 418/418/418
f 406/406/406 419/419/419 407/407/407
f 406/406/406 418/418/418 419/419/419
f 407/407/407 420/420/420 408/408/408
f 407/407/407 419/419/419 420/420/420
f 408/408/408 421/421/421 409/409/409
f 408/408/408 420/420/420 421/421/421
f 409/409/409 422/422/422 410/410/410
f 409/409/409 421/421/421 422/422/422
f 410/410/410 423/423/423 411/411/411
f 410/410/410 422/422/422 423/423/423
f 411/411/411 424/424/424 412/412/412
f 411/411/411 423/423/423 424/424/424
f 412/412/412 425/425/425 413/413/413
f 412/412/412 424/424/424 425/425/425
f 413/413/413 426/426/426 414/414/414
f 413/413/413 425/425/425 426/426/426
f 414/414/414 415/415/415 403/403/403
f 414/414/414 426/426/426 415/415/415
f 415/415/415 428/428/428 416/416/416
f 415/415/415 427/427/427 428/428/428
f 416/416/416 429/429/429 417/417/417
f 416/416/416 428/428/428 429/429/429
f 417/417/417 430/430/430 418/418/418
f 417/417/417 429/429/429 430/430/430
f 418/418/418 431/431/431 419/419/419
f 418/418/418 430/430/430 431/431/431
f 419/419/419 432/432/432 420/420/420
f 419/419/419 431/431/431 432/432/432
f 420/420/420 433/433/433 421/421/421
f 420/420/420 432/432/432 433/433/433
f 421/421/421 434/434/434 422/422/422
f 421/421/421 433/433/433 434/434/434
f 422/422/422 435/435/435 423/423/423
f 422/422/422 434/434/434 435/435/435
f 423/423/423 436/436/436 424/424/424
f 423/423/423 435/435/435 436/436/436
f 424/424/424 437/437/437 425/425/425
f 424/424/424 436/436/436 437/437/437
f 425/425/425 438/438/438 426/426/426
f 425/425/425 437/437/437 438/438/438
f 426/426/426 427/427/427 415/415/415
f 426/426/426 438/438/438 427/427/427
f 427/427/427 440/440/440 428/428/428
f 427/427/427 439/439/439 440/440/440
f 428/428/428 441/441/441 429/429/429
f 428/428/428 440/440/440 441/441/441
f 429/429/429 442/442/442 430/430/430
f 429/429/429 441/441/441 442/442/442
f 430/430/430 443/443/443 431/431/431
f 430/430/430 442/442/442 443/443/443
f 431/431/431 444/444/444 432/432/432
f 431/431/431 443/443/443 444/444/444
f 432/432/432 445/445/445 433/433/433
f 432/432/432 444/444/444 445/445/445
f 433/433/433 446/446/446 434/434/434
f 433/433/433 445/445/445 446/446/446
f 434/434/434 447/447/447 435/435/435
f 434/434/434 446/446/446 447/447/447
f 435/435/435 448/448/448 436/436/436
f 435/435/435 447/447/447 448/448/448
f 436/436/436 449/449/449 437/437/437
f 436/436/436 448/448/448 449/449/449
f 437/437/437 450/450/450 438/438/438
f 437/437/437 449/449/449 450/450/450
f 438/438/438 439/439/439 427/427/427
f 438/438/438 450/450/450 439/439/439
f 439/439/439 452/452/452 440/440/440
f 439/439/439 451/451/451 452/452/452
f 440/440/440 453/453/453 441/441/441
f 440/440/440 452/452/452 453/453/453
f 441/441/441 454/454/454 442/442/442
f 441/441/441 453/453/453 454/454/454
f 442/442/442 455/455/455 443/443/443
f 442/442/442 454/454/454 455/455/455
f 443/443/443 456/456/456 444/444/444
f 443/443/443 455/455/455 456/456/456
f 444/444/444 457/457/457 445/445/445
f 444/444/444 456/456/456 457/457/457
f 445/445/445 458/458/458 446/446/446
f 445/445/445 457/457/457 458/458/458
f 446/446/446 459/459/459 447/447/447
f 446/446/446 458/458/458 459/459/459
f 447/447/447 460/460/460 448/448/448
f 447/447/447 459/459/459 460/460/460
f 448/448/448 461/461/461 449/449/449
f 448/448/448 460/460/460 461/461/461
f 449/449/449 462/462/462 450/450/450
f 449/449/449 461/461/461 462/462/462
f 450/450/450 451/451/451 439/439/439
f 450/450/450 462/462/462 451/451/451
f 463/463/463 403/403/403 404/404/404
f 451/451/451 464/464/464 452/452/452
f 463/463/463 404/404/404 405/405/405
f 452/452/452 464/464/464 453/453/453
f 463/463/463 405/405/405 406/406/406
f 453/453/453 464/464/464 454/454/454
f 463/463/463 406/406/406 407/407/407
f 454/454/454 464/464/464 455/455/455
f 463/463/463 407/407/407 408/408/408
f 455/455/455 464/464/464 456/456/456
f 463/463/463 408/408/408 409/409/409
f 456/456/456 464/464/464 457/457/457
f 463/463/463 409/409/409 410/410/410
f 457/457/457 464/464/464 458/458/458
f 463/463/463 410/410/410 411/411/411
f 458/458/458 464/464/464 459/459/459
f 463/463/463 411/411/411 412/412/412
f 459/459/459 464/464/464 460/460/460
f 463/463/463 412/412/412 413/413/413
f 460/460/460 464/464/464 461/461/461
f 463/463/463 413/413/413 414/414/414
f 461/461/461 464/464/464 462/462/462
f 463/463/463 414/414/414 403/403/403
f 462/462/462 464/464/464 451/451/451
usemtl rope
v -0.94200324 0.40161078 -0.005 0.84 0.76 0.61
v -0.92451465 0.38389266 -0.005 0.84 0.76 0.61
v -0.94200324 0.36617454 -0.005 0.84 0.76 0.61
v -0.95949182 0.38389266 -0.005 0.84 0.76 0.61
v -0.96583212 0.3939431 0.02542439 0.84 0.76 0.61
v -0.94732177 0.38192611 0.032592072 0.84 0.76 0.61
v -0.95384041 0.36065456 0.02542439 0.84 0.76 0.61
v -0.97235077 0.37267155 0.018256709 0.84 0.76 0.61
v -1.0145529 0.37592843 0.04769659 0.84 0.76 0.61
v -1.0025622 0.36150075 0.05799715 0.84 0.76 0.61
v -1.0025612 0.34263989 0.04769659 0.84 0.76 0.61
v -1.0145518 0.35706756 0.03739603 0.84 0.76 0.61
v -1.0811067 0.35131992 0.05584878 0.84 0.76 0.61
v -1.0751108 0.33467565 0.066912195 0.84 0.76 0.61
v -1.0691149 0.31803138 0.05584878 0.84 0.76 0.61
v -1.0751108 0.33467565 0.044785366 0.84 0.76 0.61
v -1.1476604 0.32671142 0.04769659 0.84 0.76 0.61
v -1.1476594 0.30785055 0.05799715 0.84 0.76 0.61
v -1.1356687 0.29342288 0.04769659 0.84 0.76 0.61
v -1.1356698 0.31228375 0.03739603 0.84 0.76 0.61
v -1.1963812 0.30869674 0.02542439 0.84 0.76 0.61
v -1.2028998 0.28742519 0.032592072 0.84 0.76 0.61
v -1.1843895 0.2754082 0.02542439 0.84 0.76 0.61
v -1.1778708 0.29667976 0.018256709 0.84 0.76 0.61
v -1.2082184 0.26774052 -0.005 0.84 0.76 0.61
v -1.1907298 0.28545864 -0.005 0.84 0.76 0.61
v -1.2082184 0.30317677 -0.005 0.84 0.76 0.61
v -1.225707 0.28545864 -0.005 0.84 0.76 0.61
v -1.1843895 0.2754082 -0.03542439 0.84 0.76 0.61
v -1.1778708 0.29667976 -0.028256709 0.84 0.76 0.61
v -1.1963812 0.30869674 -0.03542439 0.84 0.76 0.61
v -1.2028998 0.28742519 -0.042592072 0.84 0.76 0.61
v -1.1356687 0.29342288 -0.05769659 0.84 0.76 0.61
v -1.1356698 0.31228375 -0.04739603 0.84 0.76 0.61
v -1.1476604 0.32671142 -0.05769659 0.84 0.76 0.61
v -1.1476594 0.30785055 -0.06799715 0.84 0.76 0.61
v -1.0691149 0.31803138 -0.06584878 0.84 0.76 0.61
v -1.0751108 0.33467565 -0.054785366 0.84 0.76 0.61
v -1.0811067 0.35131992 -0.06584878 0.84 0.76 0.61
v -1.0751108 0.33467565 -0.076912195 0.84 0.76 0.61
v -1.0025612 0.34263989 -0.05769659 0.84 0.76 0.61
v -1.0145518 0.35706756 -0.04739603 0.84 0.76 0.61
v -1.0145529 0.37592843 -0.05769659 0.84 0.76 0.61
v -1.0025622 0.36150075 -0.06799715 0.84 0.76 0.61
v -0.95384041 0.36065456 -0.03542439 0.84 0.76 0.61
v -0.97235077 0.37267155 -0.028256709 0.84 0.76 0.61
v -0.96583212 0.3939431 -0.03542439 0.84 0.76 0.61
v -0.94732177 0.38192611 -0.042592072 0.84 0.76 0.61
vt 0 0
vt 0 0
vt 0 0
vt 0 0
vt 0 0
vt 0 0
vt 0 0
vt 0 0
vt 0 0
vt 0 0
vt 0 0
vt 0 0
vt 0 0
vt 0 0
vt 0 0
vt 0 0
vt 0 0
vt 0 0
vt 0 0
vt 0 0
vt 0 0
vt 0 0
vt 0 0
vt 0 0
vt 0 0
vt 0 0
vt 0 0
vt 0 0
vt 0 0
vt 0 0
vt 0 0
vt 0 0
vt 0 0
vt 0 0
vt 0 0
vt 0 0
vt 0 0
vt 0 0
vt 0 0
vt 0 0
vt 0 0
vt 0 0
vt 0 0
vt 0 0
vt 0 0
vt 0 0
vt 0 0
vt 0 0
vn 0.39746048 0.89879626 -0.18490658
vn 0.9450059 -0.31757155 0.078180283
vn -0.32747994 -0.91220264 -0.24625845
vn -0.82532719 0.39691001 -0.40161856
vn -0.28289754 0.92605034 0.24979944
vn 0.59208208 0.14350027 0.79299841
vn 0.3624029 -0.92428675 -0.11982549
vn -0.59837997 -0.12610301 -0.79122654
vn -0.3821403 0.9148899 0.13017398
vn 0.23417908 0.067331786 0.96985906
vn 0.4135693 -0.91018866 -0.022738626
vn -0.22948152 -0.062953734 -0.97127497
vn -0.40304213 0.91392797 0.047882194
vn 3.2863307e-17 -1.6218783e-17 1
vn 0.40304213 -0.91392797 0.047882194
vn 1.8531158e-17 7.3164352e-17 -1
vn -0.4135693 0.91018866 -0.022738626
vn -0.23417908 -0.067331786 0.96985906
vn 0.3821403 -0.9148899 0.13017398
vn 0.22948152 0.062953734 -0.97127497
vn -0.20481117 0.81459331 -0.54266945
vn -0.62547486 0.080498925 0.77608062
vn -0.074969445 -0.96144244 0.26459029
vn 0.40329671 -0.14340533 -0.90376251
vn 0.41416083 -0.85526338 0.31144077
vn 0.72755995 0.43948365 0.52679279
vn -0.52772612 0.81316086 0.24550877
vn -0.87321543 -0.47714 -0.099157619
vn 0.20072051 -0.97357498 0.10891757
vn 0.51818385 0.18511055 0.83499676
vn -0.32419682 0.92998891 -0.17325431
vn -0.56737477 -0.20310494 -0.79801895
vn 0.27796524 -0.96032131 0.022766176
vn 0.21663271 0.097753874 0.97134672
vn -0.30494612 0.94341898 -0.13026315
vn -0.22308159 -0.097390822 -0.96992249
vn 0.2884165 -0.95630462 -0.047931221
vn 3.2429526e-16 0 1
vn -0.2884165 0.95630462 -0.047931221
vn -2.9576977e-16 -1.6218783e-17 -1
vn 0.30494612 -0.94341898 -0.13026315
vn -0.21663271 -0.097753874 0.97134672
vn -0.27796524 0.96032131 0.022766176
vn 0.22308159 0.097390822 -0.96992249
vn 0.68008123 -0.65623855 -0.32686463
vn -0.25704287 -0.46139332 0.84914378
vn -0.50455064 0.70187736 0.50278904
vn 0.41225597 0.50051905 -0.76126585
f 465/465/465 470/470/470 466/466/466
f 465/465/465 469/469/469 470/470/470
f 466/466/466 471/471/471 467/467/467
f 466/466/466 470/470/470 471/471/471
f 467/467/467 472/472/472 468/468/468
f 467/467/467 471/471/471 472/472/472
f 468/468/468 469/469/469 465/465/465
f 468/468/468 472/472/472 469/469/469
f 469/469/469 474/474/474 470/470/470
f 469/469/469 473/473/473 474/474/474
f 470/470/470 475/475/475 471/471/471
f 470/470/470 474/474/474 475/475/475
f 471/471/471 476/476/476 472/472/472
f 471/471/471 475/475/475 476/476/476
f 472/472/472 473/473/473 469/469/469
f 472/472/472 476/476/476 473/473/473
f 473/473/473 478/478/478 474/474/474
f 473/473/473 477/477/477 478/478/478
f 474/474/474 479/479/479 475/475/475
f 474/474/474 478/478/478 479/479/479
f 475/475/475 480/480/480 476/476/476
f 475/475/475 479/479/479 480/480/480
f 476/476/476 477/477/477 473/473/473
f 476/476/476 480/480/480 477/477/477
f 477/477/477 482/482/482 478/478/478
f 477/477/477 481/481/481 482/482/482
f 478/478/478 483/483/483 479/479/479
f 478/478/478 482/482/482 483/483/483
f 479/479/479 484/484/484 480/480/480
f 479/479/479 483/483/483 484/484/484
f 480/480/480 481/481/481 477/477/477
f 480/480/480 484/484/484 481/481/481
f 481/481/481 486/486/486 482/482/482
f 481/481/481 485/485/485 486/486/486
f 482/482/482 487/487/487 483/483/483
f 482/482/482 486/486/486 487/487/487
f 483/483/483 488/488/488 484/484/484
f 483/483/483 487/487/487 488/488/488
f 484/484/484 485/485/485 481/481/481
f 484/484/484 488/488/488 485/485/485
f 485/485/485 490/490/490 486/486/486
f 485/485/485 489/489/489 490/490/490
f 486/486/486 491/491/491 487/487/487
f 486/486/486 490/490/490 491/491/491
f 487/487/487 492/492/492 488/488/488
f 487/487/487 491/491/491 492/492/492
f 488/488/488 489/489/489 485/485/485
f 488/488/488 492/492/492 489/489/489
f 489/489/489 494/494/494 490/490/490
f 489/489/489 493/493/493 494/494/494
f 490/490/490 495/495/495 491/491/491
f 490/490/490 494/494/494 495/495/495
f 491/491/491 496/496/496 492/492/492
f 491/491/491 495/495/495 496/496/496
f 492/492/492 493/493/493 489/489/489
f 492/492/492 496/496/496 493/493/493
f 493/493/493 498/498/498 494/494/494
f 493/493/493 497/497/497 498/498/498
f 494/494/494 499/499/499 495/495/495
f 494/494/494 498/498/498 499/499/499
f 495/495/495 500/500/500 496/496/496
f 495/495/495 499/499/499 500/500/500
f 496/496/496 497/497/497 493/493/493
f 496/496/496 500/500/500 497/497/497
f 497/497/497 502/502/502 498/498/498
f 497/497/497 501/501/501 502/502/502
f 498/498/498 503/503/503 499/499/499
f 498/498/498 502/502/502 503/503/503
f 499/499/499 504/504/504 500/500/500
f 499/499/499 503/503/503 504/504/504
f 500/500/500 501/501/501 497/497/497
f 500/500/500 504/504/504 501/501/501
f 501/501/501 506/506/506 502/502/502
f 501/501/501 505/505/505 506/506/506
f 502/502/502 507/507/507 503/503/503
f 502/502/502 506/506/506 507/507/507
f 503/503/503 508/508/508 504/504/504
f 503/503/503 507/507/507 508/508/508
f 504/504/504 505/505/505 501/501/501
f 504/504/504 508/508/508 505/505/505
f 505/505/505 510/510/510 506/506/506
f 505/505/505 509/509/509 510/510/510
f 506/506/506 511/511/511 507/507/507
f 506/506/506 510/510/510 511/511/511
f 507/507/507 512/512/512 508/508/508
f 507/507/507 511/511/511 512/512/512
f 508/508/508 509/509/509 505/505/505
f 508/508/508 512/512/512 509/509/509
f 509/509/509 466/466/466 510/510/510
f 509/509/509 465/465/465 466/466/466
f 510/510/510 467/467/467 511/511/511
f 510/510/510 466/466/466 467/467/467
f 511/511/511 468/468/468 512/512/512
f 511/511/511 467/467/467 468/468/468
f 512/512/512 465/465/465 509/509/509
f 512/512/512 468/468/468 465/465/465
usemtl rope
v -0.93617371 0.30317677 -0.005 0.84 0.76 0.61
v -0.91868512 0.28545864 -0.005 0.84 0.76 0.61
v -0.93617371 0.26774052 -0.005 0.84 0.76 0.61
v -0.95366229 0.28545864 -0.005 0.84 0.76 0.61
v -0.94901553 0.30877769 0.027268293 0.84 0.76 0.61
v -0.9421033 0.28755914 0.03434912 0.84 0.76 0.61
v -0.96055997 0.27532725 0.027268293 0.84 0.76 0.61
v -0.9674722 0.29654581 0.020187465 0.84 0.76 0.61
v -0.99987004 0.32679237 0.050890322 0.84 0.76 0.61
v -0.99950886 0.30789446 0.061161835 0.84 0.76 0.61
v -1.0114145 0.29334193 0.050890322 0.84 0.76 0.61
v -1.0117757 0.31223984 0.040618809 0.84 0.76 0.61
v -1.0693386 0.35140087 0.059536585 0.84 0.76 0.61
v -1.0751108 0.33467565 0.0706 0.84 0.76 0.61
v -1.080883 0.31795043 0.059536585 0.84 0.76 0.61
v -1.0751108 0.33467565 0.048473171 0.84 0.76 0.61
v -1.1388071 0.37600938 0.050890322 0.84 0.76 0.61
v -1.1507127 0.36145685 0.061161835 0.84 0.76 0.61
v -1.1503516 0.34255894 0.050890322 0.84 0.76 0.61
v -1.138446 0.35711147 0.040618809 0.84 0.76 0.61
v -1.1896616 0.39402405 0.027268293 0.84 0.76 0.61
v -1.2081183 0.38179217 0.03434912 0.84 0.76 0.61
v -1.2012061 0.36057361 0.027268293 0.84 0.76 0.61
v -1.1827494 0.3728055 0.020187465 0.84 0.76 0.61
v -1.2140479 0.36617454 -0.005 0.84 0.76 0.61
v -1.1965593 0.38389266 -0.005 0.84 0.76 0.61
v -1.2140479 0.40161078 -0.005 0.84 0.76 0.61
v -1.2315365 0.38389266 -0.005 0.84 0.76 0.61
v -1.2012061 0.36057361 -0.037268293 0.84 0.76 0.61
v -1.1827494 0.3728055 -0.030187465 0.84 0.76 0.61
v -1.1896616 0.39402405 -0.037268293 0.84 0.76 0.61
v -1.2081183 0.38179217 -0.04434912 0.84 0.76 0.61
v -1.1503516 0.34255894 -0.060890322 0.84 0.76 0.61
v -1.138446 0.35711147 -0.050618809 0.84 0.76 0.61
v -1.1388071 0.37600938 -0.060890322 0.84 0.76 0.61
v -1.1507127 0.36145685 -0.071161835 0.84 0.76 0.61
v -1.080883 0.31795043 -0.069536585 0.84 0.76 0.61
v -1.0751108 0.33467565 -0.058473171 0.84 0.76 0.61
v -1.0693386 0.35140087 -0.069536585 0.84 0.76 0.61
v -1.0751108 0.33467565 -0.0806 0.84 0.76 0.61
v -1.0114145 0.29334193 -0.060890322 0.84 0.76 0.61
v -1.0117757 0.31223984 -0.050618809 0.84 0.76 0.61
v -0.99987004 0.32679237 -0.060890322 0.84 0.76 0.61
v -0.99950886 0.30789446 -0.071161835 0.84 0.76 0.61
v -0.96055997 0.27532725 -0.037268293 0.84 0.76 0.61
v -0.9674722 0.29654581 -0.030187465 0.84 0.76 0.61
v -0.94901553 0.30877769 -0.037268293 0.84 0.76 0.61
v -0.9421033 0.28755914 -0.04434912 0.84 0.76 0.61
vt 0 0
vt 0 0
vt 0 0
vt 0 0
vt 0 0
vt 0 0
vt 0 0
vt 0 0
vt 0 0
vt 0 0
vt 0 0
vt 0 0
vt 0 0
vt 0 0
vt 0 0
vt 0 0
vt 0 0
vt 0 0
vt 0 0
vt 0 0
vt 0 0
vt 0 0
vt 0 0
vt 0 0
vt 0 0
vt 0 0
vt 0 0
vt 0 0
vt 0 0
vt 0 0
vt 0 0
vt 0 0
vt 0 0
vt 0 0
vt 0 0
vt 0 0
vt 0 0
vt 0 0
vt 0 0
vt 0 0
vt 0 0
vt 0 0
vt 0 0
vt 0 0
vt 0 0
vt 0 0
vt 0 0
vt 0 0
vn 0.5252331 0.81831341 -0.2334381
vn 0.87394411 -0.47524949 0.10178217
vn -0.42091975 -0.85872615 -0.2922601
vn -0.73822287 0.44313063 -0.50858848
vn 0.30810603 0.93593939 0.17055246
vn 0.57676805 -0.19653973 0.79291282
vn -0.19188379 -0.97533173 -0.10912665
vn -0.53218023 0.1806393 -0.82713581
vn 0.29079397 0.94814022 0.12833154
vn 0.22894558 -0.095331018 0.96875999
vn -0.26401162 -0.96421446 -0.024255638
vn -0.2228976 0.095737205 -0.9701294
vn 0.27403705 0.96057071 0.046985105
vn 1.1481497e-16 2.5010219e-16 1
vn -0.27403705 -0.96057071 0.046985105
vn -1.5144812e-16 -2.6379904e-16 -1
vn 0.26401162 0.96421446 -0.024255638
vn -0.22894558 0.095331018 0.96875999
vn -0.29079397 -0.94814022 0.12833154
vn 0.2228976 -0.095737205 -0.9701294
vn 0.50316145 0.70667998 -0.49742534
vn -0.42120942 0.49879617 0.75748598
vn -0.67160878 -0.66579667 0.32504838
vn 0.27162073 -0.46237246 -0.84405799
vn 0.33450676 -0.91332379 0.23226037
vn 0.83004077 0.39702419 0.39166837
vn -0.39993205 0.89914395 0.17774847
vn -0.94247988 -0.32434643 -0.080815073
vn -0.35030205 -0.92887755 0.120312
vn 0.6065546 -0.1244794 0.78523652
vn 0.27428227 0.93049788 -0.24278164
vn -0.6002398 0.14007388 -0.78745888
vn -0.40174182 -0.91543245 0.024226943
vn 0.23475633 -0.062209934 0.97006154
vn 0.37086911 0.91978782 -0.1282438
vn -0.23923175 0.066247659 -0.96869986
vn -0.39168002 -0.91890349 -0.046937627
vn 2.1380911e-16 -4.3966506e-16 1
vn 0.39168002 0.91890349 -0.046937627
vn -1.9795685e-16 3.7515328e-16 -1
vn -0.37086911 -0.91978782 -0.1282438
vn -0.23475633 0.062209934 0.97006154
vn 0.40174182 0.91543245 0.024226943
vn 0.23923175 -0.066247659 -0.96869986
vn 0.086033017 -0.95974266 -0.26738051
vn -0.41472002 -0.14870358 0.8977163
vn 0.17882574 0.8247422 0.53649013
vn 0.62730791 0.091469185 -0.773381
f 513/513/513 518/518/518 514/514/514
f 513/513/513 517/517/517 518/518/518
f 514/514/514 519/519/519 515/515/515
f 514/514/514 518/518/518 519/519/519
f 515/515/515 520/520/520 516/516/516
f 515/515/515 519/519/519 520/520/520
f 516/516/516 517/517/517 513/513/513
f 516/516/516 520/520/520 517/517/517
f 517/517/517 522/522/522 518/518/518
f 517/517/517 521/521/521 522/522/522
f 518/518/518 523/523/523 519/519/519
f 518/518/518 522/522/522 523/523/523
f 519/519/519 524/524/524 520/520/520
f 519/519/519 523/523/523 524/524/524
f 520/520/520 521/521/521 517/517/517
f 520/520/520 524/524/524 521/521/521
f 521/521/521 526/526/526 522/522/522
f 521/521/521 525/525/525 526/526/526
f 522/522/522 527/527/527 523/523/523
f 522/522/522 526/526/526 527/527/527
f 523/523/523 528/528/528 524/524/524
f 523/523/523 527/527/527 528/528/528
f 524/524/524 525/525/525 521/521/521
f 524/524/524 528/528/528 525/525/525
f 525/525/525 530/530/530 526/526/526
f 525/525/525 529/529/529 530/530/530
f 526/526/526 531/531/531 527/527/527
f 526/526/526 530/530/530 531/531/531
f 527/527/527 532/532/532 528/528/528
f 527/527/527 531/531/531 532/532/532
f 528/528/528 529/529/529 525/525/525
f 528/528/528 532/532/532 529/529/529
f 529/529/529 534/534/534 530/530/530
f 529/529/529 533/533/533 534/534/534
f 530/530/530 535/535/535 531/531/531
f 530/530/530 534/534/534 535/535/535
f 531/531/531 536/536/536 532/532/532
f 531/531/531 535/535/535 536/536/536
f 532/532/532 533/533/533 529/529/529
f 532/532/532 536/536/536 533/533/533
f 533/533/533 538/538/538 534/534/534
f 533/533/533 537/537/537 538/538/538
f 534/534/534 539/539/539 535/535/535
f 534/534/534 538/538/538 539/539/539
f 535/535/535 540/540/540 536/536/536
f 535/535/535 539/539/539 540/540/540
f 536/536/536 537/537/537 533/533/533
f 536/536/536 540/540/540 537/537/537
f 537/537/537 542/542/542 538/538/538
f 537/537/537 541/541/541 542/542/542
f 538/538/538 543/543/543 539/539/539
f 538/538/538 542/542/542 543/543/543
f 539/539/539 544/544/544 540/540/540
f 539/539/539 543/543/543 544/544/544
f 540/540/540 541/541/541 537/537/537
f 540/540/540 544/544/544 541/541/541
f 541/541/541 546/546/546 542/542/542
f 541/541/541 545/545/545 546/546/546
f 542/542/542 547/547/547 543/543/543
f 542/542/542 546/546/546 547/547/547
f 543/543/543 548/548/548 544/544/544
f 543/543/543 547/547/547 548/548/548
f 544/544/544 545/545/545 541/541/541
f 544/544/544 548/548/548 545/545/545
f 545/545/545 550/550/550 546/546/546
f 545/545/545 549/549/549 550/550/550
f 546/546/546 551/551/551 547/547/547
f 546/546/546 550/550/550 551/551/551
f 547/547/547 552/552/552 548/548/548
f 547/547/547 551/551/551 552/552/552
f 548/548/548 549/549/549 545/545/545
f 548/548/548 552/552/552 549/549/549
f 549/549/549 554/554/554 550/550/550
f 549/549/549 553/553/553 554/554/554
f 550/550/550 555/555/555 551/551/551
f 550/550/550 554/554/554 555/555/555
f 551/551/551 556/556/556 552/552/552
f 551/551/551 555/555/555 556/556/556
f 552/552/552 553/553/553 549/549/549
f 552/552/552 556/556/556 553/553/553
f 553/553/553 558/558/558 554/554/554
f 553/553/553 557/557/557 558/558/558
f 554/554/554 559/559/559 555/555/555
f 554/554/554 558/558/558 559/559/559
f 555/555/555 560/560/560 556/556/556
f 555/555/555 559/559/559 560/560/560
f 556/556/556 557/557/557 553/553/553
f 556/556/556 560/560/560 557/557/557
f 557/557/557 514/514/514 558/558/558
f 557/557/557 513/513/513 514/514/514
f 558/558/558 515/515/515 559/559/559
f 558/558/558 514/514/514 515/515/515
f 559/559/559 516/516/516 560/560/560
f 559/559/559 515/515/515 516/516/516
f 560/560/560 513/513/513 557/557/557
f 560/560/560 516/516/516 513/513/513
usemtl rope
v -0.94200324 0.95284127 -0.005 0.84 0.76 0.61
v -0.92451465 0.93512315 -0.005 0.84 0.76 0.61
v -0.94200324 0.91740502 -0.005 0.84 0.76 0.61
v -0.95949182 0.93512315 -0.005 0.84 0.76 0.61
v -0.96583212 0.94517359 0.02542439 0.84 0.76 0.61
v -0.94732177 0.9331566 0.032592072 0.84 0.76 0.61
v -0.95384041 0.91188505 0.02542439 0.84 0.76 0.61
v -0.97235077 0.92390204 0.018256709 0.84 0.76 0.61
v -1.0145529 0.92715891 0.04769659 0.84 0.76 0.61
v -1.0025622 0.91273124 0.05799715 0.84 0.76 0.61
v -1.0025612 0.89387037 0.04769659 0.84 0.76 0.61
v -1.0145518 0.90829804 0.03739603 0.84 0.76 0.61
v -1.0811067 0.90255041 0.05584878 0.84 0.76 0.61
v -1.0751108 0.88590614 0.066912195 0.84 0.76 0.61
v -1.0691149 0.86926187 0.05584878 0.84 0.76 0.61
v -1.0751108 0.88590614 0.044785366 0.84 0.76 0.61
v -1.1476604 0.8779419 0.04769659 0.84 0.76 0.61
v -1.1476594 0.85908104 0.05799715 0.84 0.76 0.61
v -1.1356687 0.84465337 0.04769659 0.84 0.76 0.61
v -1.1356698 0.86351423 0.03739603 0.84 0.76 0.61
v -1.1963812 0.85992723 0.02542439 0.84 0.76 0.61
v -1.2028998 0.83865568 0.032592072 0.84 0.76 0.61
v -1.1843895 0.82663869 0.02542439 0.84 0.76 0.61
v -1.1778708 0.84791024 0.018256709 0.84 0.76 0.61
v -1.2082184 0.81897101 -0.005 0.84 0.76 0.61
v -1.1907298 0.83668913 -0.005 0.84 0.76 0.61
v -1.2082184 0.85440725 -0.005 0.84 0.76 0.61
v -1.225707 0.83668913 -0.005 0.84 0.76 0.61
v -1.1843895 0.82663869 -0.03542439 0.84 0.76 0.61
v -1.1778708 0.84791024 -0.028256709 0.84 0.76 0.61
v -1.1963812 0.85992723 -0.03542439 0.84 0.76 0.61
v -1.2028998 0.83865568 -0.042592072 0.84 0.76 0.61
v -1.1356687 0.84465337 -0.05769659 0.84 0.76 0.61
v -1.1356698 0.86351423 -0.04739603 0.84 0.76 0.61
v -1.1476604 0.8779419 -0.05769659 0.84 0.76 0.61
v -1.1476594 0.85908104 -0.06799715 0.84 0.76 0.61
v -1.0691149 0.86926187 -0.06584878 0.84 0.76 0.61
v -1.0751108 0.88590614 -0.054785366 0.84 0.76 0.61
v -1.0811067 0.90255041 -0.06584878 0.84 0.76 0.61
v -1.0751108 0.88590614 -0.076912195 0.84 0.76 0.61
v -1.0025612 0.89387037 -0.05769659 0.84 0.76 0.61
v -1.0145518 0.90829804 -0.04739603 0.84 0.76 0.61
v -1.0145529 0.92715891 -0.05769659 0.84 0.76 0.61
v -1.0025622 0.91273124 -0.06799715 0.84 0.76 0.61
v -0.95384041 0.91188505 -0.03542439 0.84 0.76 0.61
v -0.97235077 0.92390204 -0.028256709 0.84 0.76 0.61
v -0.96583212 0.94517359 -0.03542439 0.84 0.76 0.61
v -0.94732177 0.9331566 -0.042592072 0.84 0.76 0.61
vt 0 0
vt 0 0
vt 0 0
vt 0 0
vt 0 0
vt 0 0
vt 0 0
vt 0 0
vt 0 0
vt 0 0
vt 0 0
vt 0 0
vt 0 0
vt 0 0
vt 0 0
vt 0 0
vt 0 0
vt 0 0
vt 0 0
vt 0 0
vt 0 0
vt 0 0
vt 0 0
vt 0 0
vt 0 0
vt 0 0
vt 0 0
vt 0 0
vt 0 0
vt 0 0
vt 0 0
vt 0 0
vt 0 0
vt 0 0
vt 0 0
vt 0 0
vt 0 0
vt 0 0
vt 0 0
vt 0 0
vt 0 0
vt 0 0
vt 0 0
vt 0 0
vt 0 0
vt 0 0
vt 0 0
vt 0 0
vn 0.39746048 0.89879626 -0.18490658
vn 0.9450059 -0.31757155 0.078180283
vn -0.32747994 -0.91220264 -0.24625845
vn -0.82532719 0.39691001 -0.40161856
vn -0.28289754 0.92605034 0.24979944
vn 0.59208208 0.14350027 0.79299841
vn 0.3624029 -0.92428675 -0.11982549
vn -0.59837997 -0.12610301 -0.79122654
vn -0.3821403 0.9148899 0.13017398
vn 0.23417908 0.067331786 0.96985906
vn 0.4135693 -0.91018866 -0.022738626
vn -0.22948152 -0.062953734 -0.97127497
vn -0.40304213 0.91392797 0.047882194
vn 1.0680575e-16 -1.6218783e-17 1
vn 0.40304213 -0.91392797 0.047882194
vn -5.5593473e-17 7.3164352e-17 -1
vn -0.4135693 0.91018866 -0.022738626
vn -0.23417908 -0.067331786 0.96985906
vn 0.3821403 -0.9148899 0.13017398
vn 0.22948152 0.062953734 -0.97127497
vn -0.20481117 0.81459331 -0.54266945
vn -0.62547486 0.080498925 0.77608062
vn -0.074969445 -0.96144244 0.26459029
vn 0.40329671 -0.14340533 -0.90376251
vn 0.41416083 -0.85526338 0.31144077
vn 0.72755995 0.43948365 0.52679279
vn -0.52772612 0.81316086 0.24550877
vn -0.87321543 -0.47714 -0.099157619
vn 0.20072051 -0.97357498 0.10891757
vn 0.51818385 0.18511055 0.83499676
vn -0.32419682 0.92998891 -0.17325431
vn -0.56737477 -0.20310494 -0.79801895
vn 0.27796524 -0.96032131 0.022766176
vn 0.21663271 0.097753874 0.97134672
vn -0.30494612 0.94341898 -0.13026315
vn -0.22308159 -0.097390822 -0.96992249
vn 0.2884165 -0.95630462 -0.047931221
vn 2.4090505e-16 0 1
vn -0.2884165 0.95630462 -0.047931221
vn -2.2182732e-16 -1.6218783e-17 -1
vn 0.30494612 -0.94341898 -0.13026315
vn -0.21663271 -0.097753874 0.97134672
vn -0.27796524 0.96032131 0.022766176
vn 0.22308159 0.097390822 -0.96992249
vn 0.68008123 -0.65623855 -0.32686463
vn -0.25704287 -0.46139332 0.84914378
vn -0.50455064 0.70187736 0.50278904
vn 0.41225597 0.50051905 -0.76126585
f 561/561/561 566/566/566 562/562/562
f 561/561/561 565/565/565 566/566/566
f 562/562/562 567/567/567 563/563/563
f 562/562/562 566/566/566 567/567/567
f 563/563/563 568/568/568 564/564/564
f 563/563/563 567/567/567 568/568/568
f 564/564/564 565/565/565 561/561/561
f 564/564/564 568/568/568 565/565/565
f 565/565/565 570/570/570 566/566/566
f 565/565/565 569/569/569 570/570/570
f 566/566/566 571/571/571 567/567/567
f 566/566/566 570/570/570 571/571/571
f 567/567/567 572/572/572 568/568/568
f 567/567/567 571/571/571 572/572/572
f 568/568/568 569/569/569 565/565/565
f 568/568/568 572/572/572 569/569/569
f 569/569/569 574/574/574 570/570/570
f 569/569/569 573/573/573 574/574/574
f 570/570/570 575/575/575 571/571/571
f 570/570/570 574/574/574 575/575/575
f 571/571/571 576/576/576 572/572/572
f 571/571/571 575/575/575 576/576/576
f 572/572/572 573/573/573 569/569/569
f 572/572/572 576/576/576 573/573/573
f 573/573/573 578/578/578 574/574/574
f 573/573/573 577/577/577 578/578/578
f 574/574/574 579/579/579 575/575/575
f 574/574/574 578/578/578 579/579/579
f 575/575/575 580/580/580 576/576/576
f 575/575/575 579/579/579 580/580/580
f 576/576/576 577/577/577 573/573/573
f 576/576/576 580/580/580 577/577/577
f 577/577/577 582/582/582 578/578/578
f 577/577/577 581/581/581 582/582/582
f 578/578/578 583/583/583 579/579/579
f 578/578/578 582/582/582 583/583/583
f 579/579/579 584/584/584 580/580/580
f 579/579/579 583/583/583 584/584/584
f 580/580/580 581/581/581 577/577/577
f 580/580/580 584/584/584 581/581/581
f 581/581/581 586/586/586 582/582/582
f 581/581/581 585/585/585 586/586/586
f 582/582/582 587/587/587 583/583/583
f 582/582/582 586/586/586 587/587/587
f 583/583/583 588/588/588 584/584/584
f 583/583/583 587/587/587 588/588/588
f 584/584/584 585/585/585 581/581/581
f 584/584/584 588/588/588 585/585/585
f 585/585/585 590/590/590 586/586/586
f 585/585/585 589/589/589 590/590/590
f 586/586/586 591/591/591 587/587/587
f 586/586/586 590/590/590 591/591/591
f 587/587/587 592/592/592 588/588/588
f 587/587/587 591/591/591 592/592/592
f 588/588/588 589/589/589 585/585/585
f 588/588/588 592/592/592 589/589/589
f 589/589/589 594/594/594 590/590/590
f 589/589/589 593/593/593 594/594/594
f 590/590/590 595/595/595 591/591/591
f 590/590/590 594/594/594 595/595/595
f 591/591/591 596/596/596 592/592/592
f 591/591/591 595/595/595 596/596/596
f 592/592/592 593/593/593 589/589/589
f 592/592/592 596/596/596 593/593/593
f 593/593/593 598/598/598 594/594/594
f 593/593/593 597/597/597 598/598/598
f 594/594/594 599/599/599 595/595/595
f 594/594/594 598/598/598 599/599/599
f 595/595/595 600/600/600 596/596/596
f 595/595/595 599/599/599 600/600/600
f 596/596/596 597/597/597 593/593/593
f 596/596/596 600/600/600 597/597/597
f 597/597/597 602/602/602 598/598/598
f 597/597/597 601/601/601 602/602/602
f 598/598/598 603/603/603 599/599/599
f 598/598/598 602/602/602 603/603/603
f 599/599/599 604/604/604 600/600/600
f 599/599/599 603/603/603 604/604/604
f 600/600/600 601/601/601 597/597/597
f 600/600/600 604/604/604 601/601/601
f 601/601/601 606/606/606 602/602/602
f 601/601/601 605/605/605 606/606/606
f 602/602/602 607/607/607 603/603/603
f 602/602/602 606/606/606 607/607/607
f 603/603/603 608/608/608 604/604/604
f 603/603/603 607/607/607 608/608/608
f 604/604/604 605/605/605 601/601/601
f 604/604/604 608/608/608 605/605/605
f 605/605/605 562/562/562 606/606/606
f 605/605/605 561/561/561 562/562/562
f 606/606/606 563/563/563 607/607/607
f 606/606/606 562/562/562 563/563/563
f 607/607/607 564/564/564 608/608/608
f 607/607/607 563/563/563 564/564/564
f 608/608/608 561/561/561 605/605/605
f 608/608/608 564/564/564 561/561/561
usemtl rope
v -0.93617371 0.85440725 -0.005 0.84 0.76 0.61
v -0.91868512 0.83668913 -0.005 0.84 0.76 0.61
v -0.93617371 0.81897101 -0.005 0.84 0.76 0.61
v -0.95366229 0.83668913 -0.005 0.84 0.76 0.61
v -0.94901553 0.86000818 0.027268293 0.84 0.76 0.61
v -0.9421033 0.83878963 0.03434912 0.84 0.76 0.61
v -0.96055997 0.82655774 0.027268293 0.84 0.76 0.61
v -0.9674722 0.84777629 0.020187465 0.84 0.76 0.61
v -0.99987004 0.87802286 0.050890322 0.84 0.76 0.61
v -0.99950886 0.85912494 0.061161835 0.84 0.76 0.61
v -1.0114145 0.84457241 0.050890322 0.84 0.76 0.61
v -1.0117757 0.86347033 0.040618809 0.84 0.76 0.61
v -1.0693386 0.90263136 0.059536585 0.84 0.76 0.61
v -1.0751108 0.88590614 0.0706 0.84 0.76 0.61
v -1.080883 0.86918092 0.059536585 0.84 0.76 0.61
v -1.0751108 0.88590614 0.048473171 0.84 0.76 0.61
v -1.1388071 0.92723986 0.050890322 0.84 0.76 0.61
v -1.1507127 0.91268733 0.061161835 0.84 0.76 0.61
v -1.1503516 0.89378942 0.050890322 0.84 0.76 0.61
v -1.138446 0.90834195 0.040618809 0.84 0.76 0.61
v -1.1896616 0.94525454 0.027268293 0.84 0.76 0.61
v -1.2081183 0.93302265 0.03434912 0.84 0.76 0.61
v -1.2012061 0.9118041 0.027268293 0.84 0.76 0.61
v -1.1827494 0.92403598 0.020187465 0.84 0.76 0.61
v -1.2140479 0.91740502 -0.005 0.84 0.76 0.61
v -1.1965593 0.93512315 -0.005 0.84 0.76 0.61
v -1.2140479 0.95284127 -0.005 0.84 0.76 0.61
v -1.2315365 0.93512315 -0.005 0.84 0.76 0.61
v -1.2012061 0.9118041 -0.037268293 0.84 0.76 0.61
v -1.1827494 0.92403598 -0.030187465 0.84 0.76 0.61
v -1.1896616 0.94525454 -0.037268293 0.84 0.76 0.61
v -1.2081183 0.93302265 -0.04434912 0.84 0.76 0.61
v -1.1503516 0.89378942 -0.060890322 0.84 0.76 0.61
v -1.138446 0.90834195 -0.050618809 0.84 0.76 0.61
v -1.1388071 0.92723986 -0.060890322 0.84 0.76 0.61
v -1.1507127 0.91268733 -0.071161835 0.84 0.76 0.61
v -1.080883 0.86918092 -0.069536585 0.84 0.76 0.61
v -1.0751108 0.88590614 -0.058473171 0.84 0.76 0.61
v -1.0693386 0.90263136 -0.069536585 0.84 0.76 0.61
v -1.0751108 0.88590614 -0.0806 0.84 0.76 0.61
v -1.0114145 0.84457241 -0.060890322 0.84 0.76 0.61
v -1.0117757 0.86347033 -0.050618809 0.84 0.76 0.61
v -0.99987004 0.87802286 -0.060890322 0.84 0.76 0.61
v -0.99950886 0.85912494 -0.071161835 0.84 0.76 0.61
v -0.96055997 0.82655774 -0.037268293 0.84 0.76 0.61
v -0.9674722 0.84777629 -0.030187465 0.84 0.76 0.61
v -0.94901553 0.86000818 -0.037268293 0.84 0.76 0.61
v -0.9421033 0.83878963 -0.04434912 0.84 0.76 0.61
vt 0 0
vt 0 0
vt 0 0
vt 0 0
vt 0 0
vt 0 0
vt 0 0
vt 0 0
vt 0 0
vt 0 0
vt 0 0
vt 0 0
vt 0 0
vt 0 0
vt 0 0
vt 0 0
vt 0 0
vt 0 0
vt 0 0
vt 0 0
vt 0 0
vt 0 0
vt 0 0
vt 0 0
vt 0 0
vt 0 0
vt 0 0
vt 0 0
vt 0 0
vt 0 0
vt 0 0
vt 0 0
vt 0 0
vt 0 0
vt 0 0
vt 0 0
vt 0 0
vt 0 0
vt 0 0
vt 0 0
vt 0 0
vt 0 0
vt 0 0
vt 0 0
vt 0 0
vt 0 0
vt 0 0
vt 0 0
vn 0.5252331 0.81831341 -0.2334381
vn 0.87394411 -0.47524949 0.10178217
vn -0.42091975 -0.85872615 -0.2922601
vn -0.73822287 0.44313063 -0.50858848
vn 0.30810603 0.93593939 0.17055246
vn 0.57676805 -0.19653973 0.79291282
vn -0.19188379 -0.97533173 -0.10912665
vn -0.53218023 0.1806393 -0.82713581
vn 0.29079397 0.94814022 0.12833154
vn 0.22894558 -0.095331018 0.96875999
vn -0.26401162 -0.96421446 -0.024255638
vn -0.2228976 0.095737205 -0.9701294
vn 0.27403705 0.96057071 0.046985105
vn 5.9387055e-17 2.9699635e-16 1
vn -0.27403705 -0.96057071 0.046985105
vn -3.5634852e-17 -2.9897224e-16 -1
vn 0.26401162 0.96421446 -0.024255638
vn -0.22894558 0.095331018 0.96875999
vn -0.29079397 -0.94814022 0.12833154
vn 0.2228976 -0.095737205 -0.9701294
vn 0.50316145 0.70667998 -0.49742534
vn -0.42120942 0.49879617 0.75748598
vn -0.67160878 -0.66579667 0.32504838
vn 0.27162073 -0.46237246 -0.84405799
vn 0.33450676 -0.91332379 0.23226037
vn 0.83004077 0.39702419 0.39166837
vn -0.39993205 0.89914395 0.17774847
vn -0.94247988 -0.32434643 -0.080815073
vn -0.35030205 -0.92887755 0.120312
vn 0.6065546 -0.1244794 0.78523652
vn 0.27428227 0.93049788 -0.24278164
vn -0.6002398 0.14007388 -0.78745888
vn -0.40174182 -0.91543245 0.024226943
vn 0.23475633 -0.062209934 0.97006154
vn 0.37086911 0.91978782 -0.1282438
vn -0.23923175 0.066247659 -0.96869986
vn -0.39168002 -0.91890349 -0.046937627
vn 2.761701e-16 -4.2207846e-16 1
vn 0.39168002 0.91890349 -0.046937627
vn -2.4546649e-16 3.9078466e-16 -1
vn -0.37086911 -0.91978782 -0.1282438
vn -0.23475633 0.062209934 0.97006154
vn 0.40174182 0.91543245 0.024226943
vn 0.23923175 -0.066247659 -0.96869986
vn 0.086033017 -0.95974266 -0.26738051
vn -0.41472002 -0.14870358 0.8977163
vn 0.17882574 0.8247422 0.53649013
vn 0.62730791 0.091469185 -0.773381
f 609/609/609 614/614/614 610/610/610
f 609/609/609 613/613/613 614/614/614
f 610/610/610 615/615/615 611/611/611
f 610/610/610 614/614/614 615/615/615
f 611/611/611 616/616/616 612/612/612
f 611/611/611 615/615/615 616/616/616
f 612/612/612 613/613/613 609/609/609
f 612/612/612 616/616/616 613/613/613
f 613/613/613 618/618/618 614/614/614
f 613/613/613 617/617/617 618/618/618
f 614/614/614 619/619/619 615/615/615
f 614/614/614 618/618/618 619/619/619
f 615/615/615 620/620/620 616/616/616
f 615/615/615 619/619/619 620/620/620
f 616/616/616 617/617/617 613/613/613
f 616/616/616 620/620/620 617/617/617
f 617/617/617 622/622/622 618/618/618
f 617/617/617 621/621/621 622/622/622
f 618/618/618 623/623/623 619/619/619
f 618/618/618 622/622/622 623/623/623
f 619/619/619 624/624/624 620/620/620
f 619/619/619 623/623/623 624/624/624
f 620/620/620 621/621/621 617/617/617
f 620/620/620 624/624/624 621/621/621
f 621/621/621 626/626/626 622/622/622
f 621/621/621 625/625/625 626/626/626
f 622/622/622 627/627/627 623/623/623
f 622/622/622 626/626/626 627/627/627
f 623/623/623 628/628/628 624/624/624
f 623/623/623 627/627/627 628/628/628
f 624/624/624 625/625/625 621/621/621
f 624/624/624 628/628/628 625/625/625
f 625/625/625 630/630/630 626/626/626
f 625/625/625 629/629/629 630/630/630
f 626/626/626 631/631/631 627/627/627
f 626/626/626 630/630/630 631/631/631
f 627/627/627 632/632/632 628/628/628
f 627/627/627 631/631/631 632/632/632
f 628/628/628 629/629/629 625/625/625
f 628/628/628 632/632/632 629/629/629
f 629/629/629 634/634/634 630/630/630
f 629/629/629 633/633/633 634/634/634
f 630/630/630 635/635/635 631/631/631
f 630/630/630 634/634/634 635/635/635
f 631/631/631 636/636/636 632/632/632
f 631/631/631 635/635/635 636/636/636
f 632/632/632 633/633/633 629/629/629
f 632/632/632 636/636/636 633/633/633
f 633/633/633 638/638/638 634/634/634
f 633/633/633 637/637/637 638/638/638
f 634/634/634 639/639/639 635/635/635
f 634/634/634 638/638/638 639/639/639
f 635/635/635 640/640/640 636/636/636
f 635/635/635 639/639/639 640/640/640
f 636/636/636 637/637/637 633/633/633
f 636/636/636 640/640/640 637/637/637
f 637/637/637 642/642/642 638/638/638
f 637/637/637 641/641/641 642/642/642
f 638/638/638 643/643/643 639/639/639
f 638/638/638 642/642/642 643/643/643
f 639/639/639 644/644/644 640/640/640
f 639/639/639 643/643/643 644/644/644
f 640/640/640 641/641/641 637/637/637
f 640/640/640 644/644/644 641/641/641
f 641/641/641 646/646/646 642/642/642
f 641/641/641 645/645/645 646/646/646
f 642/642/642 647/647/647 643/643/643
f 642/642/642 646/646/646 647/647/647
f 643/643/643 648/648/648 644/644/644
f 643/643/643 647/647/647 648/648/648
f 644/644/644 645/645/645 641/641/641
f 644/644/644 648/648/648 645/645/645
f 645/645/645 650/650/650 646/646/646
f 645/645/645 649/649/649 650/650/650
f 646/646/646 651/651/651 647/647/647
f 646/646/646 650/650/650 651/651/651
f 647/647/647 652/652/652 648/648/648
f 647/647/647 651/651/651 652/652/652
f 648/648/648 649/649/649 645/645/645
f 648/648/648 652/652/652 649/649/649
f 649/649/649 654/654/654 650/650/650
f 649/649/649 653/653/653 654/654/654
f 650/650/650 655/655/655 651/651/651
f 650/650/650 654/654/654 655/655/655
f 651/651/651 656/656/656 652/652/652
f 651/651/651 655/655/655 656/656/656
f 652/652/652 653/653/653 649/649/649
f 652/652/652 656/656/656 653/653/653
f 653/653/653 610/610/610 654/654/654
f 653/653/653 609/609/609 610/610/610
f 654/654/654 611/611/611 655/655/655
f 654/654/654 610/610/610 611/611/611
f 655/655/655 612/612/612 656/656/656
f 655/655/655 611/611/611 612/612/612
f 656/656/656 609/609/609 653/653/653
f 656/656/656 612/612/612 609/609/609
usemtl timber
v -0.71683475 0 -0.005 1 1 1
v -0.73894154 0 0.019082255 1 1 1
v -0.77994309 0 0.036788623 1 1 1
v -0.83619729 0 0.045371969 1 1 1
v -0.89290863 0 0.037128208 1 1 1
v -0.93771106 0 0.020136615 1 1 1
v -0.94612954 0 -0.005 1 1 1
v -0.93751666 0 -0.030088477 1 1 1
v -0.89459049 0 -0.048377583 1 1 1
v -0.83619729 0 -0.052969495 1 1 1
v -0.77826123 0 -0.048037998 1 1 1
v -0.73913595 0 -0.029034117 1 1 1
v -0.71764578 0.19656632 -0.005 1 1 1
v -0.73972838 0.19656632 0.01888742 1 1 1
v -0.77953758 0.19656632 0.037089862 1 1 1
v -0.83619729 0.19656632 0.045761638 1 1 1
v -0.89250311 0.19656632 0.036826969 1 1 1
v -0.93692422 0.19656632 0.019941781 1 1 1
v -0.94694057 0.19656632 -0.005 1 1 1
v -0.93830349 0.19656632 -0.030283312 1 1 1
v -0.89418497 0.19656632 -0.048076343 1 1 1
v -0.83619729 0.19656632 -0.052579826 1 1 1
v -0.77785572 0.19656632 -0.048339237 1 1 1
v -0.73834911 0.19656632 -0.029228951 1 1 1
v -0.7188279 0.39313264 -0.005 1 1 1
v -0.73998213 0.39313264 0.018824586 1 1 1
v -0.77894652 0.39313264 0.037528932 1 1 1
v -0.83619729 0.39313264 0.045887306 1 1 1
v -0.89191205 0.39313264 0.036387899 1 1 1
v -0.93667047 0.39313264 0.019878947 1 1 1
v -0.94812269 0.39313264 -0.005 1 1 1
v -0.93855724 0.39313264 -0.030346146 1 1 1
v -0.89359391 0.39313264 -0.047637274 1 1 1
v -0.83619729 0.39313264 -0.052454158 1 1 1
v -0.77726466 0.39313264 -0.048778307 1 1 1
v -0.73809536 0.39313264 -0.029291785 1 1 1
v -0.71996938 0.58969896 -0.005 1 1 1
v -0.73961442 0.58969896 0.018915637 1 1 1
v -0.77837578 0.58969896 0.037952908 1 1 1
v -0.83619729 0.58969896 0.045705204 1 1 1
v -0.89134131 0.58969896 0.035963923 1 1 1
v -0.93703818 0.58969896 0.019969997 1 1 1
v -0.94926417 0.58969896 -0.005 1 1 1
v -0.93818954 0.58969896 -0.030255095 1 1 1
v -0.89302317 0.58969896 -0.047213298 1 1 1
v -0.83619729 0.58969896 -0.05263626 1 1 1
v -0.77669392 0.58969896 -0.049202283 1 1 1
v -0.73846306 0.58969896 -0.029200734 1 1 1
v -0.72067265 0.78626529 -0.005 1 1 1
v -0.73875332 0.78626529 0.019128861 1 1 1
v -0.77802414 0.78626529 0.038214123 1 1 1
v -0.83619729 0.78626529 0.045278756 1 1 1
v -0.89098968 0.78626529 0.035702707 1 1 1
v -0.93789928 0.78626529 0.020183221 1 1 1
v -0.94996744 0.78626529 -0.005 1 1 1
v -0.93732844 0.78626529 -0.030041871 1 1 1
v -0.89267154 0.78626529 -0.046952082 1 1 1
v -0.83619729 0.78626529 -0.053062707 1 1 1
v -0.77634228 0.78626529 -0.049463498 1 1 1
v -0.73932416 0.78626529 -0.02898751 1 1 1
v -0.72069278 0.98283161 -0.005 1 1 1
v -0.73769874 0.98283161 0.019389993 1 1 1
v -0.77801408 0.98283161 0.038221599 1 1 1
v -0.83619729 0.98283161 0.044756491 1 1 1
v -0.89097961 0.98283161 0.035695232 1 1 1
v -0.93895386 0.98283161 0.020444354 1 1 1
v -0.94998757 0.98283161 -0.005 1 1 1
v -0.93627386 0.98283161 -0.029780738 1 1 1
v -0.89266147 0.98283161 -0.046944607 1 1 1
v -0.83619729 0.98283161 -0.053584972 1 1 1
v -0.77633222 0.98283161 -0.049470974 1 1 1
v -0.74037874 0.98283161 -0.028726378 1 1 1
v -0.83619729 0 -0.005 1 1 1
v -0.83619729 1.371646 -0.005 1 1 1
vt 1 0.346
vt 1.1666667 0.346
vt 1.3333333 0.346
vt 1.5 0.346
vt 1.6666667 0.346
vt 1.8333333 0.346
vt 2 0.346
vt 0.16666667 0.346
vt 0.33333333 0.346
vt 0.5 0.346
vt 0.66666667 0.346
vt 0.83333333 0.346
vt 1 0.71349775
vt 1.1666667 0.71349775
vt 1.3333333 0.71349775
vt 1.5 0.71349775
vt 1.6666667 0.71349775
vt 1.8333333 0.71349775
vt 2 0.71349775
vt 0.16666667 0.71349775
vt 0.33333333 0.71349775
vt 0.5 0.71349775
vt 0.66666667 0.71349775
vt 0.83333333 0.71349775
vt 1 1.0809955
vt 1.1666667 1.0809955
vt 1.3333333 1.0809955
vt 1.5 1.0809955
vt 1.6666667 1.0809955
vt 1.8333333 1.0809955
vt 2 1.0809955
vt 0.16666667 1.0809955
vt 0.33333333 1.0809955
vt 0.5 1.0809955
vt 0.66666667 1.0809955
vt 0.83333333 1.0809955
vt 1 1.4484932
vt 1.1666667 1.4484932
vt 1.3333333 1.4484932
vt 1.5 1.4484932
vt 1.6666667 1.4484932
vt 1.8333333 1.4484932
vt 2 1.4484932
vt 0.16666667 1.4484932
vt 0.33333333 1.4484932
vt 0.5 1.4484932
vt 0.66666667 1.4484932
vt 0.83333333 1.4484932
vt 1 1.815991
vt 1.1666667 1.815991
vt 1.3333333 1.815991
vt 1.5 1.815991
vt 1.6666667 1.815991
vt 1.8333333 1.815991
vt 2 1.815991
vt 0.16666667 1.815991
vt 0.33333333 1.815991
vt 0.5 1.815991
vt 0.66666667 1.815991
vt 0.83333333 1.815991
vt 1 2.1834887
vt 1.1666667 2.1834887
vt 1.3333333 2.1834887
vt 1.5 2.1834887
vt 1.6666667 2.1834887
vt 1.8333333 2.1834887
vt 2 2.1834887
vt 0.16666667 2.1834887
vt 0.33333333 2.1834887
vt 0.5 2.1834887
vt 0.66666667 2.1834887
vt 0.83333333 2.1834887
vt 1 0.346
vt 1 2.9104108
vn 0.89316803 -0.35851434 0.27151121
vn 0.48998019 -0.23094834 0.84058449
vn 0.21797612 -0.1777851 0.95962434
vn -0.049981897 -0.16903369 0.98434213
vn -0.27247882 -0.18577673 0.9440563
vn -0.69524477 -0.29484753 0.65551479
vn -0.93040214 -0.35001437 -0.10882007
vn -0.52192022 -0.24792309 -0.81616998
vn -0.1667794 -0.17563501 -0.97022522
vn 0.025876568 -0.15963889 -0.98683627
vn 0.29478603 -0.19599589 -0.93524692
vn 0.61138922 -0.26262916 -0.74647783
vn 0.99993347 0.002825095 0.011183618
vn 0.56616099 0.0011595283 0.82429387
vn 0.26434287 -0.001406469 0.96442774
vn -0.0042670458 -0.00073117038 0.99999063
vn -0.24452782 0.0013874767 0.96964128
vn -0.60516232 0.0011902269 0.79610122
vn -0.99993883 -0.0028891075 0.010676743
vn -0.6284509 -0.0012139563 -0.77784831
vn -0.2170052 0.0013415777 -0.97616953
vn -0.0041197152 0.00074645639 -0.99999124
vn 0.23603089 -0.0013597992 -0.9717446
vn 0.58796 -0.0011826451 -0.80888914
vn 0.99981774 0.0033035633 0.018803322
vn 0.57716629 -0.00012857414 0.81662663
vn 0.26612424 -0.0016370398 0.96393735
vn -0.0099231896 8.0003482e-05 0.99995076
vn -0.24617118 0.0016245293 0.96922501
vn -0.59336656 -0.00012887977 0.80493237
vn -0.99983197 -0.0033578406 0.018021009
vn -0.61648705 0.00013128071 -0.78736504
vn -0.21542788 0.0015666192 -0.9765185
vn -0.0095713901 -8.1800211e-05 -0.99995419
vn 0.23431623 -0.0015779076 -0.97215915
vn 0.59915656 0.00013091739 -0.80063187
vn 0.99996678 0.0026311633 0.0077142711
vn 0.58791856 -0.0014007058 0.80891891
vn 0.2636568 -0.0012932609 0.96461568
vn -0.015371082 0.00086363158 0.99988148
vn -0.24377336 0.0012907975 0.96983137
vn -0.58211871 -0.0013720342 0.81310265
vn -0.99996893 -0.0026586144 0.0074209643
vn -0.60504533 0.0014010871 -0.7961898
vn -0.21782095 0.0012500961 -0.97598795
vn -0.014846871 -0.00088109324 -0.99988939
vn 0.23678303 -0.0012515246 -0.97156175
vn 0.61009522 0.0014289794 -0.79232681
vn 0.99983469 0.0010335748 -0.01815291
vn 0.59461729 -0.002193347 0.80400589
vn 0.25781702 -0.00050380244 0.96619363
vn -0.018700235 0.0013498757 0.99982422
vn -0.2382171 0.00050466939 0.9712118
vn -0.57523038 -0.0021178107 0.81798871
vn -0.99984627 -0.0010405763 -0.017503208
vn -0.59806976 0.0021745292 -0.8014411
vn -0.22337044 0.00049350433 -0.9747335
vn -0.018121538 -0.0013701069 -0.99983485
vn 0.24262459 -0.00049227525 -0.97012013
vn 0.61686498 0.0022484168 -0.78706578
vn 0.97393707 0.16553771 -0.15506082
vn 0.62496619 0.11639102 0.77192642
vn 0.27268897 0.083589704 0.95846413
vn -0.0011600511 0.073025973 0.99732936
vn -0.22092203 0.075996178 0.9723261
vn -0.52016329 0.10888612 0.84709738
vn -0.98632056 0.16321656 0.023067338
vn -0.62841729 0.12103075 -0.76840306
vn -0.24739989 0.079877768 -0.96561526
vn -0.033736442 0.070387319 -0.99694908
vn 0.21866067 0.08192424 -0.97235587
vn 0.59839532 0.11232774 -0.79328779
vn 0 -1 0
vn -9.3123774e-17 1 -2.9441238e-16
f 657/657/657 670/670/670 658/658/658
f 657/657/657 669/669/669 670/670/670
f 658/658/658 671/671/671 659/659/659
f 658/658/658 670/670/670 671/671/671
f 659/659/659 672/672/672 660/660/660
f 659/659/659 671/671/671 672/672/672
f 660/660/660 673/673/673 661/661/661
f 660/660/660 672/672/672 673/673/673
f 661/661/661 674/674/674 662/662/662
f 661/661/661 673/673/673 674/674/674
f 662/662/662 675/675/675 663/663/663
f 662/662/662 674/674/674 675/675/675
f 663/663/663 676/676/676 664/664/664
f 663/663/663 675/675/675 676/676/676
f 664/664/664 677/677/677 665/665/665
f 664/664/664 676/676/676 677/677/677
f 665/665/665 678/678/678 666/666/666
f 665/665/665 677/677/677 678/678/678
f 666/666/666 679/679/679 667/667/667
f 666/666/666 678/678/678 679/679/679
f 667/667/667 680/680/680 668/668/668
f 667/667/667 679/679/679 680/680/680
f 668/668/668 669/669/669 657/657/657
f 668/668/668 680/680/680 669/669/669
f 669/669/669 682/682/682 670/670/670
f 669/669/669 681/681/681 682/682/682
f 670/670/670 683/683/683 671/671/671
f 670/670/670 682/682/682 683/683/683
f 671/671/671 684/684/684 672/672/672
f 671/671/671 683/683/683 684/684/684
f 672/672/672 685/685/685 673/673/673
f 672/672/672 684/684/684 685/685/685
f 673/673/673 686/686/686 674/674/674
f 673/673/673 685/685/685 686/686/686
f 674/674/674 687/687/687 675/675/675
f 674/674/674 686/686/686 687/687/687
f 675/675/675 688/688/688 676/676/676
f 675/675/675 687/687/687 688/688/688
f 676/676/676 689/689/689 677/677/677
f 676/676/676 688/688/688 689/689/689
f 677/677/677 690/690/690 678/678/678
f 677/677/677 689/689/689 690/690/690
f 678/678/678 691/691/691 679/679/679
f 678/678/678 690/690/690 691/691/691
f 679/679/679 692/692/692 680/680/680
f 679/679/679 691/691/691 692/692/692
f 680/680/680 681/681/681 669/669/669
f 680/680/680 692/692/692 681/681/681
f 681/681/681 694/694/694 682/682/682
f 681/681/681 693/693/693 694/694/694
f 682/682/682 695/695/695 683/683/683
f 682/682/682 694/694/694 695/695/695
f 683/683/683 696/696/696 684/684/684
f 683/683/683 695/695/695 696/696/696
f 684/684/684 697/697/697 685/685/685
f 684/684/684 696/696/696 697/697/697
f 685/685/685 698/698/698 686/686/686
f 685/685/685 697/697/697 698/698/698
f 686/686/686 699/699/699 687/687/687
f 686/686/686 698/698/698 699/699/699
f 687/687/687 700/700/700 688/688/688
f 687/687/687 699/699/699 700/700/700
f 688/688/688 701/701/701 689/689/689
f 688/688/688 700/700/700 701/701/701
f 689/689/689 702/702/702 690/690/690
f 689/689/689 701/701/701 702/702/702
f 690/690/690 703/703/703 691/691/691
f 690/690/690 702/702/702 703/703/703
f 691/691/691 704/704/704 692/692/692
f 691/691/691 703/703/703 704/704/704
f 692/692/692 693/693/693 681/681/681
f 692/692/692 704/704/704 693/693/693
f 693/693/693 706/706/706 694/694/694
f 693/693/693 705/705/705 706/706/706
f 694/694/694 707/707/707 695/695/695
f 694/694/694 706/706/706 707/707/707
f 695/695/695 708/708/708 696/696/696
f 695/695/695 707/707/707 708/708/708
f 696/696/696 709/709/709 697/697/697
f 696/696/696 708/708/708 709/709/709
f 697/697/697 710/710/710 698/698/698
f 697/697/697 709/709/709 710/710/710
f 698/698/698 711/711/711 699/699/699
f 698/698/698 710/710/710 711/711/711
f 699/699/699 712/712/712 700/700/700
f 699/699/699 711/711/711 712/712/712
f 700/700/700 713/713/713 701/701/701
f 700/700/700 712/712/712 713/713/713
f 701/701/701 714/714/714 702/702/702
f 701/701/701 713/713/713 714/714/714
f 702/702/702 715/715/715 703/703/703
f 702/702/702 714/714/714 715/715/715
f 703/703/703 716/716/716 704/704/704
f 703/703/703 715/715/715 716/716/716
f 704/704/704 705/705/705 693/693/693
f 704/704/704 716/716/716 705/705/705
f 705/705/705 718/718/718 706/706/706
f 705/705/705 717/717/717 718/718/718
f 706/706/706 719/719/719 707/707/707
f 706/706/706 718/718/718 719/719/719
f 707/707/707 720/720/720 708/708/708
f 707/707/707 719/719/719 720/720/720
f 708/708/708 721/721/721 709/709/709
f 708/708/708 720/720/720 721/721/721
f 709/709/709 722/722/722 710/710/710
f 709/709/709 721/721/721 722/722/722
f 710/710/710 723/723/723 711/711/711
f 710/710/710 722/722/722 723/723/723
f 711/711/711 724/724/724 712/712/712
f 711/711/711 723/723/723 724/724/724
f 712/712/712 725/725/725 713/713/713
f 712/712/712 724/724/724 725/725/725
f 713/713/713 726/726/726 714/714/714
f 713/713/713 725/725/725 726/726/726
f 714/714/714 727/727/727 715/715/715
f 714/714/714 726/726/726 727/727/727
f 715/715/715 728/728/728 716/716/716
f 715/715/715 727/727/727 728/728/728
f 716/716/716 717/717/717 705/705/705
f 716/716/716 728/728/728 717/717/717
f 729/729/729 657/657/657 658/658/658
f 717/717/717 730/730/730 718/718/718
f 729/729/729 658/658/658 659/659/659
f 718/718/718 730/730/730 719/719/719
f 729/729/729 659/659/659 660/660/660
f 719/719/719 730/730/730 720/720/720
f 729/729/729 660/660/660 661/661/661
f 720/720/720 730/730/730 721/721/721
f 729/729/729 661/661/661 662/662/662
f 721/721/721 730/730/730 722/722/722
f 729/729/729 662/662/662 663/663/663
f 722/722/722 730/730/730 723/723/723
f 729/729/729 663/663/663 664/664/664
f 723/723/723 730/730/730 724/724/724
f 729/729/729 664/664/664 665/665/665
f 724/724/724 730/730/730 725/725/725
f 729/729/729 665/665/665 666/666/666
f 725/725/725 730/730/730 726/726/726
f 729/729/729 666/666/666 667/667/667
f 726/726/726 730/730/730 727/727/727
f 729/729/729 667/667/667 668/668/668
f 727/727/727 730/730/730 728/728/728
f 729/729/729 668/668/668 657/657/657
f 728/728/728 730/730/730 717/717/717
usemtl snow
v -0.69623575 1.067336 -0.005 1 1 1
v -0.71498704 0.99405512 0.025013815 1 1 1
v -0.76621652 1.015717 0.046985452 1 1 1
v -0.83619729 1.0596191 0.055027629 1 1 1
v -0.90617806 0.97597985 0.046985452 1 1 1
v -0.95740754 1.0547412 0.025013815 1 1 1
v -0.97615883 1.0101024 -0.005 1 1 1
v -0.95740754 1.022721 -0.035013815 1 1 1
v -0.90617806 1.0232998 -0.056985452 1 1 1
v -0.83619729 1.0178193 -0.065027629 1 1 1
v -0.76621652 1.0407963 -0.056985452 1 1 1
v -0.71498704 0.98427553 -0.035013815 1 1 1
v -0.70498335 1.1167482 -0.005 1 1 1
v -0.72256268 1.0910999 0.023137951 1 1 1
v -0.77059032 1.0986815 0.043736361 1 1 1
v -0.83619729 1.1140473 0.051275902 1 1 1
v -0.90180426 1.0847735 0.043736361 1 1 1
v -0.9498319 1.11234 0.023137951 1 1 1
v -0.96741124 1.0967164 -0.005 1 1 1
v -0.9498319 1.101133 -0.033137951 1 1 1
v -0.90180426 1.1013355 -0.053736361 1 1 1
v -0.83619729 1.0994174 -0.061275902 1 1 1
v -0.77059032 1.1074593 -0.053736361 1 1 1
v -0.72256268 1.087677 -0.033137951 1 1 1
v -0.73622476 1.1993864 -0.005 1 1 1
v -0.74961854 1.1993864 0.016438439 1 1 1
v -0.78621103 1.1993864 0.032132466 1 1 1
v -0.83619729 1.1993864 0.037876878 1 1 1
v -0.88618356 1.1993864 0.032132466 1 1 1
v -0.92277604 1.1993864 0.016438439 1 1 1
v -0.93616982 1.1993864 -0.005 1 1 1
v -0.92277604 1.1993864 -0.026438439 1 1 1
v -0.88618356 1.1993864 -0.042132466 1 1 1
v -0.83619729 1.1993864 -0.047876878 1 1 1
v -0.78621103 1.1993864 -0.042132466 1 1 1
v -0.74961854 1.1993864 -0.026438439 1 1 1
v -0.77996275 1.3076639 -0.005 1 1 1
v -0.78749675 1.3076639 0.007059122 1 1 1
v -0.80808002 1.3076639 0.015887012 1 1 1
v -0.83619729 1.3076639 0.019118244 1 1 1
v -0.86431457 1.3076639 0.015887012 1 1 1
v -0.88489784 1.3076639 0.007059122 1 1 1
v -0.89243184 1.3076639 -0.005 1 1 1
v -0.88489784 1.3076639 -0.017059122 1 1 1
v -0.86431457 1.3076639 -0.025887012 1 1 1
v -0.83619729 1.3076639 -0.029118244 1 1 1
v -0.80808002 1.3076639 -0.025887012 1 1 1
v -0.78749675 1.3076639 -0.017059122 1 1 1
v -0.82120141 1.3962545 -0.005 1 1 1
v -0.82321048 1.3962545 -0.0017842341 1 1 1
v -0.82869935 1.3962545 0.00056986984 1 1 1
v -0.83619729 1.3962545 0.0014315317 1 1 1
v -0.84369523 1.3962545 0.00056986984 1 1 1
v -0.84918411 1.3962545 -0.0017842341 1 1 1
v -0.85119317 1.3962545 -0.005 1 1 1
v -0.84918411 1.3962545 -0.0082157659 1 1 1
v -0.84369523 1.3962545 -0.01056987 1 1 1
v -0.83619729 1.3962545 -0.011431532 1 1 1
v -0.82869935 1.3962545 -0.01056987 1 1 1
v -0.82321048 1.3962545 -0.0082157659 1 1 1
v -0.83619729 1.0123618 -0.005 1 1 1
v -0.83619729 1.4188943 -0.005 1 1 1
vt 0 0
vt 0 0
vt 0 0
vt 0 0
vt 0 0
vt 0 0
vt 0 0
vt 0 0
vt 0 0
vt 0 0
vt 0 0
vt 0 0
vt 0 0
vt 0 0
vt 0 0
vt 0 0
vt 0 0
vt 0 0
vt 0 0
vt 0 0
vt 0 0
vt 0 0
vt 0 0
vt 0 0
vt 0 0
vt 0 0
vt 0 0
vt 0 0
vt 0 0
vt 0 0
vt 0 0
vt 0 0
vt 0 0
vt 0 0
vt 0 0
vt 0 0
vt 0 0
vt 0 0
vt 0 0
vt 0 0
vt 0 0
vt 0 0
vt 0 0
vt 0 0
vt 0 0
vt 0 0
vt 0 0
vt 0 0
vt 0 0
vt 0 0
vt 0 0
vt 0 0
vt 0 0
vt 0 0
vt 0 0
vt 0 0
vt 0 0
vt 0 0
vt 0 0
vt 0 0
vt 0 0
vt 0 0
vn 0.73449422 -0.62629127 0.26129963
vn 0.6533289 -0.68483737 0.32273694
vn -0.0068757657 -0.38420612 0.92322174
vn 0.058422095 -0.33748818 0.93951508
vn -0.21018608 -0.52234582 0.82642402
vn -0.69623906 -0.61811735 0.36494124
vn -0.66620432 -0.69843141 0.26146773
vn -0.3911731 -0.51008477 -0.76602684
vn -0.19639566 -0.42604892 -0.88312573
vn 0.079747095 -0.4164606 -0.90564947
vn 0.16652331 -0.37520883 -0.91185981
vn 0.58713651 -0.74020574 -0.32766778
vn 0.9655821 0.24197561 -0.095388697
vn 0.55005391 0.13554642 0.82405574
vn 0.26565095 0.10346244 0.95850148
vn -0.0029162668 0.10661467 0.99429614
vn -0.25103163 0.09478579 0.96332693
vn -0.54211836 0.15292702 0.82626934
vn -0.97467869 0.21289797 -0.068380544
vn -0.6048701 0.15054189 -0.78196502
vn -0.24005233 0.10571161 -0.96498701
vn -0.0054834187 0.093461987 -0.99560775
vn 0.2431297 0.11118104 -0.96360091
vn 0.58878062 0.13555604 -0.79684499
vn 0.9276018 0.3445961 -0.1442513
vn 0.57788847 0.23586718 0.78128842
vn 0.25883088 0.16820193 0.95116491
vn 0.020166492 0.15857923 0.98714028
vn -0.23891175 0.16308939 0.95724763
vn -0.52576509 0.22923305 0.8191601
vn -0.94123601 0.33707854 0.021279608
vn -0.61013251 0.24489446 -0.75350184
vn -0.25265569 0.17174819 -0.95219098
vn -0.011967065 0.15063957 -0.98851632
vn 0.21689972 0.17007055 -0.96126506
vn 0.573287 0.22844472 -0.78686405
vn 0.90913501 0.38566532 -0.15727616
vn 0.63420814 0.29789764 0.71346831
vn 0.27422592 0.20616512 0.93930617
vn 0.031292136 0.17891239 0.98336726
vn -0.19880735 0.19354516 0.96073717
vn -0.51428166 0.2631883 0.81623911
vn -0.90913501 0.38566532 0.15727616
vn -0.63420814 0.29789764 -0.71346831
vn -0.27422592 0.20616512 -0.93930617
vn -0.031292136 0.17891239 -0.98336726
vn 0.19880735 0.19354516 -0.96073717
vn 0.51428166 0.2631883 -0.81623911
vn 0.85375823 0.41114271 -0.31946606
vn 0.69838033 0.35541501 0.62124479
vn 0.31961277 0.24087528 0.91642063
vn 0.067254204 0.20181099 0.97711268
vn -0.1578592 0.2105719 0.96474864
vn -0.44853869 0.27488738 0.85044105
vn -0.85375823 0.41114271 0.31946606
vn -0.69838033 0.35541501 -0.62124479
vn -0.31961277 0.24087528 -0.91642063
vn -0.067254204 0.20181099 -0.97711268
vn 0.1578592 0.2105719 -0.96474864
vn 0.44853869 0.27488738 -0.85044105
vn 2.0820013e-17 -1 1.9746846e-16
vn 0 1 7.839315e-17
f 731/731/731 744/744/744 732/732/732
f 731/731/731 743/743/743 744/744/744
f 732/732/732 745/745/745 733/733/733
f 732/732/732 744/744/744 745/745/745
f 733/733/733 746/746/746 734/734/734
f 733/733/733 745/745/745 746/746/746
f 734/734/734 747/747/747 735/735/735
f 734/734/734 746/746/746 747/747/747
f 735/735/735 748/748/748 736/736/736
f 735/735/735 747/747/747 748/748/748
f 736/736/736 749/749/749 737/737/737
f 736/736/736 748/748/748 749/749/749
f 737/737/737 750/750/750 738/738/738
f 737/737/737 749/749/749 750/750/750
f 738/738/738 751/751/751 739/739/739
f 738/738/738 750/750/750 751/751/751
f 739/739/739 752/752/752 740/740/740
f 739/739/739 751/751/751 752/752/752
f 740/740/740 753/753/753 741/741/741
f 740/740/740 752/752/752 753/753/753
f 741/741/741 754/754/754 742/742/742
f 741/741/741 753/753/753 754/754/754
f 742/742/742 743/743/743 731/731/731
f 742/742/742 754/754/754 743/743/743
f 743/743/743 756/756/756 744/744/744
f 743/743/743 755/755/755 756/756/756
f 744/744/744 757/757/757 745/745/745
f 744/744/744 756/756/756 757/757/757
f 745/745/745 758/758/758 746/746/746
f 745/745/745 757/757/757 758/758/758
f 746/746/746 759/759/759 747/747/747
f 746/746/746 758/758/758 759/759/759
f 747/747/747 760/760/760 748/748/748
f 747/747/747 759/759/759 760/760/760
f 748/748/748 761/761/761 749/749/749
f 748/748/748 760/760/760 761/761/761
f 749/749/749 762/762/762 750/750/750
f 749/749/749 761/761/761 762/762/762
f 750/750/750 763/763/763 751/751/751
f 750/750/750 762/762/762 763/763/763
f 751/751/751 764/764/764 752/752/752
f 751/751/751 763/763/763 764/764/764
f 752/752/752 765/765/765 753/753/753
f 752/752/752 764/764/764 765/765/765
f 753/753/753 766/766/766 754/754/754
f 753/753/753 765/765/765 766/766/766
f 754/754/754 755/755/755 743/743/743
f 754/754/754 766/766/766 755/755/755
f 755/755/755 768/768/768 756/756/756
f 755/755/755 767/767/767 768/768/768
f 756/756/756 769/769/769 757/757/757
f 756/756/756 768/768/768 769/769/769
f 757/757/757 770/770/770 758/758/758
f 757/757/757 769/769/769 770/770/770
f 758/758/758 771/771/771 759/759/759
f 758/758/758 770/770/770 771/771/771
f 759/759/759 772/772/772 760/760/760
f 759/759/759 771/771/771 772/772/772
f 760/760/760 773/773/773 761/761/761
f 760/760/760 772/772/772 773/773/773
f 761/761/761 774/774/774 762/762/762
f 761/761/761 773/773/773 774/774/774
f 762/762/762 775/775/775 763/763/763
f 762/762/762 774/774/774 775/775/775
f 763/763/763 776/776/776 764/764/764
f 763/763/763 775/775/775 776/776/776
f 764/764/764 777/777/777 765/765/765
f 764/764/764 776/776/776 777/777/777
f 765/765/765 778/778/778 766/766/766
f 765/765/765 777/777/777 778/778/778
f 766/766/766 767/767/767 755/755/755
f 766/766/766 778/778/778 767/767/767
f 767/767/767 780/780/780 768/768/768
f 767/767/767 779/779/779 780/780/780
f 768/768/768 781/781/781 769/769/769
f 768/768/768 780/780/780 781/781/781
f 769/769/769 782/782/782 770/770/770
f 769/769/769 781/781/781 782/782/782
f 770/770/770 783/783/783 771/771/771
f 770/770/770 782/782/782 783/783/783
f 771/771/771 784/784/784 772/772/772
f 771/771/771 783/783/783 784/784/784
f 772/772/772 785/785/785 773/773/773
f 772/772/772 784/784/784 785/785/785
f 773/773/773 786/786/786 774/774/774
f 773/773/773 785/785/785 786/786/786
f 774/774/774 787/787/787 775/775/775
f 774/774/774 786/786/786 787/787/787
f 775/775/775 788/788/788 776/776/776
f 775/775/775 787/787/787 788/788/788
f 776/776/776 789/789/789 777/777/777
f 776/776/776 788/788/788 789/789/789
f 777/777/777 790/790/790 778/778/778
f 777/777/777 789/789/789 790/790/790
f 778/778/778 779/779/779 767/767/767
f 778/778/778 790/790/790 779/779/779
f 791/791/791 731/731/731 732/732/732
f 779/779/779 792/792/792 780/780/780
f 791/791/791 732/732/732 733/733/733
f 780/780/780 792/792/792 781/781/781
f 791/791/791 733/733/733 734/734/734
f 781/781/781 792/792/792 782/782/782
f 791/791/791 734/734/734 735/735/735
f 782/782/782 792/792/792 783/783/783
f 791/791/791 735/735/735 736/736/736
f 783/783/783 792/792/792 784/784/784
f 791/791/791 736/736/736 737/737/737
f 784/784/784 792/792/792 785/785/785
f 791/791/791 737/737/737 738/738/738
f 785/785/785 792/792/792 786/786/786
f 791/791/791 738/738/738 739/739/739
f 786/786/786 792/792/792 787/787/787
f 791/791/791 739/739/739 740/740/740
f 787/787/787 792/792/792 788/788/788
f 791/791/791 740/740/740 741/741/741
f 788/788/788 792/792/792 789/789/789
f 791/791/791 741/741/741 742/742/742
f 789/789/789 792/792/792 790/790/790
f 791/791/791 742/742/742 731/731/731
f 790/790/790 792/792/792 779/779/779
usemtl rope
v -0.70308972 0.40161078 -0.005 0.84 0.76 0.61
v -0.68560114 0.38389266 -0.005 0.84 0.76 0.61
v -0.70308972 0.36617454 -0.005 0.84 0.76 0.61
v -0.72057831 0.38389266 -0.005 0.84 0.76 0.61
v -0.72691861 0.3939431 0.02542439 0.84 0.76 0.61
v -0.70840826 0.38192611 0.032592072 0.84 0.76 0.61
v -0.7149269 0.36065456 0.02542439 0.84 0.76 0.61
v -0.73343726 0.37267155 0.018256709 0.84 0.76 0.61
v -0.77563936 0.37592843 0.04769659 0.84 0.76 0.61
v -0.76364871 0.36150075 0.05799715 0.84 0.76 0.61
v -0.76364765 0.34263989 0.04769659 0.84 0.76 0.61
v -0.7756383 0.35706756 0.03739603 0.84 0.76 0.61
v -0.84219315 0.35131992 0.05584878 0.84 0.76 0.61
v -0.83619729 0.33467565 0.066912195 0.84 0.76 0.61
v -0.83020144 0.31803138 0.05584878 0.84 0.76 0.61
v -0.83619729 0.33467565 0.044785366 0.84 0.76 0.61
v -0.90874693 0.32671142 0.04769659 0.84 0.76 0.61
v -0.90874587 0.30785055 0.05799715 0.84 0.76 0.61
v -0.89675522 0.29342288 0.04769659 0.84 0.76 0.61
v -0.89675628 0.31228375 0.03739603 0.84 0.76 0.61
v -0.95746768 0.30869674 0.02542439 0.84 0.76 0.61
v -0.96398633 0.28742519 0.032592072 0.84 0.76 0.61
v -0.94547597 0.2754082 0.02542439 0.84 0.76 0.61
v -0.93895733 0.29667976 0.018256709 0.84 0.76 0.61
v -0.96930486 0.26774052 -0.005 0.84 0.76 0.61
v -0.95181628 0.28545864 -0.005 0.84 0.76 0.61
v -0.96930486 0.30317677 -0.005 0.84 0.76 0.61
v -0.98679345 0.28545864 -0.005 0.84 0.76 0.61
v -0.94547597 0.2754082 -0.03542439 0.84 0.76 0.61
v -0.93895733 0.29667976 -0.028256709 0.84 0.76 0.61
v -0.95746768 0.30869674 -0.03542439 0.84 0.76 0.61
v -0.96398633 0.28742519 -0.042592072 0.84 0.76 0.61
v -0.89675522 0.29342288 -0.05769659 0.84 0.76 0.61
v -0.89675628 0.31228375 -0.04739603 0.84 0.76 0.61
v -0.90874693 0.32671142 -0.05769659 0.84 0.76 0.61
v -0.90874587 0.30785055 -0.06799715 0.84 0.76 0.61
v -0.83020144 0.31803138 -0.06584878 0.84 0.76 0.61
v -0.83619729 0.33467565 -0.054785366 0.84 0.76 0.61
v -0.84219315 0.35131992 -0.06584878 0.84 0.76 0.61
v -0.83619729 0.33467565 -0.076912195 0.84 0.76 0.61
v -0.76364765 0.34263989 -0.05769659 0.84 0.76 0.61
v -0.7756383 0.35706756 -0.04739603 0.84 0.76 0.61
v -0.77563936 0.37592843 -0.05769659 0.84 0.76 0.61
v -0.76364871 0.36150075 -0.06799715 0.84 0.76 0.61
v -0.7149269 0.36065456 -0.03542439 0.84 0.76 0.61
v -0.73343726 0.37267155 -0.028256709 0.84 0.76 0.61
v -0.72691861 0.3939431 -0.03542439 0.84 0.76 0.61
v -0.70840826 0.38192611 -0.042592072 0.84 0.76 0.61
vt 0 0
vt 0 0
vt 0 0
vt 0 0
vt 0 0
vt 0 0
vt 0 0
vt 0 0
vt 0 0
vt 0 0
vt 0 0
vt 0 0
vt 0 0
vt 0 0
vt 0 0
vt 0 0
vt 0 0
vt 0 0
vt 0 0
vt 0 0
vt 0 0
vt 0 0
vt 0 0
vt 0 0
vt 0 0
vt 0 0
vt 0 0
vt 0 0
vt 0 0
vt 0 0
vt 0 0
vt 0 0
vt 0 0
vt 0 0
vt 0 0
vt 0 0
vt 0 0
vt 0 0
vt 0 0
vt 0 0
vt 0 0
vt 0 0
vt 0 0
vt 0 0
vt 0 0
vt 0 0
vt 0 0
vt 0 0
vn 0.39746048 0.89879626 -0.18490658
vn 0.9450059 -0.31757155 0.078180283
vn -0.32747994 -0.91220264 -0.24625845
vn -0.82532719 0.39691001 -0.40161856
vn -0.28289754 0.92605034 0.24979944
vn 0.59208208 0.14350027 0.79299841
vn 0.3624029 -0.92428675 -0.11982549
vn -0.59837997 -0.12610301 -0.79122654
vn -0.3821403 0.9148899 0.13017398
vn 0.23417908 0.067331786 0.96985906
vn 0.4135693 -0.91018866 -0.022738626
vn -0.22948152 -0.062953734 -0.97127497
vn -0.40304213 0.91392797 0.047882194
vn -1.6431654e-17 4.8656348e-17 1
vn 0.40304213 -0.91392797 0.047882194
vn 1.8531158e-17 -5.4873264e-17 -1
vn -0.4135693 0.91018866 -0.022738626
vn -0.23417908 -0.067331786 0.96985906
vn 0.3821403 -0.9148899 0.13017398
vn 0.22948152 0.062953734 -0.97127497
vn -0.20481117 0.81459331 -0.54266945
vn -0.62547486 0.080498925 0.77608062
vn -0.074969445 -0.96144244 0.26459029
vn 0.40329671 -0.14340533 -0.90376251
vn 0.41416083 -0.85526338 0.31144077
vn 0.72755995 0.43948365 0.52679279
vn -0.52772612 0.81316086 0.24550877
vn -0.87321543 -0.47714 -0.099157619
vn 0.20072051 -0.97357498 0.10891757
vn 0.51818385 0.18511055 0.83499676
vn -0.32419682 0.92998891 -0.17325431
vn -0.56737477 -0.20310494 -0.79801895
vn 0.27796524 -0.96032131 0.022766176
vn 0.21663271 0.097753874 0.97134672
vn -0.30494612 0.94341898 -0.13026315
vn -0.22308159 -0.097390822 -0.96992249
vn 0.2884165 -0.95630462 -0.047931221
vn 3.2429526e-16 -7.3164352e-17 1
vn -0.2884165 0.95630462 -0.047931221
vn -2.9576977e-16 8.1093913e-17 -1
vn 0.30494612 -0.94341898 -0.13026315
vn -0.21663271 -0.097753874 0.97134672
vn -0.27796524 0.96032131 0.022766176
vn 0.22308159 0.097390822 -0.96992249
vn 0.68008123 -0.65623855 -0.32686463
vn -0.25704287 -0.46139332 0.84914378
vn -0.50455064 0.70187736 0.50278904
vn 0.41225597 0.50051905 -0.76126585
f 793/793/793 798/798/798 794/794/794
f 793/793/793 797/797/797 798/798/798
f 794/794/794 799/799/799 795/795/795
f 794/794/794 798/798/798 799/799/799
f 795/795/795 800/800/800 796/796/796
f 795/795/795 799/799/799 800/800/800
f 796/796/796 797/797/797 793/793/793
f 796/796/796 800/800/800 797/797/797
f 797/797/797 802/802/802 798/798/798
f 797/797/797 801/801/801 802/802/802
f 798/798/798 803/803/803 799/799/799
f 798/798/798 802/802/802 803/803/803
f 799/799/799 804/804/804 800/800/800
f 799/799/799 803/803/803 804/804/804
f 800/800/800 801/801/801 797/797/797
f 800/800/800 804/804/804 801/801/801
f 801/801/801 806/806/806 802/802/802
f 801/801/801 805/805/805 806/806/806
f 802/802/802 807/807/807 803/803/803
f 802/802/802 806/806/806 807/807/807
f 803/803/803 808/808/808 804/804/804
f 803/803/803 807/807/807 808/808/808
f 804/804/804 805/805/805 801/801/801
f 804/804/804 808/808/808 805/805/805
f 805/805/805 810/810/810 806/806/806
f 805/805/805 809/809/809 810/810/810
f 806/806/806 811/811/811 807/807/807
f 806/806/806 810/810/810 811/811/811
f 807/807/807 812/812/812 808/808/808
f 807/807/807 811/811/811 812/812/812
f 808/808/808 809/809/809 805/805/805
f 808/808/808 812/812/812 809/809/809
f 809/809/809 814/814/814 810/810/810
f 809/809/809 813/813/813 814/814/814
f 810/810/810 815/815/815 811/811/811
f 810/810/810 814/814/814 815/815/815
f 811/811/811 816/816/816 812/812/812
f 811/811/811 815/815/815 816/816/816
f 812/812/812 813/813/813 809/809/809
f 812/812/812 816/816/816 813/813/813
f 813/813/813 818/818/818 814/814/814
f 813/813/813 817/817/817 818/818/818
f 814/814/814 819/819/819 815/815/815
f 814/814/814 818/818/818 819/819/819
f 815/815/815 820/820/820 816/816/816
f 815/815/815 819/819/819 820/820/820
f 816/816/816 817/817/817 813/813/813
f 816/816/816 820/820/820 817/817/817
f 817/817/817 822/822/822 818/818/818
f 817/817/817 821/821/821 822/822/822
f 818/818/818 823/823/823 819/819/819
f 818/818/818 822/822/822 823/823/823
f 819/819/819 824/824/824 820/820/820
f 819/819/819 823/823/823 824/824/824
f 820/820/820 821/821/821 817/817/817
f 820/820/820 824/824/824 821/821/821
f 821/821/821 826/826/826 822/822/822
f 821/821/821 825/825/825 826/826/826
f 822/822/822 827/827/827 823/823/823
f 822/822/822 826/826/826 827/827/827
f 823/823/823 828/828/828 824/824/824
f 823/823/823 827/827/827 828/828/828
f 824/824/824 825/825/825 821/821/821
f 824/824/824 828/828/828 825/825/825
f 825/825/825 830/830/830 826/826/826
f 825/825/825 829/829/829 830/830/830
f 826/826/826 831/831/831 827/827/827
f 826/826/826 830/830/830 831/831/831
f 827/827/827 832/832/832 828/828/828
f 827/827/827 831/831/831 832/832/832
f 828/828/828 829/829/829 825/825/825
f 828/828/828 832/832/832 829/829/829
f 829/829/829 834/834/834 830/830/830
f 829/829/829 833/833/833 834/834/834
f 830/830/830 835/835/835 831/831/831
f 830/830/830 834/834/834 835/835/835
f 831/831/831 836/836/836 832/832/832
f 831/831/831 835/835/835 836/836/836
f 832/832/832 833/833/833 829/829/829
f 832/832/832 836/836/836 833/833/833
f 833/833/833 838/838/838 834/834/834
f 833/833/833 837/837/837 838/838/838
f 834/834/834 839/839/839 835/835/835
f 834/834/834 838/838/838 839/839/839
f 835/835/835 840/840/840 836/836/836
f 835/835/835 839/839/839 840/840/840
f 836/836/836 837/837/837 833/833/833
f 836/836/836 840/840/840 837/837/837
f 837/837/837 794/794/794 838/838/838
f 837/837/837 793/793/793 794/794/794
f 838/838/838 795/795/795 839/839/839
f 838/838/838 794/794/794 795/795/795
f 839/839/839 796/796/796 840/840/840
f 839/839/839 795/795/795 796/796/796
f 840/840/840 793/793/793 837/837/837
f 840/840/840 796/796/796 793/793/793
usemtl rope
v -0.6972602 0.30317677 -0.005 0.84 0.76 0.61
v -0.67977161 0.28545864 -0.005 0.84 0.76 0.61
v -0.6972602 0.26774052 -0.005 0.84 0.76 0.61
v -0.71474878 0.28545864 -0.005 0.84 0.76 0.61
v -0.71010202 0.30877769 0.027268293 0.84 0.76 0.61
v -0.70318978 0.28755914 0.03434912 0.84 0.76 0.61
v -0.72164646 0.27532725 0.027268293 0.84 0.76 0.61
v -0.72855869 0.29654581 0.020187465 0.84 0.76 0.61
v -0.76095652 0.32679237 0.050890322 0.84 0.76 0.61
v -0.76059535 0.30789446 0.061161835 0.84 0.76 0.61
v -0.77250096 0.29334193 0.050890322 0.84 0.76 0.61
v -0.77286214 0.31223984 0.040618809 0.84 0.76 0.61
v -0.83042507 0.35140087 0.059536585 0.84 0.76 0.61
v -0.83619729 0.33467565 0.0706 0.84 0.76 0.61
v -0.84196951 0.31795043 0.059536585 0.84 0.76 0.61
v -0.83619729 0.33467565 0.048473171 0.84 0.76 0.61
v -0.89989362 0.37600938 0.050890322 0.84 0.76 0.61
v -0.91179924 0.36145685 0.061161835 0.84 0.76 0.61
v -0.91143806 0.34255894 0.050890322 0.84 0.76 0.61
v -0.89953245 0.35711147 0.040618809 0.84 0.76 0.61
v -0.95074813 0.39402405 0.027268293 0.84 0.76 0.61
v -0.9692048 0.38179217 0.03434912 0.84 0.76 0.61
v -0.96229257 0.36057361 0.027268293 0.84 0.76 0.61
v -0.9438359 0.3728055 0.020187465 0.84 0.76 0.61
v -0.97513439 0.36617454 -0.005 0.84 0.76 0.61
v -0.9576458 0.38389266 -0.005 0.84 0.76 0.61
v -0.97513439 0.40161078 -0.005 0.84 0.76 0.61
v -0.99262298 0.38389266 -0.005 0.84 0.76 0.61
v -0.96229257 0.36057361 -0.037268293 0.84 0.76 0.61
v -0.9438359 0.3728055 -0.030187465 0.84 0.76 0.61
v -0.95074813 0.39402405 -0.037268293 0.84 0.76 0.61
v -0.9692048 0.38179217 -0.04434912 0.84 0.76 0.61
v -0.91143806 0.34255894 -0.060890322 0.84 0.76 0.61
v -0.89953245 0.35711147 -0.050618809 0.84 0.76 0.61
v -0.89989362 0.37600938 -0.060890322 0.84 0.76 0.61
v -0.91179924 0.36145685 -0.071161835 0.84 0.76 0.61
v -0.84196951 0.31795043 -0.069536585 0.84 0.76 0.61
v -0.83619729 0.33467565 -0.058473171 0.84 0.76 0.61
v -0.83042507 0.35140087 -0.069536585 0.84 0.76 0.61
v -0.83619729 0.33467565 -0.0806 0.84 0.76 0.61
v -0.77250096 0.29334193 -0.060890322 0.84 0.76 0.61
v -0.77286214 0.31223984 -0.050618809 0.84 0.76 0.61
v -0.76095652 0.32679237 -0.060890322 0.84 0.76 0.61
v -0.76059535 0.30789446 -0.071161835 0.84 0.76 0.61
v -0.72164646 0.27532725 -0.037268293 0.84 0.76 0.61
v -0.72855869 0.29654581 -0.030187465 0.84 0.76 0.61
v -0.71010202 0.30877769 -0.037268293 0.84 0.76 0.61
v -0.70318978 0.28755914 -0.04434912 0.84 0.76 0.61
vt 0 0
vt 0 0
vt 0 0
vt 0 0
vt 0 0
vt 0 0
vt 0 0
vt 0 0
vt 0 0
vt 0 0
vt 0 0
vt 0 0
vt 0 0
vt 0 0
vt 0 0
vt 0 0
vt 0 0
vt 0 0
vt 0 0
vt 0 0
vt 0 0
vt 0 0
vt 0 0
vt 0 0
vt 0 0
vt 0 0
vt 0 0
vt 0 0
vt 0 0
vt 0 0
vt 0 0
vt 0 0
vt 0 0
vt 0 0
vt 0 0
vt 0 0
vt 0 0
vt 0 0
vt 0 0
vt 0 0
vt 0 0
vt 0 0
vt 0 0
vt 0 0
vt 0 0
vt 0 0
vt 0 0
vt 0 0
vn 0.5252331 0.81831341 -0.2334381
vn 0.87394411 -0.47524949 0.10178217
vn -0.42091975 -0.85872615 -0.2922601
vn -0.73822287 0.44313063 -0.50858848
vn 0.30810603 0.93593939 0.17055246
vn 0.57676805 -0.19653973 0.79291282
vn -0.19188379 -0.97533173 -0.10912665
vn -0.53218023 0.1806393 -0.82713581
vn 0.29079397 0.94814022 0.12833154
vn 0.22894558 -0.095331018 0.96875999
vn -0.26401162 -0.96421446 -0.024255638
vn -0.2228976 0.095737205 -0.9701294
vn 0.27403705 0.96057071 0.046985105
vn 1.1481497e-16 -3.1262773e-17 1
vn -0.27403705 -0.96057071 0.046985105
vn -1.5144812e-16 -1.7586602e-17 -1
vn 0.26401162 0.96421446 -0.024255638
vn -0.22894558 0.095331018 0.96875999
vn -0.29079397 -0.94814022 0.12833154
vn 0.2228976 -0.095737205 -0.9701294
vn 0.50316145 0.70667998 -0.49742534
vn -0.42120942 0.49879617 0.75748598
vn -0.67160878 -0.66579667 0.32504838
vn 0.27162073 -0.46237246 -0.84405799
vn 0.33450676 -0.91332379 0.23226037
vn 0.83004077 0.39702419 0.39166837
vn -0.39993205 0.89914395 0.17774847
vn -0.94247988 -0.32434643 -0.080815073
vn -0.35030205 -0.92887755 0.120312
vn 0.6065546 -0.1244794 0.78523652
vn 0.27428227 0.93049788 -0.24278164
vn -0.6002398 0.14007388 -0.78745888
vn -0.40174182 -0.91543245 0.024226943
vn 0.23475633 -0.062209934 0.97006154
vn 0.37086911 0.91978782 -0.1282438
vn -0.23923175 0.066247659 -0.96869986
vn -0.39168002 -0.91890349 -0.046937627
vn 2.1380911e-16 -4.3966506e-16 1
vn 0.39168002 0.91890349 -0.046937627
vn -1.9795685e-16 3.7515328e-16 -1
vn -0.37086911 -0.91978782 -0.1282438
vn -0.23475633 0.062209934 0.97006154
vn 0.40174182 0.91543245 0.024226943
vn 0.23923175 -0.066247659 -0.96869986
vn 0.086033017 -0.95974266 -0.26738051
vn -0.41472002 -0.14870358 0.8977163
vn 0.17882574 0.8247422 0.53649013
vn 0.62730791 0.091469185 -0.773381
f 841/841/841 846/846/846 842/842/842
f 841/841/841 845/845/845 846/846/846
f 842/842/842 847/847/847 843/843/843
f 842/842/842 846/846/846 847/847/847
f 843/843/843 848/848/848 844/844/844
f 843/843/843 847/847/847 848/848/848
f 844/844/844 845/845/845 841/841/841
f 844/844/844 848/848/848 845/845/845
f 845/845/845 850/850/850 846/846/846
f 845/845/845 849/849/849 850/850/850
f 846/846/846 851/851/851 847/847/847
f 846/846/846 850/850/850 851/851/851
f 847/847/847 852/852/852 848/848/848
f 847/847/847 851/851/851 852/852/852
f 848/848/848 849/849/849 845/845/845
f 848/848/848 852/852/852 849/849/849
f 849/849/849 854/854/854 850/850/850
f 849/849/849 853/853/853 854/854/854
f 850/850/850 855/855/855 851/851/851
f 850/850/850 854/854/854 855/855/855
f 851/851/851 856/856/856 852/852/852
f 851/851/851 855/855/855 856/856/856
f 852/852/852 853/853/853 849/849/849
f 852/852/852 856/856/856 853/853/853
f 853/853/853 858/858/858 854/854/854
f 853/853/853 857/857/857 858/858/858
f 854/854/854 859/859/859 855/855/855
f 854/854/854 858/858/858 859/859/859
f 855/855/855 860/860/860 856/856/856
f 855/855/855 859/859/859 860/860/860
f 856/856/856 857/857/857 853/853/853
f 856/856/856 860/860/860 857/857/857
f 857/857/857 862/862/862 858/858/858
f 857/857/857 861/861/861 862/862/862
f 858/858/858 863/863/863 859/859/859
f 858/858/858 862/862/862 863/863/863
f 859/859/859 864/864/864 860/860/860
f 859/859/859 863/863/863 864/864/864
f 860/860/860 861/861/861 857/857/857
f 860/860/860 864/864/864 861/861/861
f 861/861/861 866/866/866 862/862/862
f 861/861/861 865/865/865 866/866/866
f 862/862/862 867/867/867 863/863/863
f 862/862/862 866/866/866 867/867/867
f 863/863/863 868/868/868 864/864/864
f 863/863/863 867/867/867 868/868/868
f 864/864/864 865/865/865 861/861/861
f 864/864/864 868/868/868 865/865/865
f 865/865/865 870/870/870 866/866/866
f 865/865/865 869/869/869 870/870/870
f 866/866/866 871/871/871 867/867/867
f 866/866/866 870/870/870 871/871/871
f 867/867/867 872/872/872 868/868/868
f 867/867/867 871/871/871 872/872/872
f 868/868/868 869/869/869 865/865/865
f 868/868/868 872/872/872 869/869/869
f 869/869/869 874/874/874 870/870/870
f 869/869/869 873/873/873 874/874/874
f 870/870/870 875/875/875 871/871/871
f 870/870/870 874/874/874 875/875/875
f 871/871/871 876/876/876 872/872/872
f 871/871/871 875/875/875 876/876/876
f 872/872/872 873/873/873 869/869/869
f 872/872/872 876/876/876 873/873/873
f 873/873/873 878/878/878 874/874/874
f 873/873/873 877/877/877 878/878/878
f 874/874/874 879/879/879 875/875/875
f 874/874/874 878/878/878 879/879/879
f 875/875/875 880/880/880 876/876/876
f 875/875/875 879/879/879 880/880/880
f 876/876/876 877/877/877 873/873/873
f 876/876/876 880/880/880 877/877/877
f 877/877/877 882/882/882 878/878/878
f 877/877/877 881/881/881 882/882/882
f 878/878/878 883/883/883 879/879/879
f 878/878/878 882/882/882 883/883/883
f 879/879/879 884/884/884 880/880/880
f 879/879/879 883/883/883 884/884/884
f 880/880/880 881/881/881 877/877/877
f 880/880/880 884/884/884 881/881/881
f 881/881/881 886/886/886 882/882/882
f 881/881/881 885/885/885 886/886/886
f 882/882/882 887/887/887 883/883/883
f 882/882/882 886/886/886 887/887/887
f 883/883/883 888/888/888 884/884/884
f 883/883/883 887/887/887 888/888/888
f 884/884/884 885/885/885 881/881/881
f 884/884/884 888/888/888 885/885/885
f 885/885/885 842/842/842 886/886/886
f 885/885/885 841/841/841 842/842/842
f 886/886/886 843/843/843 887/887/887
f 886/886/886 842/842/842 843/843/843
f 887/887/887 844/844/844 888/888/888
f 887/887/887 843/843/843 844/844/844
f 888/888/888 841/841/841 885/885/885
f 888/888/888 844/844/844 841/841/841
usemtl rope
v -0.70308972 0.95284127 -0.005 0.84 0.76 0.61
v -0.68560114 0.93512315 -0.005 0.84 0.76 0.61
v -0.70308972 0.91740502 -0.005 0.84 0.76 0.61
v -0.72057831 0.93512315 -0.005 0.84 0.76 0.61
v -0.72691861 0.94517359 0.02542439 0.84 0.76 0.61
v -0.70840826 0.9331566 0.032592072 0.84 0.76 0.61
v -0.7149269 0.91188505 0.02542439 0.84 0.76 0.61
v -0.73343726 0.92390204 0.018256709 0.84 0.76 0.61
v -0.77563936 0.92715891 0.04769659 0.84 0.76 0.61
v -0.76364871 0.91273124 0.05799715 0.84 0.76 0.61
v -0.76364765 0.89387037 0.04769659 0.84 0.76 0.61
v -0.7756383 0.90829804 0.03739603 0.84 0.76 0.61
v -0.84219315 0.90255041 0.05584878 0.84 0.76 0.61
v -0.83619729 0.88590614 0.066912195 0.84 0.76 0.61
v -0.83020144 0.86926187 0.05584878 0.84 0.76 0.61
v -0.83619729 0.88590614 0.044785366 0.84 0.76 0.61
v -0.90874693 0.8779419 0.04769659 0.84 0.76 0.61
v -0.90874587 0.85908104 0.05799715 0.84 0.76 0.61
v -0.89675522 0.84465337 0.04769659 0.84 0.76 0.61
v -0.89675628 0.86351423 0.03739603 0.84 0.76 0.61
v -0.95746768 0.85992723 0.02542439 0.84 0.76 0.61
v -0.96398633 0.83865568 0.032592072 0.84 0.76 0.61
v -0.94547597 0.82663869 0.02542439 0.84 0.76 0.61
v -0.93895733 0.84791024 0.018256709 0.84 0.76 0.61
v -0.96930486 0.81897101 -0.005 0.84 0.76 0.61
v -0.95181628 0.83668913 -0.005 0.84 0.76 0.61
v -0.96930486 0.85440725 -0.005 0.84 0.76 0.61
v -0.98679345 0.83668913 -0.005 0.84 0.76 0.61
v -0.94547597 0.82663869 -0.03542439 0.84 0.76 0.61
v -0.93895733 0.84791024 -0.028256709 0.84 0.76 0.61
v -0.95746768 0.85992723 -0.03542439 0.84 0.76 0.61
v -0.96398633 0.83865568 -0.042592072 0.84 0.76 0.61
v -0.89675522 0.84465337 -0.05769659 0.84 0.76 0.61
v -0.89675628 0.86351423 -0.04739603 0.84 0.76 0.61
v -0.90874693 0.8779419 -0.05769659 0.84 0.76 0.61
v -0.90874587 0.85908104 -0.06799715 0.84 0.76 0.61
v -0.83020144 0.86926187 -0.06584878 0.84 0.76 0.61
v -0.83619729 0.88590614 -0.054785366 0.84 0.76 0.61
v -0.84219315 0.90255041 -0.06584878 0.84 0.76 0.61
v -0.83619729 0.88590614 -0.076912195 0.84 0.76 0.61
v -0.76364765 0.89387037 -0.05769659 0.84 0.76 0.61
v -0.7756383 0.90829804 -0.04739603 0.84 0.76 0.61
v -0.77563936 0.92715891 -0.05769659 0.84 0.76 0.61
v -0.76364871 0.91273124 -0.06799715 0.84 0.76 0.61
v -0.7149269 0.91188505 -0.03542439 0.84 0.76 0.61
v -0.73343726 0.92390204 -0.028256709 0.84 0.76 0.61
v -0.72691861 0.94517359 -0.03542439 0.84 0.76 0.61
v -0.70840826 0.9331566 -0.042592072 0.84 0.76 0.61
vt 0 0
vt 0 0
vt 0 0
vt 0 0
vt 0 0
vt 0 0
vt 0 0
vt 0 0
vt 0 0
vt 0 0
vt 0 0
vt 0 0
vt 0 0
vt 0 0
vt 0 0
vt 0 0
vt 0 0
vt 0 0
vt 0 0
vt 0 0
vt 0 0
vt 0 0
vt 0 0
vt 0 0
vt 0 0
vt 0 0
vt 0 0
vt 0 0
vt 0 0
vt 0 0
vt 0 0
vt 0 0
vt 0 0
vt 0 0
vt 0 0
vt 0 0
vt 0 0
vt 0 0
vt 0 0
vt 0 0
vt 0 0
vt 0 0
vt 0 0
vt 0 0
vt 0 0
vt 0 0
vt 0 0
vt 0 0
vn 0.39746048 0.89879626 -0.18490658
vn 0.9450059 -0.31757155 0.078180283
vn -0.32747994 -0.91220264 -0.24625845
vn -0.82532719 0.39691001 -0.40161856
vn -0.28289754 0.92605034 0.24979944
vn 0.59208208 0.14350027 0.79299841
vn 0.3624029 -0.92428675 -0.11982549
vn -0.59837997 -0.12610301 -0.79122654
vn -0.3821403 0.9148899 0.13017398
vn 0.23417908 0.067331786 0.96985906
vn 0.4135693 -0.91018866 -0.022738626
vn -0.22948152 -0.062953734 -0.97127497
vn -0.40304213 0.91392797 0.047882194
vn 5.7510788e-17 4.8656348e-17 1
vn 0.40304213 -0.91392797 0.047882194
vn -6.4859052e-17 -5.4873264e-17 -1
vn -0.4135693 0.91018866 -0.022738626
vn -0.23417908 -0.067331786 0.96985906
vn 0.3821403 -0.9148899 0.13017398
vn 0.22948152 0.062953734 -0.97127497
vn -0.20481117 0.81459331 -0.54266945
vn -0.62547486 0.080498925 0.77608062
vn -0.074969445 -0.96144244 0.26459029
vn 0.40329671 -0.14340533 -0.90376251
vn 0.41416083 -0.85526338 0.31144077
vn 0.72755995 0.43948365 0.52679279
vn -0.52772612 0.81316086 0.24550877
vn -0.87321543 -0.47714 -0.099157619
vn 0.20072051 -0.97357498 0.10891757
vn 0.51818385 0.18511055 0.83499676
vn -0.32419682 0.92998891 -0.17325431
vn -0.56737477 -0.20310494 -0.79801895
vn 0.27796524 -0.96032131 0.022766176
vn 0.21663271 0.097753874 0.97134672
vn -0.30494612 0.94341898 -0.13026315
vn -0.22308159 -0.097390822 -0.96992249
vn 0.2884165 -0.95630462 -0.047931221
vn 2.4090505e-16 -7.3164352e-17 1
vn -0.2884165 0.95630462 -0.047931221
vn -2.2182732e-16 8.1093913e-17 -1
vn 0.30494612 -0.94341898 -0.13026315
vn -0.21663271 -0.097753874 0.97134672
vn -0.27796524 0.96032131 0.022766176
vn 0.22308159 0.097390822 -0.96992249
vn 0.68008123 -0.65623855 -0.32686463
vn -0.25704287 -0.46139332 0.84914378
vn -0.50455064 0.70187736 0.50278904
vn 0.41225597 0.50051905 -0.76126585
f 889/889/889 894/894/894 890/890/890
f 889/889/889 893/893/893 894/894/894
f 890/890/890 895/895/895 891/891/891
f 890/890/890 894/894/894 895/895/895
f 891/891/891 896/896/896 892/892/892
f 891/891/891 895/895/895 896/896/896
f 892/892/892 893/893/893 889/889/889
f 892/892/892 896/896/896 893/893/893
f 893/893/893 898/898/898 894/894/894
f 893/893/893 897/897/897 898/898/898
f 894/894/894 899/899/899 895/895/895
f 894/894/894 898/898/898 899/899/899
f 895/895/895 900/900/900 896/896/896
f 895/895/895 899/899/899 900/900/900
f 896/896/896 897/897/897 893/893/893
f 896/896/896 900/900/900 897/897/897
f 897/897/897 902/902/902 898/898/898
f 897/897/897 901/901/901 902/902/902
f 898/898/898 903/903/903 899/899/899
f 898/898/898 902/902/902 903/903/903
f 899/899/899 904/904/904 900/900/900
f 899/899/899 903/903/903 904/904/904
f 900/900/900 901/901/901 897/897/897
f 900/900/900 904/904/904 901/901/901
f 901/901/901 906/906/906 902/902/902
f 901/901/901 905/905/905 906/906/906
f 902/902/902 907/907/907 903/903/903
f 902/902/902 906/906/906 907/907/907
f 903/903/903 908/908/908 904/904/904
f 903/903/903 907/907/907 908/908/908
f 904/904/904 905/905/905 901/901/901
f 904/904/904 908/908/908 905/905/905
f 905/905/905 910/910/910 906/906/906
f 905/905/905 909/909/909 910/910/910
f 906/906/906 911/911/911 907/907/907
f 906/906/906 910/910/910 911/911/911
f 907/907/907 912/912/912 908/908/908
f 907/907/907 911/911/911 912/912/912
f 908/908/908 909/909/909 905/905/905
f 908/908/908 912/912/912 909/909/909
f 909/909/909 914/914/914 910/910/910
f 909/909/909 913/913/913 914/914/914
f 910/910/910 915/915/915 911/911/911
f 910/910/910 914/914/914 915/915/915
f 911/911/911 916/916/916 912/912/912
f 911/911/911 915/915/915 916/916/916
f 912/912/912 913/913/913 909/909/909
f 912/912/912 916/916/916 913/913/913
f 913/913/913 918/918/918 914/914/914
f 913/913/913 917/917/917 918/918/918
f 914/914/914 919/919/919 915/915/915
f 914/914/914 918/918/918 919/919/919
f 915/915/915 920/920/920 916/916/916
f 915/915/915 919/919/919 920/920/920
f 916/916/916 917/917/917 913/913/913
f 916/916/916 920/920/920 917/917/917
f 917/917/917 922/922/922 918/918/918
f 917/917/917 921/921/921 922/922/922
f 918/918/918 923/923/923 919/919/919
f 918/918/918 922/922/922 923/923/923
f 919/919/919 924/924/924 920/920/920
f 919/919/919 923/923/923 924/924/924
f 920/920/920 921/921/921 917/917/917
f 920/920/920 924/924/924 921/921/921
f 921/921/921 926/926/926 922/922/922
f 921/921/921 925/925/925 926/926/926
f 922/922/922 927/927/927 923/923/923
f 922/922/922 926/926/926 927/927/927
f 923/923/923 928/928/928 924/924/924
f 923/923/923 927/927/927 928/928/928
f 924/924/924 925/925/925 921/921/921
f 924/924/924 928/928/928 925/925/925
f 925/925/925 930/930/930 926/926/926
f 925/925/925 929/929/929 930/930/930
f 926/926/926 931/931/931 927/927/927
f 926/926/926 930/930/930 931/931/931
f 927/927/927 932/932/932 928/928/928
f 927/927/927 931/931/931 932/932/932
f 928/928/928 929/929/929 925/925/925
f 928/928/928 932/932/932 929/929/929
f 929/929/929 934/934/934 930/930/930
f 929/929/929 933/933/933 934/934/934
f 930/930/930 935/935/935 931/931/931
f 930/930/930 934/934/934 935/935/935
f 931/931/931 936/936/936 932/932/932
f 931/931/931 935/935/935 936/936/936
f 932/932/932 933/933/933 929/929/929
f 932/932/932 936/936/936 933/933/933
f 933/933/933 890/890/890 934/934/934
f 933/933/933 889/889/889 890/890/890
f 934/934/934 891/891/891 935/935/935
f 934/934/934 890/890/890 891/891/891
f 935/935/935 892/892/892 936/936/936
f 935/935/935 891/891/891 892/892/892
f 936/936/936 889/889/889 933/933/933
f 936/936/936 892/892/892 889/889/889
usemtl rope
v -0.6972602 0.85440725 -0.005 0.84 0.76 0.61
v -0.67977161 0.83668913 -0.005 0.84 0.76 0.61
v -0.6972602 0.81897101 -0.005 0.84 0.76 0.61
v -0.71474878 0.83668913 -0.005 0.84 0.76 0.61
v -0.71010202 0.86000818 0.027268293 0.84 0.76 0.61
v -0.70318978 0.83878963 0.03434912 0.84 0.76 0.61
v -0.72164646 0.82655774 0.027268293 0.84 0.76 0.61
v -0.72855869 0.84777629 0.020187465 0.84 0.76 0.61
v -0.76095652 0.87802286 0.050890322 0.84 0.76 0.61
v -0.76059535 0.85912494 0.061161835 0.84 0.76 0.61
v -0.77250096 0.84457241 0.050890322 0.84 0.76 0.61
v -0.77286214 0.86347033 0.040618809 0.84 0.76 0.61
v -0.83042507 0.90263136 0.059536585 0.84 0.76 0.61
v -0.83619729 0.88590614 0.0706 0.84 0.76 0.61
v -0.84196951 0.86918092 0.059536585 0.84 0.76 0.61
v -0.83619729 0.88590614 0.048473171 0.84 0.76 0.61
v -0.89989362 0.92723986 0.050890322 0.84 0.76 0.61
v -0.91179924 0.91268733 0.061161835 0.84 0.76 0.61
v -0.91143806 0.89378942 0.050890322 0.84 0.76 0.61
v -0.89953245 0.90834195 0.040618809 0.84 0.76 0.61
v -0.95074813 0.94525454 0.027268293 0.84 0.76 0.61
v -0.9692048 0.93302265 0.03434912 0.84 0.76 0.61
v -0.96229257 0.9118041 0.027268293 0.84 0.76 0.61
v -0.9438359 0.92403598 0.020187465 0.84 0.76 0.61
v -0.97513439 0.91740502 -0.005 0.84 0.76 0.61
v -0.9576458 0.93512315 -0.005 0.84 0.76 0.61
v -0.97513439 0.95284127 -0.005 0.84 0.76 0.61
v -0.99262298 0.93512315 -0.005 0.84 0.76 0.61
v -0.96229257 0.9118041 -0.037268293 0.84 0.76 0.61
v -0.9438359 0.92403598 -0.030187465 0.84 0.76 0.61
v -0.95074813 0.94525454 -0.037268293 0.84 0.76 0.61
v -0.9692048 0.93302265 -0.04434912 0.84 0.76 0.61
v -0.91143806 0.89378942 -0.060890322 0.84 0.76 0.61
v -0.89953245 0.90834195 -0.050618809 0.84 0.76 0.61
v -0.89989362 0.92723986 -0.060890322 0.84 0.76 0.61
v -0.91179924 0.91268733 -0.071161835 0.84 0.76 0.61
v -0.84196951 0.86918092 -0.069536585 0.84 0.76 0.61
v -0.83619729 0.88590614 -0.058473171 0.84 0.76 0.61
v -0.83042507 0.90263136 -0.069536585 0.84 0.76 0.61
v -0.83619729 0.88590614 -0.0806 0.84 0.76 0.61
v -0.77250096 0.84457241 -0.060890322 0.84 0.76 0.61
v -0.77286214 0.86347033 -0.050618809 0.84 0.76 0.61
v -0.76095652 0.87802286 -0.060890322 0.84 0.76 0.61
v -0.76059535 0.85912494 -0.071161835 0.84 0.76 0.61
v -0.72164646 0.82655774 -0.037268293 0.84 0.76 0.61
v -0.72855869 0.84777629 -0.030187465 0.84 0.76 0.61
v -0.71010202 0.86000818 -0.037268293 0.84 0.76 0.61
v -0.70318978 0.83878963 -0.04434912 0.84 0.76 0.61
vt 0 0
vt 0 0
vt 0 0
vt 0 0
vt 0 0
vt 0 0
vt 0 0
vt 0 0
vt 0 0
vt 0 0
vt 0 0
vt 0 0
vt 0 0
vt 0 0
vt 0 0
vt 0 0
vt 0 0
vt 0 0
vt 0 0
vt 0 0
vt 0 0
vt 0 0
vt 0 0
vt 0 0
vt 0 0
vt 0 0
vt 0 0
vt 0 0
vt 0 0
vt 0 0
vt 0 0
vt 0 0
vt 0 0
vt 0 0
vt 0 0
vt 0 0
vt 0 0
vt 0 0
vt 0 0
vt 0 0
vt 0 0
vt 0 0
vt 0 0
vt 0 0
vt 0 0
vt 0 0
vt 0 0
vt 0 0
vn 0.5252331 0.81831341 -0.2334381
vn 0.87394411 -0.47524949 0.10178217
vn -0.42091975 -0.85872615 -0.2922601
vn -0.73822287 0.44313063 -0.50858848
vn 0.30810603 0.93593939 0.17055246
vn 0.57676805 -0.19653973 0.79291282
vn -0.19188379 -0.97533173 -0.10912665
vn -0.53218023 0.1806393 -0.82713581
vn 0.29079397 0.94814022 0.12833154
vn 0.22894558 -0.095331018 0.96875999
vn -0.26401162 -0.96421446 -0.024255638
vn -0.2228976 0.095737205 -0.9701294
vn 0.27403705 0.96057071 0.046985105
vn 5.9387055e-17 -1.5631387e-17 1
vn -0.27403705 -0.96057071 0.046985105
vn -3.5634852e-17 1.7586602e-17 -1
vn 0.26401162 0.96421446 -0.024255638
vn -0.22894558 0.095331018 0.96875999
vn -0.29079397 -0.94814022 0.12833154
vn 0.2228976 -0.095737205 -0.9701294
vn 0.50316145 0.70667998 -0.49742534
vn -0.42120942 0.49879617 0.75748598
vn -0.67160878 -0.66579667 0.32504838
vn 0.27162073 -0.46237246 -0.84405799
vn 0.33450676 -0.91332379 0.23226037
vn 0.83004077 0.39702419 0.39166837
vn -0.39993205 0.89914395 0.17774847
vn -0.94247988 -0.32434643 -0.080815073
vn -0.35030205 -0.92887755 0.120312
vn 0.6065546 -0.1244794 0.78523652
vn 0.27428227 0.93049788 -0.24278164
vn -0.6002398 0.14007388 -0.78745888
vn -0.40174182 -0.91543245 0.024226943
vn 0.23475633 -0.062209934 0.97006154
vn 0.37086911 0.91978782 -0.1282438
vn -0.23923175 0.066247659 -0.96869986
vn -0.39168002 -0.91890349 -0.046937627
vn 2.761701e-16 -4.2207846e-16 1
vn 0.39168002 0.91890349 -0.046937627
vn -2.4546649e-16 3.9078466e-16 -1
vn -0.37086911 -0.91978782 -0.1282438
vn -0.23475633 0.062209934 0.97006154
vn 0.40174182 0.91543245 0.024226943
vn 0.23923175 -0.066247659 -0.96869986
vn 0.086033017 -0.95974266 -0.26738051
vn -0.41472002 -0.14870358 0.8977163
vn 0.17882574 0.8247422 0.53649013
vn 0.62730791 0.091469185 -0.773381
f 937/937/937 942/942/942 938/938/938
f 937/937/937 941/941/941 942/942/942
f 938/938/938 943/943/943 939/939/939
f 938/938/938 942/942/942 943/943/943
f 939/939/939 944/944/944 940/940/940
f 939/939/939 943/943/943 944/944/944
f 940/940/940 941/941/941 937/937/937
f 940/940/940 944/944/944 941/941/941
f 941/941/941 946/946/946 942/942/942
f 941/941/941 945/945/945 946/946/946
f 942/942/942 947/947/947 943/943/943
f 942/942/942 946/946/946 947/947/947
f 943/943/943 948/948/948 944/944/944
f 943/943/943 947/947/947 948/948/948
f 944/944/944 945/945/945 941/941/941
f 944/944/944 948/948/948 945/945/945
f 945/945/945 950/950/950 946/946/946
f 945/945/945 949/949/949 950/950/950
f 946/946/946 951/951/951 947/947/947
f 946/946/946 950/950/950 951/951/951
f 947/947/947 952/952/952 948/948/948
f 947/947/947 951/951/951 952/952/952
f 948/948/948 949/949/949 945/945/945
f 948/948/948 952/952/952 949/949/949
f 949/949/949 954/954/954 950/950/950
f 949/949/949 953/953/953 954/954/954
f 950/950/950 955/955/955 951/951/951
f 950/950/950 954/954/954 955/955/955
f 951/951/951 956/956/956 952/952/952
f 951/951/951 955/955/955 956/956/956
f 952/952/952 953/953/953 949/949/949
f 952/952/952 956/956/956 953/953/953
f 953/953/953 958/958/958 954/954/954
f 953/953/953 957/957/957 958/958/958
f 954/954/954 959/959/959 955/955/955
f 954/954/954 958/958/958 959/959/959
f 955/955/955 960/960/960 956/956/956
f 955/955/955 959/959/959 960/960/960
f 956/956/956 957/957/957 953/953/953
f 956/956/956 960/960/960 957/957/957
f 957/957/957 962/962/962 958/958/958
f 957/957/957 961/961/961 962/962/962
f 958/958/958 963/963/963 959/959/959
f 958/958/958 962/962/962 963/963/963
f 959/959/959 964/964/964 960/960/960
f 959/959/959 963/963/963 964/964/964
f 960/960/960 961/961/961 957/957/957
f 960/960/960 964/964/964 961/961/961
f 961/961/961 966/966/966 962/962/962
f 961/961/961 965/965/965 966/966/966
f 962/962/962 967/967/967 963/963/963
f 962/962/962 966/966/966 967/967/967
f 963/963/963 968/968/968 964/964/964
f 963/963/963 967/967/967 968/968/968
f 964/964/964 965/965/965 961/961/961
f 964/964/964 968/968/968 965/965/965
f 965/965/965 970/970/970 966/966/966
f 965/965/965 969/969/969 970/970/970
f 966/966/966 971/971/971 967/967/967
f 966/966/966 970/970/970 971/971/971
f 967/967/967 972/972/972 968/968/968
f 967/967/967 971/971/971 972/972/972
f 968/968/968 969/969/969 965/965/965
f 968/968/968 972/972/972 969/969/969
f 969/969/969 974/974/974 970/970/970
f 969/969/969 973/973/973 974/974/974
f 970/970/970 975/975/975 971/971/971
f 970/970/970 974/974/974 975/975/975
f 971/971/971 976/976/976 972/972/972
f 971/971/971 975/975/975 976/976/976
f 972/972/972 973/973/973 969/969/969
f 972/972/972 976/976/976 973/973/973
f 973/973/973 978/978/978 974/974/974
f 973/973/973 977/977/977 978/978/978
f 974/974/974 979/979/979 975/975/975
f 974/974/974 978/978/978 979/979/979
f 975/975/975 980/980/980 976/976/976
f 975/975/975 979/979/979 980/980/980
f 976/976/976 977/977/977 973/973/973
f 976/976/976 980/980/980 977/977/977
f 977/977/977 982/982/982 978/978/978
f 977/977/977 981/981/981 982/982/982
f 978/978/978 983/983/983 979/979/979
f 978/978/978 982/982/982 983/983/983
f 979/979/979 984/984/984 980/980/980
f 979/979/979 983/983/983 984/984/984
f 980/980/980 981/981/981 977/977/977
f 980/980/980 984/984/984 981/981/981
f 981/981/981 938/938/938 982/982/982
f 981/981/981 937/937/937 938/938/938
f 982/982/982 939/939/939 983/983/983
f 982/982/982 938/938/938 939/939/939
f 983/983/983 940/940/940 984/984/984
f 983/983/983 939/939/939 940/940/940
f 984/984/984 937/937/937 981/981/981
f 984/984/984 940/940/940 937/937/937
usemtl timber
v -0.48020718 0 -0.005 1 1 1
v -0.50020238 0 0.019039082 1 1 1
v -0.54073782 0 0.037005359 1 1 1
v -0.59728378 0 0.04620245 1 1 1
v -0.65305198 0 0.036427592 1 1 1
v -0.69757215 0 0.019833185 1 1 1
v -0.70950197 0 -0.005 1 1 1
v -0.69877749 0 -0.030131649 1 1 1
v -0.65538521 0 -0.048160847 1 1 1
v -0.59728378 0 -0.052139013 1 1 1
v -0.53840458 0 -0.048738613 1 1 1
v -0.49899704 0 -0.029337547 1 1 1
v -0.48143646 0.2012885 -0.005 1 1 1
v -0.50002495 0.2012885 0.019083016 1 1 1
v -0.54012318 0.2012885 0.037461946 1 1 1
v -0.59728378 0.2012885 0.046114583 1 1 1
v -0.65243734 0.2012885 0.035971005 1 1 1
v -0.69774958 0.2012885 0.019877119 1 1 1
v -0.71073125 0.2012885 -0.005 1 1 1
v -0.69860007 0.2012885 -0.030087716 1 1 1
v -0.65477057 0.2012885 -0.047704259 1 1 1
v -0.59728378 0.2012885 -0.052226881 1 1 1
v -0.53778994 0.2012885 -0.0491952 1 1 1
v -0.49917446 0.2012885 -0.029293613 1 1 1
v -0.48232364 0.402577 -0.005 1 1 1
v -0.49926699 0.402577 0.019270702 1 1 1
v -0.53967959 0.402577 0.037791468 1 1 1
v -0.59728378 0.402577 0.045739211 1 1 1
v -0.65199375 0.402577 0.035641484 1 1 1
v -0.69850754 0.402577 0.020064805 1 1 1
v -0.71161843 0.402577 -0.005 1 1 1
v -0.6978421 0.402577 -0.02990003 1 1 1
v -0.65432699 0.402577 -0.047374738 1 1 1
v -0.59728378 0.402577 -0.052602253 1 1 1
v -0.53734635 0.402577 -0.049524722 1 1 1
v -0.49993243 0.402577 -0.029105927 1 1 1
v -0.48254517 0.6038655 -0.005 1 1 1
v -0.4982049 0.6038655 0.019533693 1 1 1
v -0.53956883 0.6038655 0.037873749 1 1 1
v -0.59728378 0.6038655 0.045213229 1 1 1
v -0.65188298 0.6038655 0.035559202 1 1 1
v -0.69956962 0.6038655 0.020327795 1 1 1
v -0.71183996 0.6038655 -0.005 1 1 1
v -0.69678002 0.6038655 -0.029637039 1 1 1
v -0.65421622 0.6038655 -0.047292456 1 1 1
v -0.59728378 0.6038655 -0.053128234 1 1 1
v -0.53723559 0.6038655 -0.049607004 1 1 1
v -0.50099451 0.6038655 -0.028842936 1 1 1
v -0.48202026 0.805154 -0.005 1 1 1
v -0.49722604 0.805154 0.019776077 1 1 1
v -0.53983128 0.805154 0.037678784 1 1 1
v -0.59728378 0.805154 0.04472846 1 1 1
v -0.65214544 0.805154 0.035754168 1 1 1
v -0.70054849 0.805154 0.02057018 1 1 1
v -0.71131505 0.805154 -0.005 1 1 1
v -0.69580115 0.805154 -0.029394654 1 1 1
v -0.65447868 0.805154 -0.047487422 1 1 1
v -0.59728378 0.805154 -0.053613003 1 1 1
v -0.53749804 0.805154 -0.049412038 1 1 1
v -0.50197338 0.805154 -0.028600552 1 1 1
v -0.48094034 1.0064425 -0.005 1 1 1
v -0.49668737 1.0064425 0.01990946 1 1 1
v -0.54037124 1.0064425 0.037277673 1 1 1
v -0.59728378 1.0064425 0.044461695 1 1 1
v -0.6526854 1.0064425 0.036155278 1 1 1
v -0.70108715 1.0064425 0.020703563 1 1 1
v -0.71023513 1.0064425 -0.005 1 1 1
v -0.69526249 1.0064425 -0.029261271 1 1 1
v -0.65501863 1.0064425 -0.047888532 1 1 1
v -0.59728378 1.0064425 -0.053879769 1 1 1
v -0.538038 1.0064425 -0.049010927 1 1 1
v -0.50251204 1.0064425 -0.028467169 1 1 1
v -0.59728378 0 -0.005 1 1 1
v -0.59728378 1.3952569 -0.005 1 1 1
vt 1 0.519
vt 1.1666667 0.519
vt 1.3333333 0.519
vt 1.5 0.519
vt 1.6666667 0.519
vt 1.8333333 0.519
vt 2 0.519
vt 0.16666667 0.519
vt 0.33333333 0.519
vt 0.5 0.519
vt 0.66666667 0.519
vt 0.83333333 0.519
vt 1 0.88879675
vt 1.1666667 0.88879675
vt 1.3333333 0.88879675
vt 1.5 0.88879675
vt 1.6666667 0.88879675
vt 1.8333333 0.88879675
vt 2 0.88879675
vt 0.16666667 0.88879675
vt 0.33333333 0.88879675
vt 0.5 0.88879675
vt 0.66666667 0.88879675
vt 0.83333333 0.88879675
vt 1 1.2585935
vt 1.1666667 1.2585935
vt 1.3333333 1.2585935
vt 1.5 1.2585935
vt 1.6666667 1.2585935
vt 1.8333333 1.2585935
vt 2 1.2585935
vt 0.16666667 1.2585935
vt 0.33333333 1.2585935
vt 0.5 1.2585935
vt 0.66666667 1.2585935
vt 0.83333333 1.2585935
vt 1 1.6283903
vt 1.1666667 1.6283903
vt 1.3333333 1.6283903
vt 1.5 1.6283903
vt 1.6666667 1.6283903
vt 1.8333333 1.6283903
vt 2 1.6283903
vt 0.16666667 1.6283903
vt 0.33333333 1.6283903
vt 0.5 1.6283903
vt 0.66666667 1.6283903
vt 0.83333333 1.6283903
vt 1 1.998187
vt 1.1666667 1.998187
vt 1.3333333 1.998187
vt 1.5 1.998187
vt 1.6666667 1.998187
vt 1.8333333 1.998187
vt 2 1.998187
vt 0.16666667 1.998187
vt 0.33333333 1.998187
vt 0.5 1.998187
vt 0.66666667 1.998187
vt 0.83333333 1.998187
vt 1 2.3679838
vt 1.1666667 2.3679838
vt 1.3333333 2.3679838
vt 1.5 2.3679838
vt 1.6666667 2.3679838
vt 1.8333333 2.3679838
vt 2 2.3679838
vt 0.16666667 2.3679838
vt 0.33333333 2.3679838
vt 0.5 2.3679838
vt 0.66666667 2.3679838
vt 0.83333333 2.3679838
vt 1 0.519
vt 1 3.0822932
vn 0.90441892 -0.3478326 0.24706052
vn 0.50079271 -0.22960703 0.83455813
vn 0.22269249 -0.17514034 0.95902759
vn -0.062995999 -0.16666365 0.98399936
vn -0.27543375 -0.17942979 0.94442639
vn -0.66337143 -0.27819214 0.69465638
vn -0.92778602 -0.34780886 -0.13506329
vn -0.51203471 -0.23855698 -0.82517333
vn -0.16219738 -0.17022245 -0.97196519
vn 0.013737018 -0.15445194 -0.9879048
vn 0.29214231 -0.19356176 -0.93658247
vn 0.64314654 -0.26653354 -0.7178596
vn 0.99999518 0.0029376295 -0.0010011019
vn 0.58274167 -0.0010285744 0.81265681
vn 0.26361266 -0.0014476672 0.96462753
vn -0.011558322 0.00063691732 0.999933
vn -0.24861306 0.0014458531 0.96860181
vn -0.5786284 -0.0010125265 0.81559067
vn -0.99999514 -0.0029615909 -0.00097232972
vn -0.61030556 0.0010445842 -0.7921654
vn -0.21750285 0.0013882575 -0.9760587
vn -0.011029205 -0.0006538771 -0.99993896
vn 0.23174642 -0.0013889313 -0.97277524
vn 0.6136225 0.0010599606 -0.78959882
vn 0.99972473 0.0015421527 -0.023411145
vn 0.59111874 -0.0020142937 0.80658203
vn 0.25857182 -0.00075348344 0.96599174
vn -0.015757682 0.0012422225 0.99987507
vn -0.24373693 0.00075600546 0.96984109
vn -0.57009594 -0.0019476664 0.82157582
vn -0.99973871 -0.0015474538 -0.022806264
vn -0.60161086 0.0020194807 -0.79878677
vn -0.22238259 0.00073210666 -0.9749592
vn -0.015080537 -0.0012693913 -0.99988548
vn 0.2367981 -0.00072894538 -0.97155861
vn 0.62213582 0.0020845887 -0.78290655
vn 0.99850124 -0.00042172282 -0.054727537
vn 0.59322199 -0.0022563948 0.80503576
vn 0.25152229 0.00020486284 0.96785148
vn -0.016775263 0.0013976733 0.99985831
vn -0.23697862 -0.00020580131 0.97151484
vn -0.56792768 -0.0021716288 0.82307559
vn -0.99857545 0.00042270107 -0.053356304
vn -0.599451 0.0022670257 -0.80040825
vn -0.22923766 -0.00020165026 -0.97337046
vn -0.016120473 -0.0014189733 -0.99986905
vn 0.24395958 0.00020055697 -0.96978538
vn 0.62422199 0.00234974 -0.78124349
vn 0.99650264 -0.0022232186 -0.083531662
vn 0.58820636 -0.0016640436 0.80870917
vn 0.24507539 0.001079349 0.96950342
vn -0.014258327 0.0010424808 0.9998978
vn -0.23080102 -0.0010814571 0.97300037
vn -0.57290129 -0.0016182274 0.81962278
vn -0.99668679 0.0022348354 -0.081304696
vn -0.60453533 0.0016994591 -0.79657652
vn -0.2356077 -0.0010710589 -0.97184766
vn -0.013753693 -0.0010520344 -0.99990486
vn 0.25061715 0.0010684113 -0.96808569
vn 0.61911906 0.0017433603 -0.7852952
vn 0.96300687 0.16171054 -0.21556313
vn 0.61331538 0.11628831 0.78123062
vn 0.25649384 0.080648514 0.96317534
vn 0.0096952951 0.071906046 0.99736429
vn -0.21324087 0.074759729 0.97413516
vn -0.52717926 0.10978154 0.8426328
vn -0.98615912 0.16180978 -0.036163468
vn -0.64144015 0.11883795 -0.75791297
vn -0.26403972 0.08117927 -0.96108946
vn -0.023467552 0.070087139 -0.99726479
vn 0.22626202 0.0815882 -0.97064353
vn 0.59048059 0.10900605 -0.7996564
vn 0 -1 0
vn 6.2082516e-17 1 1.9627492e-16
f 985/985/985 998/998/998 986/986/986
f 985/985/985 997/997/997 998/998/998
f 986/986/986 999/999/999 987/987/987
f 986/986/986 998/998/998 999/999/999
f 987/987/987 1000/1000/1000 988/988/988
f 987/987/987 999/999/999 1000/1000/1000
f 988/988/988 1001/1001/1001 989/989/989
f 988/988/988 1000/1000/1000 1001/1001/1001
f 989/989/989 1002/1002/1002 990/990/990
f 989/989/989 1001/1001/1001 1002/1002/1002
f 990/990/990 1003/1003/1003 991/991/991
f 990/990/990 1002/1002/1002 1003/1003/1003
f 991/991/991 1004/1004/1004 992/992/992
f 991/991/991 1003/1003/1003 1004/1004/1004
f 992/992/992 1005/1005/1005 993/993/993
f 992/992/992 1004/1004/1004 1005/1005/1005
f 993/993/993 1006/1006/1006 994/994/994
f 993/993/993 1005/1005/1005 1006/1006/1006
f 994/994/994 1007/1007/1007 995/995/995
f 994/994/994 1006/1006/1006 1007/1007/1007
f 995/995/995 1008/1008/1008 996/996/996
f 995/995/995 1007/1007/1007 1008/1008/1008
f 996/996/996 997/997/997 985/985/985
f 996/996/996 1008/1008/1008 997/997/997
f 997/997/997 1010/1010/1010 998/998/998
f 997/997/997 1009/1009/1009 1010/1010/1010
f 998/998/998 1011/1011/1011 999/999/999
f 998/998/998 1010/1010/1010 1011/1011/1011
f 999/999/999 1012/1012/1012 1000/1000/1000
f 999/999/999 1011/1011/1011 1012/1012/1012
f 1000/1000/1000 1013/1013/1013 1001/1001/1001
f 1000/1000/1000 1012/1012/1012 1013/1013/1013
f 1001/1001/1001 1014/1014/1014 1002/1002/1002
f 1001/1001/1001 1013/1013/1013 1014/1014/1014
f 1002/1002/1002 1015/1015/1015 1003/1003/1003
f 1002/1002/1002 1014/1014/1014 1015/1015/1015
f 1003/1003/1003 1016/1016/1016 1004/1004/1004
f 1003/1003/1003 1015/1015/1015 1016/1016/1016
f 1004/1004/1004 1017/1017/1017 1005/1005/1005
f 1004/1004/1004 1016/1016/1016 1017/1017/1017
f 1005/1005/1005 1018/1018/1018 1006/1006/1006
f 1005/1005/1005 1017/1017/1017 1018/1018/1018
f 1006/1006/1006 1019/1019/1019 1007/1007/1007
f 1006/1006/1006 1018/1018/1018 1019/1019/1019
f 1007/1007/1007 1020/1020/1020 1008/1008/1008
f 1007/1007/1007 1019/1019/1019 1020/1020/1020
f 1008/1008/1008 1009/1009/1009 997/997/997
f 1008/1008/1008 1020/1020/1020 1009/1009/1009
f 1009/1009/1009 1022/1022/1022 1010/1010/1010
f 1009/1009/1009 1021/1021/1021 1022/1022/1022
f 1010/1010/1010 1023/1023/1023 1011/1011/1011
f 1010/1010/1010 1022/1022/1022 1023/1023/1023
f 1011/1011/1011 1024/1024/1024 1012/1012/1012
f 1011/1011/1011 1023/1023/1023 1024/1024/1024
f 1012/1012/1012 1025/1025/1025 1013/1013/1013
f 1012/1012/1012 1024/1024/1024 1025/1025/1025
f 1013/1013/1013 1026/1026/1026 1014/1014/1014
f 1013/1013/1013 1025/1025/1025 1026/1026/1026
f 1014/1014/1014 1027/1027/1027 1015/1015/1015
f 1014/1014/1014 1026/1026/1026 1027/1027/1027
f 1015/1015/1015 1028/1028/1028 1016/1016/1016
f 1015/1015/1015 1027/1027/1027 1028/1028/1028
f 1016/1016/1016 1029/1029/1029 1017/1017/1017
f 1016/1016/1016 1028/1028/1028 1029/1029/1029
f 1017/1017/1017 1030/1030/1030 1018/1018/1018
f 1017/1017/1017 1029/1029/1029 1030/1030/1030
f 1018/1018/1018 1031/1031/1031 1019/1019/1019
f 1018/1018/1018 1030/1030/1030 1031/1031/1031
f 1019/1019/1019 1032/1032/1032 1020/1020/1020
f 1019/1019/1019 1031/1031/1031 1032/1032/1032
f 1020/1020/1020 1021/1021/1021 1009/1009/1009
f 1020/1020/1020 1032/1032/1032 1021/1021/1021
f 1021/1021/1021 1034/1034/1034 1022/1022/1022
f 1021/1021/1021 1033/1033/1033 1034/1034/1034
f 1022/1022/1022 1035/1035/1035 1023/1023/1023
f 1022/1022/1022 1034/1034/1034 1035/1035/1035
f 1023/1023/1023 1036/1036/1036 1024/1024/1024
f 1023/1023/1023 1035/1035/1035 1036/1036/1036
f 1024/1024/1024 1037/1037/1037 1025/1025/1025
f 1024/1024/1024 1036/1036/1036 1037/1037/1037
f 1025/1025/1025 1038/1038/1038 1026/1026/1026
f 1025/1025/1025 1037/1037/1037 1038/1038/1038
f 1026/1026/1026 1039/1039/1039 1027/1027/1027
f 1026/1026/1026 1038/1038/1038 1039/1039/1039
f 1027/1027/1027 1040/1040/1040 1028/1028/1028
f 1027/1027/1027 1039/1039/1039 1040/1040/1040
f 1028/1028/1028 1041/1041/1041 1029/1029/1029
f 1028/1028/1028 1040/1040/1040 1041/1041/1041
f 1029/1029/1029 1042/1042/1042 1030/1030/1030
f 1029/1029/1029 1041/1041/1041 1042/1042/1042
f 1030/1030/1030 1043/1043/1043 1031/1031/1031
f 1030/1030/1030 1042/1042/1042 1043/1043/1043
f 1031/1031/1031 1044/1044/1044 1032/1032/1032
f 1031/1031/1031 1043/1043/1043 1044/1044/1044
f 1032/1032/1032 1033/1033/1033 1021/1021/1021
f 1032/1032/1032 1044/1044/1044 1033/1033/1033
f 1033/1033/1033 1046/1046/1046 1034/1034/1034
f 1033/1033/1033 1045/1045/1045 1046/1046/1046
f 1034/1034/1034 1047/1047/1047 1035/1035/1035
f 1034/1034/1034 1046/1046/1046 1047/1047/1047
f 1035/1035/1035 1048/1048/1048 1036/1036/1036
f 1035/1035/1035 1047/1047/1047 1048/1048/1048
f 1036/1036/1036 1049/1049/1049 1037/1037/1037
f 1036/1036/1036 1048/1048/1048 1049/1049/1049
f 1037/1037/1037 1050/1050/1050 1038/1038/1038
f 1037/1037/1037 1049/1049/1049 1050/1050/1050
f 1038/1038/1038 1051/1051/1051 1039/1039/1039
f 1038/1038/1038 1050/1050/1050 1051/1051/1051
f 1039/1039/1039 1052/1052/1052 1040/1040/1040
f 1039/1039/1039 1051/1051/1051 1052/1052/1052
f 1040/1040/1040 1053/1053/1053 1041/1041/1041
f 1040/1040/1040 1052/1052/1052 1053/1053/1053
f 1041/1041/1041 1054/1054/1054 1042/1042/1042
f 1041/1041/1041 1053/1053/1053 1054/1054/1054
f 1042/1042/1042 1055/1055/1055 1043/1043/1043
f 1042/1042/1042 1054/1054/1054 1055/1055/1055
f 1043/1043/1043 1056/1056/1056 1044/1044/1044
f 1043/1043/1043 1055/1055/1055 1056/1056/1056
f 1044/1044/1044 1045/1045/1045 1033/1033/1033
f 1044/1044/1044 1056/1056/1056 1045/1045/1045
f 1057/1057/1057 985/985/985 986/986/986
f 1045/1045/1045 1058/1058/1058 1046/1046/1046
f 1057/1057/1057 986/986/986 987/987/987
f 1046/1046/1046 1058/1058/1058 1047/1047/1047
f 1057/1057/1057 987/987/987 988/988/988
f 1047/1047/1047 1058/1058/1058 1048/1048/1048
f 1057/1057/1057 988/988/988 989/989/989
f 1048/1048/1048 1058/1058/1058 1049/1049/1049
f 1057/1057/1057 989/989/989 990/990/990
f 1049/1049/1049 1058/1058/1058 1050/1050/1050
f 1057/1057/1057 990/990/990 991/991/991
f 1050/1050/1050 1058/1058/1058 1051/1051/1051
f 1057/1057/1057 991/991/991 992/992/992
f 1051/1051/1051 1058/1058/1058 1052/1052/1052
f 1057/1057/1057 992/992/992 993/993/993
f 1052/1052/1052 1058/1058/1058 1053/1053/1053
f 1057/1057/1057 993/993/993 994/994/994
f 1053/1053/1053 1058/1058/1058 1054/1054/1054
f 1057/1057/1057 994/994/994 995/995/995
f 1054/1054/1054 1058/1058/1058 1055/1055/1055
f 1057/1057/1057 995/995/995 996/996/996
f 1055/1055/1055 1058/1058/1058 1056/1056/1056
f 1057/1057/1057 996/996/996 985/985/985
f 1056/1056/1056 1058/1058/1058 1045/1045/1045
usemtl snow
v -0.45732224 1.0973092 -0.005 1 1 1
v -0.47607353 1.0045429 0.025013815 1 1 1
v -0.52730301 1.0556954 0.046985452 1 1 1
v -0.59728378 1.0680036 0.055027629 1 1 1
v -0.66726455 1.009596 0.046985452 1 1 1
v -0.71849403 1.0762488 0.025013815 1 1 1
v -0.73724532 1.027351 -0.005 1 1 1
v -0.71849403 1.059455 -0.035013815 1 1 1
v -0.66726455 1.0305431 -0.056985452 1 1 1
v -0.59728378 1.0566566 -0.065027629 1 1 1
v -0.52730301 1.0544019 -0.056985452 1 1 1
v -0.47607353 1.0099897 -0.035013815 1 1 1
v -0.46606984 1.1425859 -0.005 1 1 1
v -0.48364917 1.1101177 0.023137951 1 1 1
v -0.53167681 1.1280211 0.043736361 1 1 1
v -0.59728378 1.1323289 0.051275902 1 1 1
v -0.66289075 1.1118863 0.043736361 1 1 1
v -0.71091839 1.1352148 0.023137951 1 1 1
v -0.72849772 1.1181005 -0.005 1 1 1
v -0.71091839 1.1293369 -0.033137951 1 1 1
v -0.66289075 1.1192178 -0.053736361 1 1 1
v -0.59728378 1.1283575 -0.061275902 1 1 1
v -0.53167681 1.1275684 -0.053736361 1 1 1
v -0.48364917 1.1120241 -0.033137951 1 1 1
v -0.49731125 1.2229973 -0.005 1 1 1
v -0.51070503 1.2229973 0.016438439 1 1 1
v -0.54729752 1.2229973 0.032132466 1 1 1
v -0.59728378 1.2229973 0.037876878 1 1 1
v -0.64727004 1.2229973 0.032132466 1 1 1
v -0.68386253 1.2229973 0.016438439 1 1 1
v -0.69725631 1.2229973 -0.005 1 1 1
v -0.68386253 1.2229973 -0.026438439 1 1 1
v -0.64727004 1.2229973 -0.042132466 1 1 1
v -0.59728378 1.2229973 -0.047876878 1 1 1
v -0.54729752 1.2229973 -0.042132466 1 1 1
v -0.51070503 1.2229973 -0.026438439 1 1 1
v -0.54104923 1.3312748 -0.005 1 1 1
v -0.54858323 1.3312748 0.007059122 1 1 1
v -0.56916651 1.3312748 0.015887012 1 1 1
v -0.59728378 1.3312748 0.019118244 1 1 1
v -0.62540105 1.3312748 0.015887012 1 1 1
v -0.64598433 1.3312748 0.007059122 1 1 1
v -0.65351833 1.3312748 -0.005 1 1 1
v -0.64598433 1.3312748 -0.017059122 1 1 1
v -0.62540105 1.3312748 -0.025887012 1 1 1
v -0.59728378 1.3312748 -0.029118244 1 1 1
v -0.56916651 1.3312748 -0.025887012 1 1 1
v -0.54858323 1.3312748 -0.017059122 1 1 1
v -0.5822879 1.4198654 -0.005 1 1 1
v -0.58429697 1.4198654 -0.0017842341 1 1 1
v -0.58978584 1.4198654 0.00056986984 1 1 1
v -0.59728378 1.4198654 0.0014315317 1 1 1
v -0.60478172 1.4198654 0.00056986984 1 1 1
v -0.61027059 1.4198654 -0.0017842341 1 1 1
v -0.61227966 1.4198654 -0.005 1 1 1
v -0.61027059 1.4198654 -0.0082157659 1 1 1
v -0.60478172 1.4198654 -0.01056987 1 1 1
v -0.59728378 1.4198654 -0.011431532 1 1 1
v -0.58978584 1.4198654 -0.01056987 1 1 1
v -0.58429697 1.4198654 -0.0082157659 1 1 1
v -0.59728378 1.0359727 -0.005 1 1 1
v -0.59728378 1.4425052 -0.005 1 1 1
vt 0 0
vt 0 0
vt 0 0
vt 0 0
vt 0 0
vt 0 0
vt 0 0
vt 0 0
vt 0 0
vt 0 0
vt 0 0
vt 0 0
vt 0 0
vt 0 0
vt 0 0
vt 0 0
vt 0 0
vt 0 0
vt 0 0
vt 0 0
vt 0 0
vt 0 0
vt 0 0
vt 0 0
vt 0 0
vt 0 0
vt 0 0
vt 0 0
vt 0 0
vt 0 0
vt 0 0
vt 0 0
vt 0 0
vt 0 0
vt 0 0
vt 0 0
vt 0 0
vt 0 0
vt 0 0
vt 0 0
vt 0 0
vt 0 0
vt 0 0
vt 0 0
vt 0 0
vt 0 0
vt 0 0
vt 0 0
vt 0 0
vt 0 0
vt 0 0
vt 0 0
vt 0 0
vt 0 0
vt 0 0
vt 0 0
vt 0 0
vt 0 0
vt 0 0
vt 0 0
vt 0 0
vt 0 0
vn 0.76832325 -0.62973956 0.11448787
vn 0.60954845 -0.70756168 0.35750127
vn 0.0081524614 -0.36372155 0.93147205
vn 0.081407495 -0.35360919 0.93184406
vn -0.26624563 -0.5275162 0.80674651
vn -0.63685894 -0.59173143 0.49423133
vn -0.66811498 -0.73697773 0.10240213
vn -0.4355673 -0.50683166 -0.74391047
vn -0.19114062 -0.45438303 -0.87005823
vn 0.097815185 -0.39346731 -0.91412016
vn 0.12654387 -0.37056585 -0.92014542
vn 0.63743391 -0.75585328 -0.14954541
vn 0.9656959 0.24803084 -0.076890424
vn 0.55150668 0.131274 0.82377638
vn 0.27120332 0.10824944 0.95641561
vn -0.0094433173 0.10245793 0.99469251
vn -0.2434199 0.095932195 0.96516515
vn -0.55444804 0.15508798 0.81763995
vn -0.97668069 0.20891078 -0.049508692
vn -0.60514276 0.15617342 -0.78064851
vn -0.23593165 0.10112477 -0.96649368
vn -0.011965988 0.096902786 -0.99522192
vn 0.25194244 0.1096458 -0.96151069
vn 0.57786038 0.13397047 -0.80506478
vn 0.92599185 0.34752291 -0.14753618
vn 0.57234152 0.23139817 0.78668931
vn 0.26530556 0.17142248 0.94880308
vn 0.014125071 0.15684325 0.98752249
vn -0.23343609 0.16304159 0.95860577
vn -0.53016931 0.23105781 0.81580193
vn -0.94230992 0.3341954 0.019116896
vn -0.61646458 0.24977666 -0.74671483
vn -0.24638589 0.16850105 -0.95441154
vn -0.017744484 0.15224388 -0.98818365
vn 0.22262808 0.17013909 -0.95994241
vn 0.56875911 0.22672606 -0.79063795
vn 0.90913501 0.38566532 -0.15727616
vn 0.63420814 0.29789764 0.71346831
vn 0.27422592 0.20616512 0.93930617
vn 0.031292136 0.17891239 0.98336726
vn -0.19880735 0.19354516 0.96073717
vn -0.51428166 0.2631883 0.81623911
vn -0.90913501 0.38566532 0.15727616
vn -0.63420814 0.29789764 -0.71346831
vn -0.27422592 0.20616512 -0.93930617
vn -0.031292136 0.17891239 -0.98336726
vn 0.19880735 0.19354516 -0.96073717
vn 0.51428166 0.2631883 -0.81623911
vn 0.85375823 0.41114271 -0.31946606
vn 0.69838033 0.35541501 0.62124479
vn 0.31961277 0.24087528 0.91642063
vn 0.067254204 0.20181099 0.97711268
vn -0.1578592 0.2105719 0.96474864
vn -0.44853869 0.27488738 0.85044105
vn -0.85375823 0.41114271 0.31946606
vn -0.69838033 0.35541501 -0.62124479
vn -0.31961277 0.24087528 -0.91642063
vn -0.067254204 0.20181099 -0.97711268
vn 0.1578592 0.2105719 -0.96474864
vn 0.44853869 0.27488738 -0.85044105
vn 1.613551e-16 -1 -6.582282e-16
vn 0 1 -1.0079119e-16
f 1059/1059/1059 1072/1072/1072 1060/1060/1060
f 1059/1059/1059 1071/1071/1071 1072/1072/1072
f 1060/1060/1060 1073/1073/1073 1061/1061/1061
f 1060/1060/1060 1072/1072/1072 1073/1073/1073
f 1061/1061/1061 1074/1074/1074 1062/1062/1062
f 1061/1061/1061 1073/1073/1073 1074/1074/1074
f 1062/1062/1062 1075/1075/1075 1063/1063/1063
f 1062/1062/1062 1074/1074/1074 1075/1075/1075
f 1063/1063/1063 1076/1076/1076 1064/1064/1064
f 1063/1063/1063 1075/1075/1075 1076/1076/1076
f 1064/1064/1064 1077/1077/1077 1065/1065/1065
f 1064/1064/1064 1076/1076/1076 1077/1077/1077
f 1065/1065/1065 1078/1078/1078 1066/1066/1066
f 1065/1065/1065 1077/1077/1077 1078/1078/1078
f 1066/1066/1066 1079/1079/1079 1067/1067/1067
f 1066/1066/1066 1078/1078/1078 1079/1079/1079
f 1067/1067/1067 1080/1080/1080 1068/1068/1068
f 1067/1067/1067 1079/1079/1079 1080/1080/1080
f 1068/1068/1068 1081/1081/1081 1069/1069/1069
f 1068/1068/1068 1080/1080/1080 1081/1081/1081
f 1069/1069/1069 1082/1082/1082 1070/1070/1070
f 1069/1069/1069 1081/1081/1081 1082/1082/1082
f 1070/1070/1070 1071/1071/1071 1059/1059/1059
f 1070/1070/1070 1082/1082/1082 1071/1071/1071
f 1071/1071/1071 1084/1084/1084 1072/1072/1072
f 1071/1071/1071 1083/1083/1083 1084/1084/1084
f 1072/1072/1072 1085/1085/1085 1073/1073/1073
f 1072/1072/1072 1084/1084/1084 1085/1085/1085
f 1073/1073/1073 1086/1086/1086 1074/1074/1074
f 1073/1073/1073 1085/1085/1085 1086/1086/1086
f 1074/1074/1074 1087/1087/1087 1075/1075/1075
f 1074/1074/1074 1086/1086/1086 1087/1087/1087
f 1075/1075/1075 1088/1088/1088 1076/1076/1076
f 1075/1075/1075 1087/1087/1087 1088/1088/1088
f 1076/1076/1076 1089/1089/1089 1077/1077/1077
f 1076/1076/1076 1088/1088/1088 1089/1089/1089
f 1077/1077/1077 1090/1090/1090 1078/1078/1078
f 1077/1077/1077 1089/1089/1089 1090/1090/1090
f 1078/1078/1078 1091/1091/1091 1079/1079/1079
f 1078/1078/1078 1090/1090/1090 1091/1091/1091
f 1079/1079/1079 1092/1092/1092 1080/1080/1080
f 1079/1079/1079 1091/1091/1091 1092/1092/1092
f 1080/1080/1080 1093/1093/1093 1081/1081/1081
f 1080/1080/1080 1092/1092/1092 1093/1093/1093
f 1081/1081/1081 1094/1094/1094 1082/1082/1082
f 1081/1081/1081 1093/1093/1093 1094/1094/1094
f 1082/1082/1082 1083/1083/1083 1071/1071/1071
f 1082/1082/1082 1094/1094/1094 1083/1083/1083
f 1083/1083/1083 1096/1096/1096 1084/1084/1084
f 1083/1083/1083 1095/1095/1095 1096/1096/1096
f 1084/1084/1084 1097/1097/1097 1085/1085/1085
f 1084/1084/1084 1096/1096/1096 1097/1097/1097
f 1085/1085/1085 1098/1098/1098 1086/1086/1086
f 1085/1085/1085 1097/1097/1097 1098/1098/1098
f 1086/1086/1086 1099/1099/1099 1087/1087/1087
f 1086/1086/1086 1098/1098/1098 1099/1099/1099
f 1087/1087/1087 1100/1100/1100 1088/1088/1088
f 1087/1087/1087 1099/1099/1099 1100/1100/1100
f 1088/1088/1088 1101/1101/1101 1089/1089/1089
f 1088/1088/1088 1100/1100/1100 1101/1101/1101
f 1089/1089/1089 1102/1102/1102 1090/1090/1090
f 1089/1089/1089 1101/1101/1101 1102/1102/1102
f 1090/1090/1090 1103/1103/1103 1091/1091/1091
f 1090/1090/1090 1102/1102/1102 1103/1103/1103
f 1091/1091/1091 1104/1104/1104 1092/1092/1092
f 1091/1091/1091 1103/1103/1103 1104/1104/1104
f 1092/1092/1092 1105/1105/1105 1093/1093/1093
f 1092/1092/1092 1104/1104/1104 1105/1105/1105
f 1093/1093/1093 1106/1106/1106 1094/1094/1094
f 1093/1093/1093 1105/1105/1105 1106/1106/1106
f 1094/1094/1094 1095/1095/1095 1083/1083/1083
f 1094/1094/1094 1106/1106/1106 1095/1095/1095
f 1095/1095/1095 1108/1108/1108 1096/1096/1096
f 1095/1095/1095 1107/1107/1107 1108/1108/1108
f 1096/1096/1096 1109/1109/1109 1097/1097/1097
f 1096/1096/1096 1108/1108/1108 1109/1109/1109
f 1097/1097/1097 1110/1110/1110 1098/1098/1098
f 1097/1097/1097 1109/1109/1109 1110/1110/1110
f 1098/1098/1098 1111/1111/1111 1099/1099/1099
f 1098/1098/1098 1110/1110/1110 1111/1111/1111
f 1099/1099/1099 1112/1112/1112 1100/1100/1100
f 1099/1099/1099 1111/1111/1111 1112/1112/1112
f 1100/1100/1100 1113/1113/1113 1101/1101/1101
f 1100/1100/1100 1112/1112/1112 1113/1113/1113
f 1101/1101/1101 1114/1114/1114 1102/1102/1102
f 1101/1101/1101 1113/1113/1113 1114/1114/1114
f 1102/1102/1102 1115/1115/1115 1103/1103/1103
f 1102/1102/1102 1114/1114/1114 1115/1115/1115
f 1103/1103/1103 1116/1116/1116 1104/1104/1104
f 1103/1103/1103 1115/1115/1115 1116/1116/1116
f 1104/1104/1104 1117/1117/1117 1105/1105/1105
f 1104/1104/1104 1116/1116/1116 1117/1117/1117
f 1105/1105/1105 1118/1118/1118 1106/1106/1106
f 1105/1105/1105 1117/1117/1117 1118/1118/1118
f 1106/1106/1106 1107/1107/1107 1095/1095/1095
f 1106/1106/1106 1118/1118/1118 1107/1107/1107
f 1119/1119/1119 1059/1059/1059 1060/1060/1060
f 1107/1107/1107 1120/1120/1120 1108/1108/1108
f 1119/1119/1119 1060/1060/1060 1061/1061/1061
f 1108/1108/1108 1120/1120/1120 1109/1109/1109
f 1119/1119/1119 1061/1061/1061 1062/1062/1062
f 1109/1109/1109 1120/1120/1120 1110/1110/1110
f 1119/1119/1119 1062/1062/1062 1063/1063/1063
f 1110/1110/1110 1120/1120/1120 1111/1111/1111
f 1119/1119/1119 1063/1063/1063 1064/1064/1064
f 1111/1111/1111 1120/1120/1120 1112/1112/1112
f 1119/1119/1119 1064/1064/1064 1065/1065/1065
f 1112/1112/1112 1120/1120/1120 1113/1113/1113
f 1119/1119/1119 1065/1065/1065 1066/1066/1066
f 1113/1113/1113 1120/1120/1120 1114/1114/1114
f 1119/1119/1119 1066/1066/1066 1067/1067/1067
f 1114/1114/1114 1120/1120/1120 1115/1115/1115
f 1119/1119/1119 1067/1067/1067 1068/1068/1068
f 1115/1115/1115 1120/1120/1120 1116/1116/1116
f 1119/1119/1119 1068/1068/1068 1069/1069/1069
f 1116/1116/1116 1120/1120/1120 1117/1117/1117
f 1119/1119/1119 1069/1069/1069 1070/1070/1070
f 1117/1117/1117 1120/1120/1120 1118/1118/1118
f 1119/1119/1119 1070/1070/1070 1059/1059/1059
f 1118/1118/1118 1120/1120/1120 1107/1107/1107
usemtl rope
v -0.46417621 0.40161078 -0.005 0.84 0.76 0.61
v -0.44668763 0.38389266 -0.005 0.84 0.76 0.61
v -0.46417621 0.36617454 -0.005 0.84 0.76 0.61
v -0.4816648 0.38389266 -0.005 0.84 0.76 0.61
v -0.4880051 0.3939431 0.02542439 0.84 0.76 0.61
v -0.46949474 0.38192611 0.032592072 0.84 0.76 0.61
v -0.47601339 0.36065456 0.02542439 0.84 0.76 0.61
v -0.49452374 0.37267155 0.018256709 0.84 0.76 0.61
v -0.53672585 0.37592843 0.04769659 0.84 0.76 0.61
v -0.5247352 0.36150075 0.05799715 0.84 0.76 0.61
v -0.52473414 0.34263989 0.04769659 0.84 0.76 0.61
v -0.53672479 0.35706756 0.03739603 0.84 0.76 0.61
v -0.60327964 0.35131992 0.05584878 0.84 0.76 0.61
v -0.59728378 0.33467565 0.066912195 0.84 0.76 0.61
v -0.59128792 0.31803138 0.05584878 0.84 0.76 0.61
v -0.59728378 0.33467565 0.044785366 0.84 0.76 0.61
v -0.66983342 0.32671142 0.04769659 0.84 0.76 0.61
v -0.66983236 0.30785055 0.05799715 0.84 0.76 0.61
v -0.65784171 0.29342288 0.04769659 0.84 0.76 0.61
v -0.65784277 0.31228375 0.03739603 0.84 0.76 0.61
v -0.71855417 0.30869674 0.02542439 0.84 0.76 0.61
v -0.72507282 0.28742519 0.032592072 0.84 0.76 0.61
v -0.70656246 0.2754082 0.02542439 0.84 0.76 0.61
v -0.70004382 0.29667976 0.018256709 0.84 0.76 0.61
v -0.73039135 0.26774052 -0.005 0.84 0.76 0.61
v -0.71290276 0.28545864 -0.005 0.84 0.76 0.61
v -0.73039135 0.30317677 -0.005 0.84 0.76 0.61
v -0.74787993 0.28545864 -0.005 0.84 0.76 0.61
v -0.70656246 0.2754082 -0.03542439 0.84 0.76 0.61
v -0.70004382 0.29667976 -0.028256709 0.84 0.76 0.61
v -0.71855417 0.30869674 -0.03542439 0.84 0.76 0.61
v -0.72507282 0.28742519 -0.042592072 0.84 0.76 0.61
v -0.65784171 0.29342288 -0.05769659 0.84 0.76 0.61
v -0.65784277 0.31228375 -0.04739603 0.84 0.76 0.61
v -0.66983342 0.32671142 -0.05769659 0.84 0.76 0.61
v -0.66983236 0.30785055 -0.06799715 0.84 0.76 0.61
v -0.59128792 0.31803138 -0.06584878 0.84 0.76 0.61
v -0.59728378 0.33467565 -0.054785366 0.84 0.76 0.61
v -0.60327964 0.35131992 -0.06584878 0.84 0.76 0.61
v -0.59728378 0.33467565 -0.076912195 0.84 0.76 0.61
v -0.52473414 0.34263989 -0.05769659 0.84 0.76 0.61
v -0.53672479 0.35706756 -0.04739603 0.84 0.76 0.61
v -0.53672585 0.37592843 -0.05769659 0.84 0.76 0.61
v -0.5247352 0.36150075 -0.06799715 0.84 0.76 0.61
v -0.47601339 0.36065456 -0.03542439 0.84 0.76 0.61
v -0.49452374 0.37267155 -0.028256709 0.84 0.76 0.61
v -0.4880051 0.3939431 -0.03542439 0.84 0.76 0.61
v -0.46949474 0.38192611 -0.042592072 0.84 0.76 0.61
vt 0 0
vt 0 0
vt 0 0
vt 0 0
vt 0 0
vt 0 0
vt 0 0
vt 0 0
vt 0 0
vt 0 0
vt 0 0
vt 0 0
vt 0 0
vt 0 0
vt 0 0
vt 0 0
vt 0 0
vt 0 0
vt 0 0
vt 0 0
vt 0 0
vt 0 0
vt 0 0
vt 0 0
vt 0 0
vt 0 0
vt 0 0
vt 0 0
vt 0 0
vt 0 0
vt 0 0
vt 0 0
vt 0 0
vt 0 0
vt 0 0
vt 0 0
vt 0 0
vt 0 0
vt 0 0
vt 0 0
vt 0 0
vt 0 0
vt 0 0
vt 0 0
vt 0 0
vt 0 0
vt 0 0
vt 0 0
vn 0.39746048 0.89879626 -0.18490658
vn 0.9450059 -0.31757155 0.078180283
vn -0.32747994 -0.91220264 -0.24625845
vn -0.82532719 0.39691001 -0.40161856
vn -0.28289754 0.92605034 0.24979944
vn 0.59208208 0.14350027 0.79299841
vn 0.3624029 -0.92428675 -0.11982549
vn -0.59837997 -0.12610301 -0.79122654
vn -0.3821403 0.9148899 0.13017398
vn 0.23417908 0.067331786 0.96985906
vn 0.4135693 -0.91018866 -0.022738626
vn -0.22948152 -0.062953734 -0.97127497
vn -0.40304213 0.91392797 0.047882194
vn -1.6431654e-17 4.8656348e-17 1
vn 0.40304213 -0.91392797 0.047882194
vn 1.8531158e-17 -5.4873264e-17 -1
vn -0.4135693 0.91018866 -0.022738626
vn -0.23417908 -0.067331786 0.96985906
vn 0.3821403 -0.9148899 0.13017398
vn 0.22948152 0.062953734 -0.97127497
vn -0.20481117 0.81459331 -0.54266945
vn -0.62547486 0.080498925 0.77608062
vn -0.074969445 -0.96144244 0.26459029
vn 0.40329671 -0.14340533 -0.90376251
vn 0.41416083 -0.85526338 0.31144077
vn 0.72755995 0.43948365 0.52679279
vn -0.52772612 0.81316086 0.24550877
vn -0.87321543 -0.47714 -0.099157619
vn 0.20072051 -0.97357498 0.10891757
vn 0.51818385 0.18511055 0.83499676
vn -0.32419682 0.92998891 -0.17325431
vn -0.56737477 -0.20310494 -0.79801895
vn 0.27796524 -0.96032131 0.022766176
vn 0.21663271 0.097753874 0.97134672
vn -0.30494612 0.94341898 -0.13026315
vn -0.22308159 -0.097390822 -0.96992249
vn 0.2884165 -0.95630462 -0.047931221
vn 3.2429526e-16 -7.3164352e-17 1
vn -0.2884165 0.95630462 -0.047931221
vn -2.9576977e-16 8.1093913e-17 -1
vn 0.30494612 -0.94341898 -0.13026315
vn -0.21663271 -0.097753874 0.97134672
vn -0.27796524 0.96032131 0.022766176
vn 0.22308159 0.097390822 -0.96992249
vn 0.68008123 -0.65623855 -0.32686463
vn -0.25704287 -0.46139332 0.84914378
vn -0.50455064 0.70187736 0.50278904
vn 0.41225597 0.50051905 -0.76126585
f 1121/1121/1121 1126/1126/1126 1122/1122/1122
f 1121/1121/1121 1125/1125/1125 1126/1126/1126
f 1122/1122/1122 1127/1127/1127 1123/1123/1123
f 1122/1122/1122 1126/1126/1126 1127/1127/1127
f 1123/1123/1123 1128/1128/1128 1124/1124/1124
f 1123/1123/1123 1127/1127/1127 1128/1128/1128
f 1124/1124/1124 1125/1125/1125 1121/1121/1121
f 1124/1124/1124 1128/1128/1128 1125/1125/1125
f 1125/1125/1125 1130/1130/1130 1126/1126/1126
f 1125/1125/1125 1129/1129/1129 1130/1130/1130
f 1126/1126/1126 1131/1131/1131 1127/1127/1127
f 1126/1126/1126 1130/1130/1130 1131/1131/1131
f 1127/1127/1127 1132/1132/1132 1128/1128/1128
f 1127/1127/1127 1131/1131/1131 1132/1132/1132
f 1128/1128/1128 1129/1129/1129 1125/1125/1125
f 1128/1128/1128 1132/1132/1132 1129/1129/1129
f 1129/1129/1129 1134/1134/1134 1130/1130/1130
f 1129/1129/1129 1133/1133/1133 1134/1134/1134
f 1130/1130/1130 1135/1135/1135 1131/1131/1131
f 1130/1130/1130 1134/1134/1134 1135/1135/1135
f 1131/1131/1131 1136/1136/1136 1132/1132/1132
f 1131/1131/1131 1135/1135/1135 1136/1136/1136
f 1132/1132/1132 1133/1133/1133 1129/1129/1129
f 1132/1132/1132 1136/1136/1136 1133/1133/1133
f 1133/1133/1133 1138/1138/1138 1134/1134/1134
f 1133/1133/1133 1137/1137/1137 1138/1138/1138
f 1134/1134/1134 1139/1139/1139 1135/1135/1135
f 1134/1134/1134 1138/1138/1138 1139/1139/1139
f 1135/1135/1135 1140/1140/1140 1136/1136/1136
f 1135/1135/1135 1139/1139/1139 1140/1140/1140
f 1136/1136/1136 1137/1137/1137 1133/1133/1133
f 1136/1136/1136 1140/1140/1140 1137/1137/1137
f 1137/1137/1137 1142/1142/1142 1138/1138/1138
f 1137/1137/1137 1141/1141/1141 1142/1142/1142
f 1138/1138/1138 1143/1143/1143 1139/1139/1139
f 1138/1138/1138 1142/1142/1142 1143/1143/1143
f 1139/1139/1139 1144/1144/1144 1140/1140/1140
f 1139/1139/1139 1143/1143/1143 1144/1144/1144
f 1140/1140/1140 1141/1141/1141 1137/1137/1137
f 1140/1140/1140 1144/1144/1144 1141/1141/1141
f 1141/1141/1141 1146/1146/1146 1142/1142/1142
f 1141/1141/1141 1145/1145/1145 1146/1146/1146
f 1142/1142/1142 1147/1147/1147 1143/1143/1143
f 1142/1142/1142 1146/1146/1146 1147/1147/1147
f 1143/1143/1143 1148/1148/1148 1144/1144/1144
f 1143/1143/1143 1147/1147/1147 1148/1148/1148
f 1144/1144/1144 1145/1145/1145 1141/1141/1141
f 1144/1144/1144 1148/1148/1148 1145/1145/1145
f 1145/1145/1145 1150/1150/1150 1146/1146/1146
f 1145/1145/1145 1149/1149/1149 1150/1150/1150
f 1146/1146/1146 1151/1151/1151 1147/1147/1147
f 1146/1146/1146 1150/1150/1150 1151/1151/1151
f 1147/1147/1147 1152/1152/1152 1148/1148/1148
f 1147/1147/1147 1151/1151/1151 1152/1152/1152
f 1148/1148/1148 1149/1149/1149 1145/1145/1145
f 1148/1148/1148 1152/1152/1152 1149/1149/1149
f 1149/1149/1149 1154/1154/1154 1150/1150/1150
f 1149/1149/1149 1153/1153/1153 1154/1154/1154
f 1150/1150/1150 1155/1155/1155 1151/1151/1151
f 1150/1150/1150 1154/1154/1154 1155/1155/1155
f 1151/1151/1151 1156/1156/1156 1152/1152/1152
f 1151/1151/1151 1155/1155/1155 1156/1156/1156
f 1152/1152/1152 1153/1153/1153 1149/1149/1149
f 1152/1152/1152 1156/1156/1156 1153/1153/1153
f 1153/1153/1153 1158/1158/1158 1154/1154/1154
f 1153/1153/1153 1157/1157/1157 1158/1158/1158
f 1154/1154/1154 1159/1159/1159 1155/1155/1155
f 1154/1154/1154 1158/1158/1158 1159/1159/1159
f 1155/1155/1155 1160/1160/1160 1156/1156/1156
f 1155/1155/1155 1159/1159/1159 1160/1160/1160
f 1156/1156/1156 1157/1157/1157 1153/1153/1153
f 1156/1156/1156 1160/1160/1160 1157/1157/1157
f 1157/1157/1157 1162/1162/1162 1158/1158/1158
f 1157/1157/1157 1161/1161/1161 1162/1162/1162
f 1158/1158/1158 1163/1163/1163 1159/1159/1159
f 1158/1158/1158 1162/1162/1162 1163/1163/1163
f 1159/1159/1159 1164/1164/1164 1160/1160/1160
f 1159/1159/1159 1163/1163/1163 1164/1164/1164
f 1160/1160/1160 1161/1161/1161 1157/1157/1157
f 1160/1160/1160 1164/1164/1164 1161/1161/1161
f 1161/1161/1161 1166/1166/1166 1162/1162/1162
f 1161/1161/1161 1165/1165/1165 1166/1166/1166
f 1162/1162/1162 1167/1167/1167 1163/1163/1163
f 1162/1162/1162 1166/1166/1166 1167/1167/1167
f 1163/1163/1163 1168/1168/1168 1164/1164/1164
f 1163/1163/1163 1167/1167/1167 1168/1168/1168
f 1164/1164/1164 1165/1165/1165 1161/1161/1161
f 1164/1164/1164 1168/1168/1168 1165/1165/1165
f 1165/1165/1165 1122/1122/1122 1166/1166/1166
f 1165/1165/1165 1121/1121/1121 1122/1122/1122
f 1166/1166/1166 1123/1123/1123 1167/1167/1167
f 1166/1166/1166 1122/1122/1122 1123/1123/1123
f 1167/1167/1167 1124/1124/1124 1168/1168/1168
f 1167/1167/1167 1123/1123/1123 1124/1124/1124
f 1168/1168/1168 1121/1121/1121 1165/1165/1165
f 1168/1168/1168 1124/1124/1124 1121/1121/1121
usemtl rope
v -0.45834668 0.30317677 -0.005 0.84 0.76 0.61
v -0.4408581 0.28545864 -0.005 0.84 0.76 0.61
v -0.45834668 0.26774052 -0.005 0.84 0.76 0.61
v -0.47583527 0.28545864 -0.005 0.84 0.76 0.61
v -0.47118851 0.30877769 0.027268293 0.84 0.76 0.61
v -0.46427627 0.28755914 0.03434912 0.84 0.76 0.61
v -0.48273294 0.27532725 0.027268293 0.84 0.76 0.61
v -0.48964518 0.29654581 0.020187465 0.84 0.76 0.61
v -0.52204301 0.32679237 0.050890322 0.84 0.76 0.61
v -0.52168184 0.30789446 0.061161835 0.84 0.76 0.61
v -0.53358745 0.29334193 0.050890322 0.84 0.76 0.61
v -0.53394863 0.31223984 0.040618809 0.84 0.76 0.61
v -0.59151156 0.35140087 0.059536585 0.84 0.76 0.61
v -0.59728378 0.33467565 0.0706 0.84 0.76 0.61
v -0.603056 0.31795043 0.059536585 0.84 0.76 0.61
v -0.59728378 0.33467565 0.048473171 0.84 0.76 0.61
v -0.66098011 0.37600938 0.050890322 0.84 0.76 0.61
v -0.67288572 0.36145685 0.061161835 0.84 0.76 0.61
v -0.67252455 0.34255894 0.050890322 0.84 0.76 0.61
v -0.66061894 0.35711147 0.040618809 0.84 0.76 0.61
v -0.71183462 0.39402405 0.027268293 0.84 0.76 0.61
v -0.73029129 0.38179217 0.03434912 0.84 0.76 0.61
v -0.72337906 0.36057361 0.027268293 0.84 0.76 0.61
v -0.70492238 0.3728055 0.020187465 0.84 0.76 0.61
v -0.73622088 0.36617454 -0.005 0.84 0.76 0.61
v -0.71873229 0.38389266 -0.005 0.84 0.76 0.61
v -0.73622088 0.40161078 -0.005 0.84 0.76 0.61
v -0.75370946 0.38389266 -0.005 0.84 0.76 0.61
v -0.72337906 0.36057361 -0.037268293 0.84 0.76 0.61
v -0.70492238 0.3728055 -0.030187465 0.84 0.76 0.61
v -0.71183462 0.39402405 -0.037268293 0.84 0.76 0.61
v -0.73029129 0.38179217 -0.04434912 0.84 0.76 0.61
v -0.67252455 0.34255894 -0.060890322 0.84 0.76 0.61
v -0.66061894 0.35711147 -0.050618809 0.84 0.76 0.61
v -0.66098011 0.37600938 -0.060890322 0.84 0.76 0.61
v -0.67288572 0.36145685 -0.071161835 0.84 0.76 0.61
v -0.603056 0.31795043 -0.069536585 0.84 0.76 0.61
v -0.59728378 0.33467565 -0.058473171 0.84 0.76 0.61
v -0.59151156 0.35140087 -0.069536585 0.84 0.76 0.61
v -0.59728378 0.33467565 -0.0806 0.84 0.76 0.61
v -0.53358745 0.29334193 -0.060890322 0.84 0.76 0.61
v -0.53394863 0.31223984 -0.050618809 0.84 0.76 0.61
v -0.52204301 0.32679237 -0.060890322 0.84 0.76 0.61
v -0.52168184 0.30789446 -0.071161835 0.84 0.76 0.61
v -0.48273294 0.27532725 -0.037268293 0.84 0.76 0.61
v -0.48964518 0.29654581 -0.030187465 0.84 0.76 0.61
v -0.47118851 0.30877769 -0.037268293 0.84 0.76 0.61
v -0.46427627 0.28755914 -0.04434912 0.84 0.76 0.61
vt 0 0
vt 0 0
vt 0 0
vt 0 0
vt 0 0
vt 0 0
vt 0 0
vt 0 0
vt 0 0
vt 0 0
vt 0 0
vt 0 0
vt 0 0
vt 0 0
vt 0 0
vt 0 0
vt 0 0
vt 0 0
vt 0 0
vt 0 0
vt 0 0
vt 0 0
vt 0 0
vt 0 0
vt 0 0
vt 0 0
vt 0 0
vt 0 0
vt 0 0
vt 0 0
vt 0 0
vt 0 0
vt 0 0
vt 0 0
vt 0 0
vt 0 0
vt 0 0
vt 0 0
vt 0 0
vt 0 0
vt 0 0
vt 0 0
vt 0 0
vt 0 0
vt 0 0
vt 0 0
vt 0 0
vt 0 0
vn 0.5252331 0.81831341 -0.2334381
vn 0.87394411 -0.47524949 0.10178217
vn -0.42091975 -0.85872615 -0.2922601
vn -0.73822287 0.44313063 -0.50858848
vn 0.30810603 0.93593939 0.17055246
vn 0.57676805 -0.19653973 0.79291282
vn -0.19188379 -0.97533173 -0.10912665
vn -0.53218023 0.1806393 -0.82713581
vn 0.29079397 0.94814022 0.12833154
vn 0.22894558 -0.095331018 0.96875999
vn -0.26401162 -0.96421446 -0.024255638
vn -0.2228976 0.095737205 -0.9701294
vn 0.27403705 0.96057071 0.046985105
vn 1.1481497e-16 -3.1262773e-17 1
vn -0.27403705 -0.96057071 0.046985105
vn -1.5144812e-16 -1.7586602e-17 -1
vn 0.26401162 0.96421446 -0.024255638
vn -0.22894558 0.095331018 0.96875999
vn -0.29079397 -0.94814022 0.12833154
vn 0.2228976 -0.095737205 -0.9701294
vn 0.50316145 0.70667998 -0.49742534
vn -0.42120942 0.49879617 0.75748598
vn -0.67160878 -0.66579667 0.32504838
vn 0.27162073 -0.46237246 -0.84405799
vn 0.33450676 -0.91332379 0.23226037
vn 0.83004077 0.39702419 0.39166837
vn -0.39993205 0.89914395 0.17774847
vn -0.94247988 -0.32434643 -0.080815073
vn -0.35030205 -0.92887755 0.120312
vn 0.6065546 -0.1244794 0.78523652
vn 0.27428227 0.93049788 -0.24278164
vn -0.6002398 0.14007388 -0.78745888
vn -0.40174182 -0.91543245 0.024226943
vn 0.23475633 -0.062209934 0.97006154
vn 0.37086911 0.91978782 -0.1282438
vn -0.23923175 0.066247659 -0.96869986
vn -0.39168002 -0.91890349 -0.046937627
vn 1.9599169e-16 -2.8138564e-16 1
vn 0.39168002 0.91890349 -0.046937627
vn -1.821203e-16 2.6573357e-16 -1
vn -0.37086911 -0.91978782 -0.1282438
vn -0.23475633 0.062209934 0.97006154
vn 0.40174182 0.91543245 0.024226943
vn 0.23923175 -0.066247659 -0.96869986
vn 0.086033017 -0.95974266 -0.26738051
vn -0.41472002 -0.14870358 0.8977163
vn 0.17882574 0.8247422 0.53649013
vn 0.62730791 0.091469185 -0.773381
f 1169/1169/1169 1174/1174/1174 1170/1170/1170
f 1169/1169/1169 1173/1173/1173 1174/1174/1174
f 1170/1170/1170 1175/1175/1175 1171/1171/1171
f 1170/1170/1170 1174/1174/1174 1175/1175/1175
f 1171/1171/1171 1176/1176/1176 1172/1172/1172
f 1171/1171/1171 1175/1175/1175 1176/1176/1176
f 1172/1172/1172 1173/1173/1173 1169/1169/1169
f 1172/1172/1172 1176/1176/1176 1173/1173/1173
f 1173/1173/1173 1178/1178/1178 1174/1174/1174
f 1173/1173/1173 1177/1177/1177 1178/1178/1178
f 1174/1174/1174 1179/1179/1179 1175/1175/1175
f 1174/1174/1174 1178/1178/1178 1179/1179/1179
f 1175/1175/1175 1180/1180/1180 1176/1176/1176
f 1175/1175/1175 1179/1179/1179 1180/1180/1180
f 1176/1176/1176 1177/1177/1177 1173/1173/1173
f 1176/1176/1176 1180/1180/1180 1177/1177/1177
f 1177/1177/1177 1182/1182/1182 1178/1178/1178
f 1177/1177/1177 1181/1181/1181 1182/1182/1182
f 1178/1178/1178 1183/1183/1183 1179/1179/1179
f 1178/1178/1178 1182/1182/1182 1183/1183/1183
f 1179/1179/1179 1184/1184/1184 1180/1180/1180
f 1179/1179/1179 1183/1183/1183 1184/1184/1184
f 1180/1180/1180 1181/1181/1181 1177/1177/1177
f 1180/1180/1180 1184/1184/1184 1181/1181/1181
f 1181/1181/1181 1186/1186/1186 1182/1182/1182
f 1181/1181/1181 1185/1185/1185 1186/1186/1186
f 1182/1182/1182 1187/1187/1187 1183/1183/1183
f 1182/1182/1182 1186/1186/1186 1187/1187/1187
f 1183/1183/1183 1188/1188/1188 1184/1184/1184
f 1183/1183/1183 1187/1187/1187 1188/1188/1188
f 1184/1184/1184 1185/1185/1185 1181/1181/1181
f 1184/1184/1184 1188/1188/1188 1185/1185/1185
f 1185/1185/1185 1190/1190/1190 1186/1186/1186
f 1185/1185/1185 1189/1189/1189 1190/1190/1190
f 1186/1186/1186 1191/1191/1191 1187/1187/1187
f 1186/1186/1186 1190/1190/1190 1191/1191/1191
f 1187/1187/1187 1192/1192/1192 1188/1188/1188
f 1187/1187/1187 1191/1191/1191 1192/1192/1192
f 1188/1188/1188 1189/1189/1189 1185/1185/1185
f 1188/1188/1188 1192/1192/1192 1189/1189/1189
f 1189/1189/1189 1194/1194/1194 1190/1190/1190
f 1189/1189/1189 1193/1193/1193 1194/1194/1194
f 1190/1190/1190 1195/1195/1195 1191/1191/1191
f 1190/1190/1190 1194/1194/1194 1195/1195/1195
f 1191/1191/1191 1196/1196/1196 1192/1192/1192
f 1191/1191/1191 1195/1195/1195 1196/1196/1196
f 1192/1192/1192 1193/1193/1193 1189/1189/1189
f 1192/1192/1192 1196/1196/1196 1193/1193/1193
f 1193/1193/1193 1198/1198/1198 1194/1194/1194
f 1193/1193/1193 1197/1197/1197 1198/1198/1198
f 1194/1194/1194 1199/1199/1199 1195/1195/1195
f 1194/1194/1194 1198/1198/1198 1199/1199/1199
f 1195/1195/1195 1200/1200/1200 1196/1196/1196
f 1195/1195/1195 1199/1199/1199 1200/1200/1200
f 1196/1196/1196 1197/1197/1197 1193/1193/1193
f 1196/1196/1196 1200/1200/1200 1197/1197/1197
f 1197/1197/1197 1202/1202/1202 1198/1198/1198
f 1197/1197/1197 1201/1201/1201 1202/1202/1202
f 1198/1198/1198 1203/1203/1203 1199/1199/1199
f 1198/1198/1198 1202/1202/1202 1203/1203/1203
f 1199/1199/1199 1204/1204/1204 1200/1200/1200
f 1199/1199/1199 1203/1203/1203 1204/1204/1204
f 1200/1200/1200 1201/1201/1201 1197/1197/1197
f 1200/1200/1200 1204/1204/1204 1201/1201/1201
f 1201/1201/1201 1206/1206/1206 1202/1202/1202
f 1201/1201/1201 1205/1205/1205 1206/1206/1206
f 1202/1202/1202 1207/1207/1207 1203/1203/1203
f 1202/1202/1202 1206/1206/1206 1207/1207/1207
f 1203/1203/1203 1208/1208/1208 1204/1204/1204
f 1203/1203/1203 1207/1207/1207 1208/1208/1208
f 1204/1204/1204 1205/1205/1205 1201/1201/1201
f 1204/1204/1204 1208/1208/1208 1205/1205/1205
f 1205/1205/1205 1210/1210/1210 1206/1206/1206
f 1205/1205/1205 1209/1209/1209 1210/1210/1210
f 1206/1206/1206 1211/1211/1211 1207/1207/1207
f 1206/1206/1206 1210/1210/1210 1211/1211/1211
f 1207/1207/1207 1212/1212/1212 1208/1208/1208
f 1207/1207/1207 1211/1211/1211 1212/1212/1212
f 1208/1208/1208 1209/1209/1209 1205/1205/1205
f 1208/1208/1208 1212/1212/1212 1209/1209/1209
f 1209/1209/1209 1214/1214/1214 1210/1210/1210
f 1209/1209/1209 1213/1213/1213 1214/1214/1214
f 1210/1210/1210 1215/1215/1215 1211/1211/1211
f 1210/1210/1210 1214/1214/1214 1215/1215/1215
f 1211/1211/1211 1216/1216/1216 1212/1212/1212
f 1211/1211/1211 1215/1215/1215 1216/1216/1216
f 1212/1212/1212 1213/1213/1213 1209/1209/1209
f 1212/1212/1212 1216/1216/1216 1213/1213/1213
f 1213/1213/1213 1170/1170/1170 1214/1214/1214
f 1213/1213/1213 1169/1169/1169 1170/1170/1170
f 1214/1214/1214 1171/1171/1171 1215/1215/1215
f 1214/1214/1214 1170/1170/1170 1171/1171/1171
f 1215/1215/1215 1172/1172/1172 1216/1216/1216
f 1215/1215/1215 1171/1171/1171 1172/1172/1172
f 1216/1216/1216 1169/1169/1169 1213/1213/1213
f 1216/1216/1216 1172/1172/1172 1169/1169/1169
usemtl rope
v -0.46417621 0.95284127 -0.005 0.84 0.76 0.61
v -0.44668763 0.93512315 -0.005 0.84 0.76 0.61
v -0.46417621 0.91740502 -0.005 0.84 0.76 0.61
v -0.4816648 0.93512315 -0.005 0.84 0.76 0.61
v -0.4880051 0.94517359 0.02542439 0.84 0.76 0.61
v -0.46949474 0.9331566 0.032592072 0.84 0.76 0.61
v -0.47601339 0.91188505 0.02542439 0.84 0.76 0.61
v -0.49452374 0.92390204 0.018256709 0.84 0.76 0.61
v -0.53672585 0.92715891 0.04769659 0.84 0.76 0.61
v -0.5247352 0.91273124 0.05799715 0.84 0.76 0.61
v -0.52473414 0.89387037 0.04769659 0.84 0.76 0.61
v -0.53672479 0.90829804 0.03739603 0.84 0.76 0.61
v -0.60327964 0.90255041 0.05584878 0.84 0.76 0.61
v -0.59728378 0.88590614 0.066912195 0.84 0.76 0.61
v -0.59128792 0.86926187 0.05584878 0.84 0.76 0.61
v -0.59728378 0.88590614 0.044785366 0.84 0.76 0.61
v -0.66983342 0.8779419 0.04769659 0.84 0.76 0.61
v -0.66983236 0.85908104 0.05799715 0.84 0.76 0.61
v -0.65784171 0.84465337 0.04769659 0.84 0.76 0.61
v -0.65784277 0.86351423 0.03739603 0.84 0.76 0.61
v -0.71855417 0.85992723 0.02542439 0.84 0.76 0.61
v -0.72507282 0.83865568 0.032592072 0.84 0.76 0.61
v -0.70656246 0.82663869 0.02542439 0.84 0.76 0.61
v -0.70004382 0.84791024 0.018256709 0.84 0.76 0.61
v -0.73039135 0.81897101 -0.005 0.84 0.76 0.61
v -0.71290276 0.83668913 -0.005 0.84 0.76 0.61
v -0.73039135 0.85440725 -0.005 0.84 0.76 0.61
v -0.74787993 0.83668913 -0.005 0.84 0.76 0.61
v -0.70656246 0.82663869 -0.03542439 0.84 0.76 0.61
v -0.70004382 0.84791024 -0.028256709 0.84 0.76 0.61
v -0.71855417 0.85992723 -0.03542439 0.84 0.76 0.61
v -0.72507282 0.83865568 -0.042592072 0.84 0.76 0.61
v -0.65784171 0.84465337 -0.05769659 0.84 0.76 0.61
v -0.65784277 0.86351423 -0.04739603 0.84 0.76 0.61
v -0.66983342 0.8779419 -0.05769659 0.84 0.76 0.61
v -0.66983236 0.85908104 -0.06799715 0.84 0.76 0.61
v -0.59128792 0.86926187 -0.06584878 0.84 0.76 0.61
v -0.59728378 0.88590614 -0.054785366 0.84 0.76 0.61
v -0.60327964 0.90255041 -0.06584878 0.84 0.76 0.61
v -0.59728378 0.88590614 -0.076912195 0.84 0.76 0.61
v -0.52473414 0.89387037 -0.05769659 0.84 0.76 0.61
v -0.53672479 0.90829804 -0.04739603 0.84 0.76 0.61
v -0.53672585 0.92715891 -0.05769659 0.84 0.76 0.61
v -0.5247352 0.91273124 -0.06799715 0.84 0.76 0.61
v -0.47601339 0.91188505 -0.03542439 0.84 0.76 0.61
v -0.49452374 0.92390204 -0.028256709 0.84 0.76 0.61
v -0.4880051 0.94517359 -0.03542439 0.84 0.76 0.61
v -0.46949474 0.9331566 -0.042592072 0.84 0.76 0.61
vt 0 0
vt 0 0
vt 0 0
vt 0 0
vt 0 0
vt 0 0
vt 0 0
vt 0 0
vt 0 0
vt 0 0
vt 0 0
vt 0 0
vt 0 0
vt 0 0
vt 0 0
vt 0 0
vt 0 0
vt 0 0
vt 0 0
vt 0 0
vt 0 0
vt 0 0
vt 0 0
vt 0 0
vt 0 0
vt 0 0
vt 0 0
vt 0 0
vt 0 0
vt 0 0
vt 0 0
vt 0 0
vt 0 0
vt 0 0
vt 0 0
vt 0 0
vt 0 0
vt 0 0
vt 0 0
vt 0 0
vt 0 0
vt 0 0
vt 0 0
vt 0 0
vt 0 0
vt 0 0
vt 0 0
vt 0 0
vn 0.39746048 0.89879626 -0.18490658
vn 0.9450059 -0.31757155 0.078180283
vn -0.32747994 -0.91220264 -0.24625845
vn -0.82532719 0.39691001 -0.40161856
vn -0.28289754 0.92605034 0.24979944
vn 0.59208208 0.14350027 0.79299841
vn 0.3624029 -0.92428675 -0.11982549
vn -0.59837997 -0.12610301 -0.79122654
vn -0.3821403 0.9148899 0.13017398
vn 0.23417908 0.067331786 0.96985906
vn 0.4135693 -0.91018866 -0.022738626
vn -0.22948152 -0.062953734 -0.97127497
vn -0.40304213 0.91392797 0.047882194
vn 5.7510788e-17 4.8656348e-17 1
vn 0.40304213 -0.91392797 0.047882194
vn -6.4859052e-17 -5.4873264e-17 -1
vn -0.4135693 0.91018866 -0.022738626
vn -0.23417908 -0.067331786 0.96985906
vn 0.3821403 -0.9148899 0.13017398
vn 0.22948152 0.062953734 -0.97127497
vn -0.20481117 0.81459331 -0.54266945
vn -0.62547486 0.080498925 0.77608062
vn -0.074969445 -0.96144244 0.26459029
vn 0.40329671 -0.14340533 -0.90376251
vn 0.41416083 -0.85526338 0.31144077
vn 0.72755995 0.43948365 0.52679279
vn -0.52772612 0.81316086 0.24550877
vn -0.87321543 -0.47714 -0.099157619
vn 0.20072051 -0.97357498 0.10891757
vn 0.51818385 0.18511055 0.83499676
vn -0.32419682 0.92998891 -0.17325431
vn -0.56737477 -0.20310494 -0.79801895
vn 0.27796524 -0.96032131 0.022766176
vn 0.21663271 0.097753874 0.97134672
vn -0.30494612 0.94341898 -0.13026315
vn -0.22308159 -0.097390822 -0.96992249
vn 0.2884165 -0.95630462 -0.047931221
vn 2.4090505e-16 -7.3164352e-17 1
vn -0.2884165 0.95630462 -0.047931221
vn -2.2182732e-16 8.1093913e-17 -1
vn 0.30494612 -0.94341898 -0.13026315
vn -0.21663271 -0.097753874 0.97134672
vn -0.27796524 0.96032131 0.022766176
vn 0.22308159 0.097390822 -0.96992249
vn 0.68008123 -0.65623855 -0.32686463
vn -0.25704287 -0.46139332 0.84914378
vn -0.50455064 0.70187736 0.50278904
vn 0.41225597 0.50051905 -0.76126585
f 1217/1217/1217 1222/1222/1222 1218/1218/1218
f 1217/1217/1217 1221/1221/1221 1222/1222/1222
f 1218/1218/1218 1223/1223/1223 1219/1219/1219
f 1218/1218/1218 1222/1222/1222 1223/1223/1223
f 1219/1219/1219 1224/1224/1224 1220/1220/1220
f 1219/1219/1219 1223/1223/1223 1224/1224/1224
f 1220/1220/1220 1221/1221/1221 1217/1217/1217
f 1220/1220/1220 1224/1224/1224 1221/1221/1221
f 1221/1221/1221 1226/1226/1226 1222/1222/1222
f 1221/1221/1221 1225/1225/1225 1226/1226/1226
f 1222/1222/1222 1227/1227/1227 1223/1223/1223
f 1222/1222/1222 1226/1226/1226 1227/1227/1227
f 1223/1223/1223 1228/1228/1228 1224/1224/1224
f 1223/1223/1223 1227/1227/1227 1228/1228/1228
f 1224/1224/1224 1225/1225/1225 1221/1221/1221
f 1224/1224/1224 1228/1228/1228 1225/1225/1225
f 1225/1225/1225 1230/1230/1230 1226/1226/1226
f 1225/1225/1225 1229/1229/1229 1230/1230/1230
f 1226/1226/1226 1231/1231/1231 1227/1227/1227
f 1226/1226/1226 1230/1230/1230 1231/1231/1231
f 1227/1227/1227 1232/1232/1232 1228/1228/1228
f 1227/1227/1227 1231/1231/1231 1232/1232/1232
f 1228/1228/1228 1229/1229/1229 1225/1225/1225
f 1228/1228/1228 1232/1232/1232 1229/1229/1229
f 1229/1229/1229 1234/1234/1234 1230/1230/1230
f 1229/1229/1229 1233/1233/1233 1234/1234/1234
f 1230/1230/1230 1235/1235/1235 1231/1231/1231
f 1230/1230/1230 1234/1234/1234 1235/1235/1235
f 1231/1231/1231 1236/1236/1236 1232/1232/1232
f 1231/1231/1231 1235/1235/1235 1236/1236/1236
f 1232/1232/1232 1233/1233/1233 1229/1229/1229
f 1232/1232/1232 1236/1236/1236 1233/1233/1233
f 1233/1233/1233 1238/1238/1238 1234/1234/1234
f 1233/1233/1233 1237/1237/1237 1238/1238/1238
f 1234/1234/1234 1239/1239/1239 1235/1235/1235
f 1234/1234/1234 1238/1238/1238 1239/1239/1239
f 1235/1235/1235 1240/1240/1240 1236/1236/1236
f 1235/1235/1235 1239/1239/1239 1240/1240/1240
f 1236/1236/1236 1237/1237/1237 1233/1233/1233
f 1236/1236/1236 1240/1240/1240 1237/1237/1237
f 1237/1237/1237 1242/1242/1242 1238/1238/1238
f 1237/1237/1237 1241/1241/1241 1242/1242/1242
f 1238/1238/1238 1243/1243/1243 1239/1239/1239
f 1238/1238/1238 1242/1242/1242 1243/1243/1243
f 1239/1239/1239 1244/1244/1244 1240/1240/1240
f 1239/1239/1239 1243/1243/1243 1244/1244/1244
f 1240/1240/1240 1241/1241/1241 1237/1237/1237
f 1240/1240/1240 1244/1244/1244 1241/1241/1241
f 1241/1241/1241 1246/1246/1246 1242/1242/1242
f 1241/1241/1241 1245/1245/1245 1246/1246/1246
f 1242/1242/1242 1247/1247/1247 1243/1243/1243
f 1242/1242/1242 1246/1246/1246 1247/1247/1247
f 1243/1243/1243 1248/1248/1248 1244/1244/1244
f 1243/1243/1243 1247/1247/1247 1248/1248/1248
f 1244/1244/1244 1245/1245/1245 1241/1241/1241
f 1244/1244/1244 1248/1248/1248 1245/1245/1245
f 1245/1245/1245 1250/1250/1250 1246/1246/1246
f 1245/1245/1245 1249/1249/1249 1250/1250/1250
f 1246/1246/1246 1251/1251/1251 1247/1247/1247
f 1246/1246/1246 1250/1250/1250 1251/1251/1251
f 1247/1247/1247 1252/1252/1252 1248/1248/1248
f 1247/1247/1247 1251/1251/1251 1252/1252/1252
f 1248/1248/1248 1249/1249/1249 1245/1245/1245
f 1248/1248/1248 1252/1252/1252 1249/1249/1249
f 1249/1249/1249 1254/1254/1254 1250/1250/1250
f 1249/1249/1249 1253/1253/1253 1254/1254/1254
f 1250/1250/1250 1255/1255/1255 1251/1251/1251
f 1250/1250/1250 1254/1254/1254 1255/1255/1255
f 1251/1251/1251 1256/1256/1256 1252/1252/1252
f 1251/1251/1251 1255/1255/1255 1256/1256/1256
f 1252/1252/1252 1253/1253/1253 1249/1249/1249
f 1252/1252/1252 1256/1256/1256 1253/1253/1253
f 1253/1253/1253 1258/1258/1258 1254/1254/1254
f 1253/1253/1253 1257/1257/1257 1258/1258/1258
f 1254/1254/1254 1259/1259/1259 1255/1255/1255
f 1254/1254/1254 1258/1258/1258 1259/1259/1259
f 1255/1255/1255 1260/1260/1260 1256/1256/1256
f 1255/1255/1255 1259/1259/1259 1260/1260/1260
f 1256/1256/1256 1257/1257/1257 1253/1253/1253
f 1256/1256/1256 1260/1260/1260 1257/1257/1257
f 1257/1257/1257 1262/1262/1262 1258/1258/1258
f 1257/1257/1257 1261/1261/1261 1262/1262/1262
f 1258/1258/1258 1263/1263/1263 1259/1259/1259
f 1258/1258/1258 1262/1262/1262 1263/1263/1263
f 1259/1259/1259 1264/1264/1264 1260/1260/1260
f 1259/1259/1259 1263/1263/1263 1264/1264/1264
f 1260/1260/1260 1261/1261/1261 1257/1257/1257
f 1260/1260/1260 1264/1264/1264 1261/1261/1261
f 1261/1261/1261 1218/1218/1218 1262/1262/1262
f 1261/1261/1261 1217/1217/1217 1218/1218/1218
f 1262/1262/1262 1219/1219/1219 1263/1263/1263
f 1262/1262/1262 1218/1218/1218 1219/1219/1219
f 1263/1263/1263 1220/1220/1220 1264/1264/1264
f 1263/1263/1263 1219/1219/1219 1220/1220/1220
f 1264/1264/1264 1217/1217/1217 1261/1261/1261
f 1264/1264/1264 1220/1220/1220 1217/1217/1217
usemtl rope
v -0.45834668 0.85440725 -0.005 0.84 0.76 0.61
v -0.4408581 0.83668913 -0.005 0.84 0.76 0.61
v -0.45834668 0.81897101 -0.005 0.84 0.76 0.61
v -0.47583527 0.83668913 -0.005 0.84 0.76 0.61
v -0.47118851 0.86000818 0.027268293 0.84 0.76 0.61
v -0.46427627 0.83878963 0.03434912 0.84 0.76 0.61
v -0.48273294 0.82655774 0.027268293 0.84 0.76 0.61
v -0.48964518 0.84777629 0.020187465 0.84 0.76 0.61
v -0.52204301 0.87802286 0.050890322 0.84 0.76 0.61
v -0.52168184 0.85912494 0.061161835 0.84 0.76 0.61
v -0.53358745 0.84457241 0.050890322 0.84 0.76 0.61
v -0.53394863 0.86347033 0.040618809 0.84 0.76 0.61
v -0.59151156 0.90263136 0.059536585 0.84 0.76 0.61
v -0.59728378 0.88590614 0.0706 0.84 0.76 0.61
v -0.603056 0.86918092 0.059536585 0.84 0.76 0.61
v -0.59728378 0.88590614 0.048473171 0.84 0.76 0.61
v -0.66098011 0.92723986 0.050890322 0.84 0.76 0.61
v -0.67288572 0.91268733 0.061161835 0.84 0.76 0.61
v -0.67252455 0.89378942 0.050890322 0.84 0.76 0.61
v -0.66061894 0.90834195 0.040618809 0.84 0.76 0.61
v -0.71183462 0.94525454 0.027268293 0.84 0.76 0.61
v -0.73029129 0.93302265 0.03434912 0.84 0.76 0.61
v -0.72337906 0.9118041 0.027268293 0.84 0.76 0.61
v -0.70492238 0.92403598 0.020187465 0.84 0.76 0.61
v -0.73622088 0.91740502 -0.005 0.84 0.76 0.61
v -0.71873229 0.93512315 -0.005 0.84 0.76 0.61
v -0.73622088 0.95284127 -0.005 0.84 0.76 0.61
v -0.75370946 0.93512315 -0.005 0.84 0.76 0.61
v -0.72337906 0.9118041 -0.037268293 0.84 0.76 0.61
v -0.70492238 0.92403598 -0.030187465 0.84 0.76 0.61
v -0.71183462 0.94525454 -0.037268293 0.84 0.76 0.61
v -0.73029129 0.93302265 -0.04434912 0.84 0.76 0.61
v -0.67252455 0.89378942 -0.060890322 0.84 0.76 0.61
v -0.66061894 0.90834195 -0.050618809 0.84 0.76 0.61
v -0.66098011 0.92723986 -0.060890322 0.84 0.76 0.61
v -0.67288572 0.91268733 -0.071161835 0.84 0.76 0.61
v -0.603056 0.86918092 -0.069536585 0.84 0.76 0.61
v -0.59728378 0.88590614 -0.058473171 0.84 0.76 0.61
v -0.59151156 0.90263136 -0.069536585 0.84 0.76 0.61
v -0.59728378 0.88590614 -0.0806 0.84 0.76 0.61
v -0.53358745 0.84457241 -0.060890322 0.84 0.76 0.61
v -0.53394863 0.86347033 -0.050618809 0.84 0.76 0.61
v -0.52204301 0.87802286 -0.060890322 0.84 0.76 0.61
v -0.52168184 0.85912494 -0.071161835 0.84 0.76 0.61
v -0.48273294 0.82655774 -0.037268293 0.84 0.76 0.61
v -0.48964518 0.84777629 -0.030187465 0.84 0.76 0.61
v -0.47118851 0.86000818 -0.037268293 0.84 0.76 0.61
v -0.46427627 0.83878963 -0.04434912 0.84 0.76 0.61
vt 0 0
vt 0 0
vt 0 0
vt 0 0
vt 0 0
vt 0 0
vt 0 0
vt 0 0
vt 0 0
vt 0 0
vt 0 0
vt 0 0
vt 0 0
vt 0 0
vt 0 0
vt 0 0
vt 0 0
vt 0 0
vt 0 0
vt 0 0
vt 0 0
vt 0 0
vt 0 0
vt 0 0
vt 0 0
vt 0 0
vt 0 0
vt 0 0
vt 0 0
vt 0 0
vt 0 0
vt 0 0
vt 0 0
vt 0 0
vt 0 0
vt 0 0
vt 0 0
vt 0 0
vt 0 0
vt 0 0
vt 0 0
vt 0 0
vt 0 0
vt 0 0
vt 0 0
vt 0 0
vt 0 0
vt 0 0
vn 0.5252331 0.81831341 -0.2334381
vn 0.87394411 -0.47524949 0.10178217
vn -0.42091975 -0.85872615 -0.2922601
vn -0.73822287 0.44313063 -0.50858848
vn 0.30810603 0.93593939 0.17055246
vn 0.57676805 -0.19653973 0.79291282
vn -0.19188379 -0.97533173 -0.10912665
vn -0.53218023 0.1806393 -0.82713581
vn 0.29079397 0.94814022 0.12833154
vn 0.22894558 -0.095331018 0.96875999
vn -0.26401162 -0.96421446 -0.024255638
vn -0.2228976 0.095737205 -0.9701294
vn 0.27403705 0.96057071 0.046985105
vn 5.9387055e-17 -1.5631387e-17 1
vn -0.27403705 -0.96057071 0.046985105
vn -3.5634852e-17 1.7586602e-17 -1
vn 0.26401162 0.96421446 -0.024255638
vn -0.22894558 0.095331018 0.96875999
vn -0.29079397 -0.94814022 0.12833154
vn 0.2228976 -0.095737205 -0.9701294
vn 0.50316145 0.70667998 -0.49742534
vn -0.42120942 0.49879617 0.75748598
vn -0.67160878 -0.66579667 0.32504838
vn 0.27162073 -0.46237246 -0.84405799
vn 0.33450676 -0.91332379 0.23226037
vn 0.83004077 0.39702419 0.39166837
vn -0.39993205 0.89914395 0.17774847
vn -0.94247988 -0.32434643 -0.080815073
vn -0.35030205 -0.92887755 0.120312
vn 0.6065546 -0.1244794 0.78523652
vn 0.27428227 0.93049788 -0.24278164
vn -0.6002398 0.14007388 -0.78745888
vn -0.40174182 -0.91543245 0.024226943
vn 0.23475633 -0.062209934 0.97006154
vn 0.37086911 0.91978782 -0.1282438
vn -0.23923175 0.066247659 -0.96869986
vn -0.39168002 -0.91890349 -0.046937627
vn 2.8507882e-16 -3.1655884e-16 1
vn 0.39168002 0.91890349 -0.046937627
vn -2.5338477e-16 2.5010219e-16 -1
vn -0.37086911 -0.91978782 -0.1282438
vn -0.23475633 0.062209934 0.97006154
vn 0.40174182 0.91543245 0.024226943
vn 0.23923175 -0.066247659 -0.96869986
vn 0.086033017 -0.95974266 -0.26738051
vn -0.41472002 -0.14870358 0.8977163
vn 0.17882574 0.8247422 0.53649013
vn 0.62730791 0.091469185 -0.773381
f 1265/1265/1265 1270/1270/1270 1266/1266/1266
f 1265/1265/1265 1269/1269/1269 1270/1270/1270
f 1266/1266/1266 1271/1271/1271 1267/1267/1267
f 1266/1266/1266 1270/1270/1270 1271/1271/1271
f 1267/1267/1267 1272/1272/1272 1268/1268/1268
f 1267/1267/1267 1271/1271/1271 1272/1272/1272
f 1268/1268/1268 1269/1269/1269 1265/1265/1265
f 1268/1268/1268 1272/1272/1272 1269/1269/1269
f 1269/1269/1269 1274/1274/1274 1270/1270/1270
f 1269/1269/1269 1273/1273/1273 1274/1274/1274
f 1270/1270/1270 1275/1275/1275 1271/1271/1271
f 1270/1270/1270 1274/1274/1274 1275/1275/1275
f 1271/1271/1271 1276/1276/1276 1272/1272/1272
f 1271/1271/1271 1275/1275/1275 1276/1276/1276
f 1272/1272/1272 1273/1273/1273 1269/1269/1269
f 1272/1272/1272 1276/1276/1276 1273/1273/1273
f 1273/1273/1273 1278/1278/1278 1274/1274/1274
f 1273/1273/1273 1277/1277/1277 1278/1278/1278
f 1274/1274/1274 1279/1279/1279 1275/1275/1275
f 1274/1274/1274 1278/1278/1278 1279/1279/1279
f 1275/1275/1275 1280/1280/1280 1276/1276/1276
f 1275/1275/1275 1279/1279/1279 1280/1280/1280
f 1276/1276/1276 1277/1277/1277 1273/1273/1273
f 1276/1276/1276 1280/1280/1280 1277/1277/1277
f 1277/1277/1277 1282/1282/1282 1278/1278/1278
f 1277/1277/1277 1281/1281/1281 1282/1282/1282
f 1278/1278/1278 1283/1283/1283 1279/1279/1279
f 1278/1278/1278 1282/1282/1282 1283/1283/1283
f 1279/1279/1279 1284/1284/1284 1280/1280/1280
f 1279/1279/1279 1283/1283/1283 1284/1284/1284
f 1280/1280/1280 1281/1281/1281 1277/1277/1277
f 1280/1280/1280 1284/1284/1284 1281/1281/1281
f 1281/1281/1281 1286/1286/1286 1282/1282/1282
f 1281/1281/1281 1285/1285/1285 1286/1286/1286
f 1282/1282/1282 1287/1287/1287 1283/1283/1283
f 1282/1282/1282 1286/1286/1286 1287/1287/1287
f 1283/1283/1283 1288/1288/1288 1284/1284/1284
f 1283/1283/1283 1287/1287/1287 1288/1288/1288
f 1284/1284/1284 1285/1285/1285 1281/1281/1281
f 1284/1284/1284 1288/1288/1288 1285/1285/1285
f 1285/1285/1285 1290/1290/1290 1286/1286/1286
f 1285/1285/1285 1289/1289/1289 1290/1290/1290
f 1286/1286/1286 1291/1291/1291 1287/1287/1287
f 1286/1286/1286 1290/1290/1290 1291/1291/1291
f 1287/1287/1287 1292/1292/1292 1288/1288/1288
f 1287/1287/1287 1291/1291/1291 1292/1292/1292
f 1288/1288/1288 1289/1289/1289 1285/1285/1285
f 1288/1288/1288 1292/1292/1292 1289/1289/1289
f 1289/1289/1289 1294/1294/1294 1290/1290/1290
f 1289/1289/1289 1293/1293/1293 1294/1294/1294
f 1290/1290/1290 1295/1295/1295 1291/1291/1291
f 1290/1290/1290 1294/1294/1294 1295/1295/1295
f 1291/1291/1291 1296/1296/1296 1292/1292/1292
f 1291/1291/1291 1295/1295/1295 1296/1296/1296
f 1292/1292/1292 1293/1293/1293 1289/1289/1289
f 1292/1292/1292 1296/1296/1296 1293/1293/1293
f 1293/1293/1293 1298/1298/1298 1294/1294/1294
f 1293/1293/1293 1297/1297/1297 1298/1298/1298
f 1294/1294/1294 1299/1299/1299 1295/1295/1295
f 1294/1294/1294 1298/1298/1298 1299/1299/1299
f 1295/1295/1295 1300/1300/1300 1296/1296/1296
f 1295/1295/1295 1299/1299/1299 1300/1300/1300
f 1296/1296/1296 1297/1297/1297 1293/1293/1293
f 1296/1296/1296 1300/1300/1300 1297/1297/1297
f 1297/1297/1297 1302/1302/1302 1298/1298/1298
f 1297/1297/1297 1301/1301/1301 1302/1302/1302
f 1298/1298/1298 1303/1303/1303 1299/1299/1299
f 1298/1298/1298 1302/1302/1302 1303/1303/1303
f 1299/1299/1299 1304/1304/1304 1300/1300/1300
f 1299/1299/1299 1303/1303/1303 1304/1304/1304
f 1300/1300/1300 1301/1301/1301 1297/1297/1297
f 1300/1300/1300 1304/1304/1304 1301/1301/1301
f 1301/1301/1301 1306/1306/1306 1302/1302/1302
f 1301/1301/1301 1305/1305/1305 1306/1306/1306
f 1302/1302/1302 1307/1307/1307 1303/1303/1303
f 1302/1302/1302 1306/1306/1306 1307/1307/1307
f 1303/1303/1303 1308/1308/1308 1304/1304/1304
f 1303/1303/1303 1307/1307/1307 1308/1308/1308
f 1304/1304/1304 1305/1305/1305 1301/1301/1301
f 1304/1304/1304 1308/1308/1308 1305/1305/1305
f 1305/1305/1305 1310/1310/1310 1306/1306/1306
f 1305/1305/1305 1309/1309/1309 1310/1310/1310
f 1306/1306/1306 1311/1311/1311 1307/1307/1307
f 1306/1306/1306 1310/1310/1310 1311/1311/1311
f 1307/1307/1307 1312/1312/1312 1308/1308/1308
f 1307/1307/1307 1311/1311/1311 1312/1312/1312
f 1308/1308/1308 1309/1309/1309 1305/1305/1305
f 1308/1308/1308 1312/1312/1312 1309/1309/1309
f 1309/1309/1309 1266/1266/1266 1310/1310/1310
f 1309/1309/1309 1265/1265/1265 1266/1266/1266
f 1310/1310/1310 1267/1267/1267 1311/1311/1311
f 1310/1310/1310 1266/1266/1266 1267/1267/1267
f 1311/1311/1311 1268/1268/1268 1312/1312/1312
f 1311/1311/1311 1267/1267/1267 1268/1268/1268
f 1312/1312/1312 1265/1265/1265 1309/1309/1309
f 1312/1312/1312 1268/1268/1268 1265/1265/1265
usemtl timber
v -0.24403835 0 -0.005 1 1 1
v -0.25979752 0 0.019408368 1 1 1
v -0.3013422 0 0.03736349 1 1 1
v -0.35837027 0 0.046124125 1 1 1
v -0.4132134 0 0.035740409 1 1 1
v -0.45881247 0 0.019871277 1 1 1
v -0.47333314 0 -0.005 1 1 1
v -0.45837263 0 -0.029762364 1 1 1
v -0.4159896 0 -0.047802716 1 1 1
v -0.35837027 0 -0.052217338 1 1 1
v -0.29856601 0 -0.049425797 1 1 1
v -0.26023736 0 -0.029299454 1 1 1
v -0.24453271 0.20574169 -0.005 1 1 1
v -0.25878168 0.20574169 0.019659907 1 1 1
v -0.30109502 0.20574169 0.03754711 1 1 1
v -0.35837027 0.20574169 0.045621047 1 1 1
v -0.41296622 0.20574169 0.035556788 1 1 1
v -0.45982831 0.20574169 0.020122816 1 1 1
v -0.4738275 0.20574169 -0.005 1 1 1
v -0.45735679 0.20574169 -0.029510825 1 1 1
v -0.41574242 0.20574169 -0.047619095 1 1 1
v -0.35837027 0.20574169 -0.052720416 1 1 1
v -0.29831883 0.20574169 -0.049609417 1 1 1
v -0.2612532 0.20574169 -0.029047915 1 1 1
v -0.24424478 0.41148339 -0.005 1 1 1
v -0.25770788 0.41148339 0.019925798 1 1 1
v -0.30123899 0.41148339 0.037440163 1 1 1
v -0.35837027 0.41148339 0.045089265 1 1 1
v -0.41311019 0.41148339 0.035663735 1 1 1
v -0.46090211 0.41148339 0.020388707 1 1 1
v -0.47353957 0.41148339 -0.005 1 1 1
v -0.456283 0.41148339 -0.029244934 1 1 1
v -0.41588639 0.41148339 -0.047726042 1 1 1
v -0.35837027 0.41148339 -0.053252198 1 1 1
v -0.29846279 0.41148339 -0.04950247 1 1 1
v -0.26232699 0.41148339 -0.028782024 1 1 1
v -0.24328409 0.61722508 -0.005 1 1 1
v -0.25698467 0.61722508 0.020104878 1 1 1
v -0.30171933 0.61722508 0.03708334 1 1 1
v -0.35837027 0.61722508 0.044731106 1 1 1
v -0.41359053 0.61722508 0.036020559 1 1 1
v -0.46162532 0.61722508 0.020567787 1 1 1
v -0.47257888 0.61722508 -0.005 1 1 1
v -0.45555979 0.61722508 -0.029065854 1 1 1
v -0.41636673 0.61722508 -0.048082866 1 1 1
v -0.35837027 0.61722508 -0.053610358 1 1 1
v -0.29894314 0.61722508 -0.049145646 1 1 1
v -0.2630502 0.61722508 -0.028602945 1 1 1
v -0.24201617 0.82296678 -0.005 1 1 1
v -0.25688721 0.82296678 0.020129012 1 1 1
v -0.30235329 0.82296678 0.036612399 1 1 1
v -0.35837027 0.82296678 0.044682837 1 1 1
v -0.41422449 0.82296678 0.036491499 1 1 1
v -0.46172278 0.82296678 0.020591921 1 1 1
v -0.47131096 0.82296678 -0.005 1 1 1
v -0.45546232 0.82296678 -0.02904172 1 1 1
v -0.41700069 0.82296678 -0.048553806 1 1 1
v -0.35837027 0.82296678 -0.053658626 1 1 1
v -0.2995771 0.82296678 -0.048674706 1 1 1
v -0.26314767 0.82296678 -0.02857881 1 1 1
v -0.24092342 1.0287085 -0.005 1 1 1
v -0.25745257 1.0287085 0.019989018 1 1 1
v -0.30289967 1.0287085 0.036206521 1 1 1
v -0.35837027 1.0287085 0.044962825 1 1 1
v -0.41477087 1.0287085 0.036897377 1 1 1
v -0.46115742 1.0287085 0.020451927 1 1 1
v -0.47021821 1.0287085 -0.005 1 1 1
v -0.45602768 1.0287085 -0.029181714 1 1 1
v -0.41754707 1.0287085 -0.048959684 1 1 1
v -0.35837027 1.0287085 -0.053378638 1 1 1
v -0.30012347 1.0287085 -0.048268828 1 1 1
v -0.2625823 1.0287085 -0.028718804 1 1 1
v -0.35837027 0 -0.005 1 1 1
v -0.35837027 1.4175228 -0.005 1 1 1
vt 1 0.692
vt 1.1666667 0.692
vt 1.3333333 0.692
vt 1.5 0.692
vt 1.6666667 0.692
vt 1.8333333 0.692
vt 2 0.692
vt 0.16666667 0.692
vt 0.33333333 0.692
vt 0.5 0.692
vt 0.66666667 0.692
vt 0.83333333 0.692
vt 1 1.0638929
vt 1.1666667 1.0638929
vt 1.3333333 1.0638929
vt 1.5 1.0638929
vt 1.6666667 1.0638929
vt 1.8333333 1.0638929
vt 2 1.0638929
vt 0.16666667 1.0638929
vt 0.33333333 1.0638929
vt 0.5 1.0638929
vt 0.66666667 1.0638929
vt 0.83333333 1.0638929
vt 1 1.4357858
vt 1.1666667 1.4357858
vt 1.3333333 1.4357858
vt 1.5 1.4357858
vt 1.6666667 1.4357858
vt 1.8333333 1.4357858
vt 2 1.4357858
vt 0.16666667 1.4357858
vt 0.33333333 1.4357858
vt 0.5 1.4357858
vt 0.66666667 1.4357858
vt 0.83333333 1.4357858
vt 1 1.8076787
vt 1.1666667 1.8076787
vt 1.3333333 1.8076787
vt 1.5 1.8076787
vt 1.6666667 1.8076787
vt 1.8333333 1.8076787
vt 2 1.8076787
vt 0.16666667 1.8076787
vt 0.33333333 1.8076787
vt 0.5 1.8076787
vt 0.66666667 1.8076787
vt 0.83333333 1.8076787
vt 1 2.1795715
vt 1.1666667 2.1795715
vt 1.3333333 2.1795715
vt 1.5 2.1795715
vt 1.6666667 2.1795715
vt 1.8333333 2.1795715
vt 2 2.1795715
vt 0.16666667 2.1795715
vt 0.33333333 2.1795715
vt 0.5 2.1795715
vt 0.66666667 2.1795715
vt 0.83333333 2.1795715
vt 1 2.5514644
vt 1.1666667 2.5514644
vt 1.3333333 2.5514644
vt 1.5 2.5514644
vt 1.6666667 2.5514644
vt 1.8333333 2.5514644
vt 2 2.5514644
vt 0.16666667 2.5514644
vt 0.33333333 2.5514644
vt 0.5 2.5514644
vt 0.66666667 2.5514644
vt 0.83333333 2.5514644
vt 1 0.692
vt 1 3.2542743
vn 0.92380779 -0.34109514 0.17387718
vn 0.50373013 -0.22935986 0.83285654
vn 0.21466448 -0.17080699 0.96163618
vn -0.069106051 -0.16239283 0.98430327
vn -0.26819513 -0.17306078 0.94769264
vn -0.64010112 -0.26718436 0.72033539
vn -0.91603939 -0.3423764 -0.20892638
vn -0.51022546 -0.22923275 -0.82892842
vn -0.17004411 -0.16733528 -0.97112507
vn 0.0082861147 -0.15199267 -0.98834689
vn 0.30044397 -0.19223574 -0.93422633
vn 0.66793359 -0.2661651 -0.69499702
vn 0.9986317 0.00028031356 -0.052293934
vn 0.59312007 -0.002245391 0.80511089
vn 0.25189158 -0.00013618373 0.96775545
vn -0.013844842 0.0013894783 0.99990319
vn -0.24333452 0.00013718852 0.96994242
vn -0.56230629 -0.0021582546 0.82692623
vn -0.99866358 -0.00027939505 -0.051681451
vn -0.59950917 0.0022654634 -0.80036468
vn -0.22872381 0.00013321176 -0.97349135
vn -0.013182385 -0.0014192102 -0.9999121
vn 0.23721778 -0.00013209815 -0.97145649
vn 0.63027983 0.0023514812 -0.77636448
vn 0.99651948 -0.0016906081 -0.083343019
vn 0.59036844 -0.0019189376 0.8071316
vn 0.24493434 0.00081958086 0.96953932
vn -0.012458848 0.00119911 0.99992167
vn -0.2365708 -0.00082444178 0.9716139
vn -0.56492926 -0.0018548029 0.82513726
vn -0.99660695 0.001687799 -0.082290592
vn -0.60224467 0.0019601788 -0.79830916
vn -0.2356912 -0.000809961 -0.97182766
vn -0.011913001 -0.0012165374 -0.9999283
vn 0.24439287 0.00080455856 -0.96967597
vn 0.62743402 0.00202315 -0.7786671
vn 0.99454374 -0.003003604 -0.10427713
vn 0.5812523 -0.00086606325 0.81372293
vn 0.24029073 0.0014608349 0.97069987
vn -0.0079224597 0.00054893073 0.99996847
vn -0.23203839 -0.0014621639 0.97270553
vn -0.57395817 -0.00085328399 0.81888418
vn -0.99471482 0.0030145488 -0.10263205
vn -0.61143087 0.00090555032 -0.79129733
vn -0.24042815 -0.0014476571 -0.97066586
vn -0.0075969551 -0.00055438475 -0.99997099
vn 0.24925081 0.0014458504 -0.96843789
vn 0.61819774 0.00091759177 -0.78602208
vn 0.99422149 -0.0031694788 -0.10730138
vn 0.56938013 0.00048743916 0.82207423
vn 0.23966973 0.0015517851 0.97085324
vn -0.0019581154 -0.00031307405 0.99999803
vn -0.23141196 -0.0015428833 0.97285463
vn -0.58609277 0.00049259225 0.81024381
vn -0.99445029 0.0032031916 -0.10515878
vn -0.62369317 -0.00052276233 -0.78166908
vn -0.24107164 -0.0015288706 -0.97050612
vn -0.0018783807 0.00031599063 -0.99999819
vn 0.24988764 0.0015378743 -0.96827362
vn 0.60618892 -0.00051705783 -0.79532052
vn 0.96412441 0.16114231 -0.2109438
vn 0.592735 0.11410736 0.79727331
vn 0.25356365 0.078045569 0.96416511
vn 0.026463404 0.071362305 0.99709935
vn -0.21789958 0.075296546 0.97306228
vn -0.5470806 0.11106481 0.82967911
vn -0.98672382 0.15950505 -0.03056547
vn -0.66380456 0.11875432 -0.73841784
vn -0.26773852 0.082290925 -0.95997098
vn -0.0077916919 0.069289296 -0.99756618
vn 0.22084446 0.079538683 -0.97206035
vn 0.56992948 0.10577376 -0.81485723
vn 0 -1 0
vn -1.2416503e-16 1 -2.4534365e-16
f 1313/1313/1313 1326/1326/1326 1314/1314/1314
f 1313/1313/1313 1325/1325/1325 1326/1326/1326
f 1314/1314/1314 1327/1327/1327 1315/1315/1315
f 1314/1314/1314 1326/1326/1326 1327/1327/1327
f 1315/1315/1315 1328/1328/1328 1316/1316/1316
f 1315/1315/1315 1327/1327/1327 1328/1328/1328
f 1316/1316/1316 1329/1329/1329 1317/1317/1317
f 1316/1316/1316 1328/1328/1328 1329/1329/1329
f 1317/1317/1317 1330/1330/1330 1318/1318/1318
f 1317/1317/1317 1329/1329/1329 1330/1330/1330
f 1318/1318/1318 1331/1331/1331 1319/1319/1319
f 1318/1318/1318 1330/1330/1330 1331/1331/1331
f 1319/1319/1319 1332/1332/1332 1320/1320/1320
f 1319/1319/1319 1331/1331/1331 1332/1332/1332
f 1320/1320/1320 1333/1333/1333 1321/1321/1321
f 1320/1320/1320 1332/1332/1332 1333/1333/1333
f 1321/1321/1321 1334/1334/1334 1322/1322/1322
f 1321/1321/1321 1333/1333/1333 1334/1334/1334
f 1322/1322/1322 1335/1335/1335 1323/1323/1323
f 1322/1322/1322 1334/1334/1334 1335/1335/1335
f 1323/1323/1323 1336/1336/1336 1324/1324/1324
f 1323/1323/1323 1335/1335/1335 1336/1336/1336
f 1324/1324/1324 1325/1325/1325 1313/1313/1313
f 1324/1324/1324 1336/1336/1336 1325/1325/1325
f 1325/1325/1325 1338/1338/1338 1326/1326/1326
f 1325/1325/1325 1337/1337/1337 1338/1338/1338
f 1326/1326/1326 1339/1339/1339 1327/1327/1327
f 1326/1326/1326 1338/1338/1338 1339/1339/1339
f 1327/1327/1327 1340/1340/1340 1328/1328/1328
f 1327/1327/1327 1339/1339/1339 1340/1340/1340
f 1328/1328/1328 1341/1341/1341 1329/1329/1329
f 1328/1328/1328 1340/1340/1340 1341/1341/1341
f 1329/1329/1329 1342/1342/1342 1330/1330/1330
f 1329/1329/1329 1341/1341/1341 1342/1342/1342
f 1330/1330/1330 1343/1343/1343 1331/1331/1331
f 1330/1330/1330 1342/1342/1342 1343/1343/1343
f 1331/1331/1331 1344/1344/1344 1332/1332/1332
f 1331/1331/1331 1343/1343/1343 1344/1344/1344
f 1332/1332/1332 1345/1345/1345 1333/1333/1333
f 1332/1332/1332 1344/1344/1344 1345/1345/1345
f 1333/1333/1333 1346/1346/1346 1334/1334/1334
f 1333/1333/1333 1345/1345/1345 1346/1346/1346
f 1334/1334/1334 1347/1347/1347 1335/1335/1335
f 1334/1334/1334 1346/1346/1346 1347/1347/1347
f 1335/1335/1335 1348/1348/1348 1336/1336/1336
f 1335/1335/1335 1347/1347/1347 1348/1348/1348
f 1336/1336/1336 1337/1337/1337 1325/1325/1325
f 1336/1336/1336 1348/1348/1348 1337/1337/1337
f 1337/1337/1337 1350/1350/1350 1338/1338/1338
f 1337/1337/1337 1349/1349/1349 1350/1350/1350
f 1338/1338/1338 1351/1351/1351 1339/1339/1339
f 1338/1338/1338 1350/1350/1350 1351/1351/1351
f 1339/1339/1339 1352/1352/1352 1340/1340/1340
f 1339/1339/1339 1351/1351/1351 1352/1352/1352
f 1340/1340/1340 1353/1353/1353 1341/1341/1341
f 1340/1340/1340 1352/1352/1352 1353/1353/1353
f 1341/1341/1341 1354/1354/1354 1342/1342/1342
f 1341/1341/1341 1353/1353/1353 1354/1354/1354
f 1342/1342/1342 1355/1355/1355 1343/1343/1343
f 1342/1342/1342 1354/1354/1354 1355/1355/1355
f 1343/1343/1343 1356/1356/1356 1344/1344/1344
f 1343/1343/1343 1355/1355/1355 1356/1356/1356
f 1344/1344/1344 1357/1357/1357 1345/1345/1345
f 1344/1344/1344 1356/1356/1356 1357/1357/1357
f 1345/1345/1345 1358/1358/1358 1346/1346/1346
f 1345/1345/1345 1357/1357/1357 1358/1358/1358
f 1346/1346/1346 1359/1359/1359 1347/1347/1347
f 1346/1346/1346 1358/1358/1358 1359/1359/1359
f 1347/1347/1347 1360/1360/1360 1348/1348/1348
f 1347/1347/1347 1359/1359/1359 1360/1360/1360
f 1348/1348/1348 1349/1349/1349 1337/1337/1337
f 1348/1348/1348 1360/1360/1360 1349/1349/1349
f 1349/1349/1349 1362/1362/1362 1350/1350/1350
f 1349/1349/1349 1361/1361/1361 1362/1362/1362
f 1350/1350/1350 1363/1363/1363 1351/1351/1351
f 1350/1350/1350 1362/1362/1362 1363/1363/1363
f 1351/1351/1351 1364/1364/1364 1352/1352/1352
f 1351/1351/1351 1363/1363/1363 1364/1364/1364
f 1352/1352/1352 1365/1365/1365 1353/1353/1353
f 1352/1352/1352 1364/1364/1364 1365/1365/1365
f 1353/1353/1353 1366/1366/1366 1354/1354/1354
f 1353/1353/1353 1365/1365/1365 1366/1366/1366
f 1354/1354/1354 1367/1367/1367 1355/1355/1355
f 1354/1354/1354 1366/1366/1366 1367/1367/1367
f 1355/1355/1355 1368/1368/1368 1356/1356/1356
f 1355/1355/1355 1367/1367/1367 1368/1368/1368
f 1356/1356/1356 1369/1369/1369 1357/1357/1357
f 1356/1356/1356 1368/1368/1368 1369/1369/1369
f 1357/1357/1357 1370/1370/1370 1358/1358/1358
f 1357/1357/1357 1369/1369/1369 1370/1370/1370
f 1358/1358/1358 1371/1371/1371 1359/1359/1359
f 1358/1358/1358 1370/1370/1370 1371/1371/1371
f 1359/1359/1359 1372/1372/1372 1360/1360/1360
f 1359/1359/1359 1371/1371/1371 1372/1372/1372
f 1360/1360/1360 1361/1361/1361 1349/1349/1349
f 1360/1360/1360 1372/1372/1372 1361/1361/1361
f 1361/1361/1361 1374/1374/1374 1362/1362/1362
f 1361/1361/1361 1373/1373/1373 1374/1374/1374
f 1362/1362/1362 1375/1375/1375 1363/1363/1363
f 1362/1362/1362 1374/1374/1374 1375/1375/1375
f 1363/1363/1363 1376/1376/1376 1364/1364/1364
f 1363/1363/1363 1375/1375/1375 1376/1376/1376
f 1364/1364/1364 1377/1377/1377 1365/1365/1365
f 1364/1364/1364 1376/1376/1376 1377/1377/1377
f 1365/1365/1365 1378/1378/1378 1366/1366/1366
f 1365/1365/1365 1377/1377/1377 1378/1378/1378
f 1366/1366/1366 1379/1379/1379 1367/1367/1367
f 1366/1366/1366 1378/1378/1378 1379/1379/1379
f 1367/1367/1367 1380/1380/1380 1368/1368/1368
f 1367/1367/1367 1379/1379/1379 1380/1380/1380
f 1368/1368/1368 1381/1381/1381 1369/1369/1369
f 1368/1368/1368 1380/1380/1380 1381/1381/1381
f 1369/1369/1369 1382/1382/1382 1370/1370/1370
f 1369/1369/1369 1381/1381/1381 1382/1382/1382
f 1370/1370/1370 1383/1383/1383 1371/1371/1371
f 1370/1370/1370 1382/1382/1382 1383/1383/1383
f 1371/1371/1371 1384/1384/1384 1372/1372/1372
f 1371/1371/1371 1383/1383/1383 1384/1384/1384
f 1372/1372/1372 1373/1373/1373 1361/1361/1361
f 1372/1372/1372 1384/1384/1384 1373/1373/1373
f 1385/1385/1385 1313/1313/1313 1314/1314/1314
f 1373/1373/1373 1386/1386/1386 1374/1374/1374
f 1385/1385/1385 1314/1314/1314 1315/1315/1315
f 1374/1374/1374 1386/1386/1386 1375/1375/1375
f 1385/1385/1385 1315/1315/1315 1316/1316/1316
f 1375/1375/1375 1386/1386/1386 1376/1376/1376
f 1385/1385/1385 1316/1316/1316 1317/1317/1317
f 1376/1376/1376 1386/1386/1386 1377/1377/1377
f 1385/1385/1385 1317/1317/1317 1318/1318/1318
f 1377/1377/1377 1386/1386/1386 1378/1378/1378
f 1385/1385/1385 1318/1318/1318 1319/1319/1319
f 1378/1378/1378 1386/1386/1386 1379/1379/1379
f 1385/1385/1385 1319/1319/1319 1320/1320/1320
f 1379/1379/1379 1386/1386/1386 1380/1380/1380
f 1385/1385/1385 1320/1320/1320 1321/1321/1321
f 1380/1380/1380 1386/1386/1386 1381/1381/1381
f 1385/1385/1385 1321/1321/1321 1322/1322/1322
f 1381/1381/1381 1386/1386/1386 1382/1382/1382
f 1385/1385/1385 1322/1322/1322 1323/1323/1323
f 1382/1382/1382 1386/1386/1386 1383/1383/1383
f 1385/1385/1385 1323/1323/1323 1324/1324/1324
f 1383/1383/1383 1386/1386/1386 1384/1384/1384
f 1385/1385/1385 1324/1324/1324 1313/1313/1313
f 1384/1384/1384 1386/1386/1386 1373/1373/1373
usemtl snow
v -0.21840873 1.1183518 -0.005 1 1 1
v -0.23716002 1.01964 0.025013815 1 1 1
v -0.2883895 1.0916017 0.046985452 1 1 1
v -0.35837027 1.0738128 0.055027629 1 1 1
v -0.42835104 1.0467257 0.046985452 1 1 1
v -0.47958052 1.0892269 0.025013815 1 1 1
v -0.49833181 1.0508403 -0.005 1 1 1
v -0.47958052 1.0888899 -0.035013815 1 1 1
v -0.42835104 1.0391688 -0.056985452 1 1 1
v -0.35837027 1.0953793 -0.065027629 1 1 1
v -0.2883895 1.0618042 -0.056985452 1 1 1
v -0.23716002 1.0415435 -0.035013815 1 1 1
v -0.22715632 1.1644237 -0.005 1 1 1
v -0.24473566 1.1298746 0.023137951 1 1 1
v -0.2927633 1.1550611 0.043736361 1 1 1
v -0.35837027 1.148835 0.051275902 1 1 1
v -0.42397724 1.1393545 0.043736361 1 1 1
v -0.47200488 1.15423 0.023137951 1 1 1
v -0.48958421 1.1407947 -0.005 1 1 1
v -0.47200488 1.154112 -0.033137951 1 1 1
v -0.42397724 1.1367096 -0.053736361 1 1 1
v -0.35837027 1.1563833 -0.061275902 1 1 1
v -0.2927633 1.144632 -0.053736361 1 1 1
v -0.24473566 1.1375408 -0.033137951 1 1 1
v -0.25839774 1.2452633 -0.005 1 1 1
v -0.27179152 1.2452633 0.016438439 1 1 1
v -0.308384 1.2452633 0.032132466 1 1 1
v -0.35837027 1.2452633 0.037876878 1 1 1
v -0.40835653 1.2452633 0.032132466 1 1 1
v -0.44494902 1.2452633 0.016438439 1 1 1
v -0.4583428 1.2452633 -0.005 1 1 1
v -0.44494902 1.2452633 -0.026438439 1 1 1
v -0.40835653 1.2452633 -0.042132466 1 1 1
v -0.35837027 1.2452633 -0.047876878 1 1 1
v -0.308384 1.2452633 -0.042132466 1 1 1
v -0.27179152 1.2452633 -0.026438439 1 1 1
v -0.30213572 1.3535407 -0.005 1 1 1
v -0.30966972 1.3535407 0.007059122 1 1 1
v -0.33025299 1.3535407 0.015887012 1 1 1
v -0.35837027 1.3535407 0.019118244 1 1 1
v -0.38648754 1.3535407 0.015887012 1 1 1
v -0.40707081 1.3535407 0.007059122 1 1 1
v -0.41460482 1.3535407 -0.005 1 1 1
v -0.40707081 1.3535407 -0.017059122 1 1 1
v -0.38648754 1.3535407 -0.025887012 1 1 1
v -0.35837027 1.3535407 -0.029118244 1 1 1
v -0.33025299 1.3535407 -0.025887012 1 1 1
v -0.30966972 1.3535407 -0.017059122 1 1 1
v -0.34337439 1.4421313 -0.005 1 1 1
v -0.34538346 1.4421313 -0.0017842341 1 1 1
v -0.35087233 1.4421313 0.00056986984 1 1 1
v -0.35837027 1.4421313 0.0014315317 1 1 1
v -0.36586821 1.4421313 0.00056986984 1 1 1
v -0.37135708 1.4421313 -0.0017842341 1 1 1
v -0.37336615 1.4421313 -0.005 1 1 1
v -0.37135708 1.4421313 -0.0082157659 1 1 1
v -0.36586821 1.4421313 -0.01056987 1 1 1
v -0.35837027 1.4421313 -0.011431532 1 1 1
v -0.35087233 1.4421313 -0.01056987 1 1 1
v -0.34538346 1.4421313 -0.0082157659 1 1 1
v -0.35837027 1.0582387 -0.005 1 1 1
v -0.35837027 1.4647712 -0.005 1 1 1
vt 0 0
vt 0 0
vt 0 0
vt 0 0
vt 0 0
vt 0 0
vt 0 0
vt 0 0
vt 0 0
vt 0 0
vt 0 0
vt 0 0
vt 0 0
vt 0 0
vt 0 0
vt 0 0
vt 0 0
vt 0 0
vt 0 0
vt 0 0
vt 0 0
vt 0 0
vt 0 0
vt 0 0
vt 0 0
vt 0 0
vt 0 0
vt 0 0
vt 0 0
vt 0 0
vt 0 0
vt 0 0
vt 0 0
vt 0 0
vt 0 0
vt 0 0
vt 0 0
vt 0 0
vt 0 0
vt 0 0
vt 0 0
vt 0 0
vt 0 0
vt 0 0
vt 0 0
vt 0 0
vt 0 0
vt 0 0
vt 0 0
vt 0 0
vt 0 0
vt 0 0
vt 0 0
vt 0 0
vt 0 0
vt 0 0
vt 0 0
vt 0 0
vt 0 0
vt 0 0
vt 0 0
vt 0 0
vn 0.77556372 -0.62881749 -0.055583123
vn 0.54287336 -0.70618817 0.45451819
vn 0.037378504 -0.35293862 0.93489956
vn 0.088524856 -0.37604516 0.92236294
vn -0.3006099 -0.51007601 0.80588843
vn -0.57558498 -0.57507711 0.58136756
vn -0.66301318 -0.74224224 -0.09741654
vn -0.4967474 -0.52172095 -0.69357716
vn -0.15981288 -0.47398708 -0.86590767
vn 0.09365717 -0.36903509 -0.92468451
vn 0.097202851 -0.37842673 -0.92051335
vn 0.6764522 -0.73630609 -0.016302168
vn 0.9675402 0.24928588 -0.041503153
vn 0.55782627 0.12945796 0.81979905
vn 0.27299869 0.11260359 0.95540156
vn -0.013096004 0.098024984 0.99509778
vn -0.23633159 0.098453498 0.96667176
vn -0.56972187 0.15459664 0.80716595
vn -0.97780521 0.20860679 -0.019498386
vn -0.59857153 0.15889608 -0.78515232
vn -0.23558571 0.09759112 -0.96694123
vn -0.016693072 0.10122207 -0.9947238
vn 0.25934496 0.10651757 -0.95989281
vn 0.56473999 0.13436014 -0.81425801
vn 0.92702868 0.34928669 -0.1364428
vn 0.57142847 0.22892181 0.78807633
vn 0.26988984 0.17443017 0.94696018
vn 0.008631922 0.15463836 0.98793343
vn -0.22680406 0.16372923 0.96007951
vn -0.53894777 0.23243654 0.80963483
vn -0.94243782 0.33300228 0.030338708
vn -0.61787569 0.25267934 -0.74456886
vn -0.2423159 0.16567173 -0.95594764
vn -0.023278225 0.15437361 -0.98773828
vn 0.22954423 0.16940212 -0.95844268
vn 0.56022703 0.22549635 -0.79705525
vn 0.90913501 0.38566532 -0.15727616
vn 0.63420814 0.29789764 0.71346831
vn 0.27422592 0.20616512 0.93930617
vn 0.031292136 0.17891239 0.98336726
vn -0.19880735 0.19354516 0.96073717
vn -0.51428166 0.2631883 0.81623911
vn -0.90913501 0.38566532 0.15727616
vn -0.63420814 0.29789764 -0.71346831
vn -0.27422592 0.20616512 -0.93930617
vn -0.031292136 0.17891239 -0.98336726
vn 0.19880735 0.19354516 -0.96073717
vn 0.51428166 0.2631883 -0.81623911
vn 0.85375823 0.41114271 -0.31946606
vn 0.69838033 0.35541501 0.62124479
vn 0.31961277 0.24087528 0.91642063
vn 0.067254204 0.20181099 0.97711268
vn -0.1578592 0.2105719 0.96474864
vn -0.44853869 0.27488738 0.85044105
vn -0.85375823 0.41114271 0.31946606
vn -0.69838033 0.35541501 -0.62124479
vn -0.31961277 0.24087528 -0.91642063
vn -0.067254204 0.20181099 -0.97711268
vn 0.1578592 0.2105719 -0.96474864
vn 0.44853869 0.27488738 -0.85044105
vn 3.0709519e-16 -1 -2.6329128e-16
vn -1.4169175e-17 1 -4.4796086e-17
f 1387/1387/1387 1400/1400/1400 1388/1388/1388
f 1387/1387/1387 1399/1399/1399 1400/1400/1400
f 1388/1388/1388 1401/1401/1401 1389/1389/1389
f 1388/1388/1388 1400/1400/1400 1401/1401/1401
f 1389/1389/1389 1402/1402/1402 1390/1390/1390
f 1389/1389/1389 1401/1401/1401 1402/1402/1402
f 1390/1390/1390 1403/1403/1403 1391/1391/1391
f 1390/1390/1390 1402/1402/1402 1403/1403/1403
f 1391/1391/1391 1404/1404/1404 1392/1392/1392
f 1391/1391/1391 1403/1403/1403 1404/1404/1404
f 1392/1392/1392 1405/1405/1405 1393/1393/1393
f 1392/1392/1392 1404/1404/1404 1405/1405/1405
f 1393/1393/1393 1406/1406/1406 1394/1394/1394
f 1393/1393/1393 1405/1405/1405 1406/1406/1406
f 1394/1394/1394 1407/1407/1407 1395/1395/1395
f 1394/1394/1394 1406/1406/1406 1407/1407/1407
f 1395/1395/1395 1408/1408/1408 1396/1396/1396
f 1395/1395/1395 1407/1407/1407 1408/1408/1408
f 1396/1396/1396 1409/1409/1409 1397/1397/1397
f 1396/1396/1396 1408/1408/1408 1409/1409/1409
f 1397/1397/1397 1410/1410/1410 1398/1398/1398
f 1397/1397/1397 1409/1409/1409 1410/1410/1410
f 1398/1398/1398 1399/1399/1399 1387/1387/1387
f 1398/1398/1398 1410/1410/1410 1399/1399/1399
f 1399/1399/1399 1412/1412/1412 1400/1400/1400
f 1399/1399/1399 1411/1411/1411 1412/1412/1412
f 1400/1400/1400 1413/1413/1413 1401/1401/1401
f 1400/1400/1400 1412/1412/1412 1413/1413/1413
f 1401/1401/1401 1414/1414/1414 1402/1402/1402
f 1401/1401/1401 1413/1413/1413 1414/1414/1414
f 1402/1402/1402 1415/1415/1415 1403/1403/1403
f 1402/1402/1402 1414/1414/1414 1415/1415/1415
f 1403/1403/1403 1416/1416/1416 1404/1404/1404
f 1403/1403/1403 1415/1415/1415 1416/1416/1416
f 1404/1404/1404 1417/1417/1417 1405/1405/1405
f 1404/1404/1404 1416/1416/1416 1417/1417/1417
f 1405/1405/1405 1418/1418/1418 1406/1406/1406
f 1405/1405/1405 1417/1417/1417 1418/1418/1418
f 1406/1406/1406 1419/1419/1419 1407/1407/1407
f 1406/1406/1406 1418/1418/1418 1419/1419/1419
f 1407/1407/1407 1420/1420/1420 1408/1408/1408
f 1407/1407/1407 1419/1419/1419 1420/1420/1420
f 1408/1408/1408 1421/1421/1421 1409/1409/1409
f 1408/1408/1408 1420/1420/1420 1421/1421/1421
f 1409/1409/1409 1422/1422/1422 1410/1410/1410
f 1409/1409/1409 1421/1421/1421 1422/1422/1422
f 1410/1410/1410 1411/1411/1411 1399/1399/1399
f 1410/1410/1410 1422/1422/1422 1411/1411/1411
f 1411/1411/1411 1424/1424/1424 1412/1412/1412
f 1411/1411/1411 1423/1423/1423 1424/1424/1424
f 1412/1412/1412 1425/1425/1425 1413/1413/1413
f 1412/1412/1412 1424/1424/1424 1425/1425/1425
f 1413/1413/1413 1426/1426/1426 1414/1414/1414
f 1413/1413/1413 1425/1425/1425 1426/1426/1426
f 1414/1414/1414 1427/1427/1427 1415/1415/1415
f 1414/1414/1414 1426/1426/1426 1427/1427/1427
f 1415/1415/1415 1428/1428/1428 1416/1416/1416
f 1415/1415/1415 1427/1427/1427 1428/1428/1428
f 1416/1416/1416 1429/1429/1429 1417/1417/1417
f 1416/1416/1416 1428/1428/1428 1429/1429/1429
f 1417/1417/1417 1430/1430/1430 1418/1418/1418
f 1417/1417/1417 1429/1429/1429 1430/1430/1430
f 1418/1418/1418 1431/1431/1431 1419/1419/1419
f 1418/1418/1418 1430/1430/1430 1431/1431/1431
f 1419/1419/1419 1432/1432/1432 1420/1420/1420
f 1419/1419/1419 1431/1431/1431 1432/1432/1432
f 1420/1420/1420 1433/1433/1433 1421/1421/1421
f 1420/1420/1420 1432/1432/1432 1433/1433/1433
f 1421/1421/1421 1434/1434/1434 1422/1422/1422
f 1421/1421/1421 1433/1433/1433 1434/1434/1434
f 1422/1422/1422 1423/1423/1423 1411/1411/1411
f 1422/1422/1422 1434/1434/1434 1423/1423/1423
f 1423/1423/1423 1436/1436/1436 1424/1424/1424
f 1423/1423/1423 1435/1435/1435 1436/1436/1436
f 1424/1424/1424 1437/1437/1437 1425/1425/1425
f 1424/1424/1424 1436/1436/1436 1437/1437/1437
f 1425/1425/1425 1438/1438/1438 1426/1426/1426
f 1425/1425/1425 1437/1437/1437 1438/1438/1438
f 1426/1426/1426 1439/1439/1439 1427/1427/1427
f 1426/1426/1426 1438/1438/1438 1439/1439/1439
f 1427/1427/1427 1440/1440/1440 1428/1428/1428
f 1427/1427/1427 1439/1439/1439 1440/1440/1440
f 1428/1428/1428 1441/1441/1441 1429/1429/1429
f 1428/1428/1428 1440/1440/1440 1441/1441/1441
f 1429/1429/1429 1442/1442/1442 1430/1430/1430
f 1429/1429/1429 1441/1441/1441 1442/1442/1442
f 1430/1430/1430 1443/1443/1443 1431/1431/1431
f 1430/1430/1430 1442/1442/1442 1443/1443/1443
f 1431/1431/1431 1444/1444/1444 1432/1432/1432
f 1431/1431/1431 1443/1443/1443 1444/1444/1444
f 1432/1432/1432 1445/1445/1445 1433/1433/1433
f 1432/1432/1432 1444/1444/1444 1445/1445/1445
f 1433/1433/1433 1446/1446/1446 1434/1434/1434
f 1433/1433/1433 1445/1445/1445 1446/1446/1446
f 1434/1434/1434 1435/1435/1435 1423/1423/1423
f 1434/1434/1434 1446/1446/1446 1435/1435/1435
f 1447/1447/1447 1387/1387/1387 1388/1388/1388
f 1435/1435/1435 1448/1448/1448 1436/1436/1436
f 1447/1447/1447 1388/1388/1388 1389/1389/1389
f 1436/1436/1436 1448/1448/1448 1437/1437/1437
f 1447/1447/1447 1389/1389/1389 1390/1390/1390
f 1437/1437/1437 1448/1448/1448 1438/1438/1438
f 1447/1447/1447 1390/1390/1390 1391/1391/1391
f 1438/1438/1438 1448/1448/1448 1439/1439/1439
f 1447/1447/1447 1391/1391/1391 1392/1392/1392
f 1439/1439/1439 1448/1448/1448 1440/1440/1440
f 1447/1447/1447 1392/1392/1392 1393/1393/1393
f 1440/1440/1440 1448/1448/1448 1441/1441/1441
f 1447/1447/1447 1393/1393/1393 1394/1394/1394
f 1441/1441/1441 1448/1448/1448 1442/1442/1442
f 1447/1447/1447 1394/1394/1394 1395/1395/1395
f 1442/1442/1442 1448/1448/1448 1443/1443/1443
f 1447/1447/1447 1395/1395/1395 1396/1396/1396
f 1443/1443/1443 1448/1448/1448 1444/1444/1444
f 1447/1447/1447 1396/1396/1396 1397/1397/1397
f 1444/1444/1444 1448/1448/1448 1445/1445/1445
f 1447/1447/1447 1397/1397/1397 1398/1398/1398
f 1445/1445/1445 1448/1448/1448 1446/1446/1446
f 1447/1447/1447 1398/1398/1398 1387/1387/1387
f 1446/1446/1446 1448/1448/1448 1435/1435/1435
usemtl rope
v -0.2252627 0.40161078 -0.005 0.84 0.76 0.61
v -0.20777411 0.38389266 -0.005 0.84 0.76 0.61
v -0.2252627 0.36617454 -0.005 0.84 0.76 0.61
v -0.24275129 0.38389266 -0.005 0.84 0.76 0.61
v -0.24909159 0.3939431 0.02542439 0.84 0.76 0.61
v -0.23058123 0.38192611 0.032592072 0.84 0.76 0.61
v -0.23709988 0.36065456 0.02542439 0.84 0.76 0.61
v -0.25561023 0.37267155 0.018256709 0.84 0.76 0.61
v -0.29781234 0.37592843 0.04769659 0.84 0.76 0.61
v -0.28582169 0.36150075 0.05799715 0.84 0.76 0.61
v -0.28582063 0.34263989 0.04769659 0.84 0.76 0.61
v -0.29781128 0.35706756 0.03739603 0.84 0.76 0.61
v -0.36436612 0.35131992 0.05584878 0.84 0.76 0.61
v -0.35837027 0.33467565 0.066912195 0.84 0.76 0.61
v -0.35237441 0.31803138 0.05584878 0.84 0.76 0.61
v -0.35837027 0.33467565 0.044785366 0.84 0.76 0.61
v -0.43091991 0.32671142 0.04769659 0.84 0.76 0.61
v -0.43091885 0.30785055 0.05799715 0.84 0.76 0.61
v -0.4189282 0.29342288 0.04769659 0.84 0.76 0.61
v -0.41892926 0.31228375 0.03739603 0.84 0.76 0.61
v -0.47964066 0.30869674 0.02542439 0.84 0.76 0.61
v -0.4861593 0.28742519 0.032592072 0.84 0.76 0.61
v -0.46764895 0.2754082 0.02542439 0.84 0.76 0.61
v -0.4611303 0.29667976 0.018256709 0.84 0.76 0.61
v -0.49147784 0.26774052 -0.005 0.84 0.76 0.61
v -0.47398925 0.28545864 -0.005 0.84 0.76 0.61
v -0.49147784 0.30317677 -0.005 0.84 0.76 0.61
v -0.50896642 0.28545864 -0.005 0.84 0.76 0.61
v -0.46764895 0.2754082 -0.03542439 0.84 0.76 0.61
v -0.4611303 0.29667976 -0.028256709 0.84 0.76 0.61
v -0.47964066 0.30869674 -0.03542439 0.84 0.76 0.61
v -0.4861593 0.28742519 -0.042592072 0.84 0.76 0.61
v -0.4189282 0.29342288 -0.05769659 0.84 0.76 0.61
v -0.41892926 0.31228375 -0.04739603 0.84 0.76 0.61
v -0.43091991 0.32671142 -0.05769659 0.84 0.76 0.61
v -0.43091885 0.30785055 -0.06799715 0.84 0.76 0.61
v -0.35237441 0.31803138 -0.06584878 0.84 0.76 0.61
v -0.35837027 0.33467565 -0.054785366 0.84 0.76 0.61
v -0.36436612 0.35131992 -0.06584878 0.84 0.76 0.61
v -0.35837027 0.33467565 -0.076912195 0.84 0.76 0.61
v -0.28582063 0.34263989 -0.05769659 0.84 0.76 0.61
v -0.29781128 0.35706756 -0.04739603 0.84 0.76 0.61
v -0.29781234 0.37592843 -0.05769659 0.84 0.76 0.61
v -0.28582169 0.36150075 -0.06799715 0.84 0.76 0.61
v -0.23709988 0.36065456 -0.03542439 0.84 0.76 0.61
v -0.25561023 0.37267155 -0.028256709 0.84 0.76 0.61
v -0.24909159 0.3939431 -0.03542439 0.84 0.76 0.61
v -0.23058123 0.38192611 -0.042592072 0.84 0.76 0.61
vt 0 0
vt 0 0
vt 0 0
vt 0 0
vt 0 0
vt 0 0
vt 0 0
vt 0 0
vt 0 0
vt 0 0
vt 0 0
vt 0 0
vt 0 0
vt 0 0
vt 0 0
vt 0 0
vt 0 0
vt 0 0
vt 0 0
vt 0 0
vt 0 0
vt 0 0
vt 0 0
vt 0 0
vt 0 0
vt 0 0
vt 0 0
vt 0 0
vt 0 0
vt 0 0
vt 0 0
vt 0 0
vt 0 0
vt 0 0
vt 0 0
vt 0 0
vt 0 0
vt 0 0
vt 0 0
vt 0 0
vt 0 0
vt 0 0
vt 0 0
vt 0 0
vt 0 0
vt 0 0
vt 0 0
vt 0 0
vn 0.39746048 0.89879626 -0.18490658
vn 0.9450059 -0.31757155 0.078180283
vn -0.32747994 -0.91220264 -0.24625845
vn -0.82532719 0.39691001 -0.40161856
vn -0.28289754 0.92605034 0.24979944
vn 0.59208208 0.14350027 0.79299841
vn 0.3624029 -0.92428675 -0.11982549
vn -0.59837997 -0.12610301 -0.79122654
vn -0.3821403 0.9148899 0.13017398
vn 0.23417908 0.067331786 0.96985906
vn 0.4135693 -0.91018866 -0.022738626
vn -0.22948152 -0.062953734 -0.97127497
vn -0.40304213 0.91392797 0.047882194
vn -1.6431654e-17 9.7312696e-17 1
vn 0.40304213 -0.91392797 0.047882194
vn 1.8531158e-17 -1.2803762e-16 -1
vn -0.4135693 0.91018866 -0.022738626
vn -0.23417908 -0.067331786 0.96985906
vn 0.3821403 -0.9148899 0.13017398
vn 0.22948152 0.062953734 -0.97127497
vn -0.20481117 0.81459331 -0.54266945
vn -0.62547486 0.080498925 0.77608062
vn -0.074969445 -0.96144244 0.26459029
vn 0.40329671 -0.14340533 -0.90376251
vn 0.41416083 -0.85526338 0.31144077
vn 0.72755995 0.43948365 0.52679279
vn -0.52772612 0.81316086 0.24550877
vn -0.87321543 -0.47714 -0.099157619
vn 0.20072051 -0.97357498 0.10891757
vn 0.51818385 0.18511055 0.83499676
vn -0.32419682 0.92998891 -0.17325431
vn -0.56737477 -0.20310494 -0.79801895
vn 0.27796524 -0.96032131 0.022766176
vn 0.21663271 0.097753874 0.97134672
vn -0.30494612 0.94341898 -0.13026315
vn -0.22308159 -0.097390822 -0.96992249
vn 0.2884165 -0.95630462 -0.047931221
vn 3.2429526e-16 -1.6461979e-16 1
vn -0.2884165 0.95630462 -0.047931221
vn -2.9576977e-16 1.1353148e-16 -1
vn 0.30494612 -0.94341898 -0.13026315
vn -0.21663271 -0.097753874 0.97134672
vn -0.27796524 0.96032131 0.022766176
vn 0.22308159 0.097390822 -0.96992249
vn 0.68008123 -0.65623855 -0.32686463
vn -0.25704287 -0.46139332 0.84914378
vn -0.50455064 0.70187736 0.50278904
vn 0.41225597 0.50051905 -0.76126585
f 1449/1449/1449 1454/1454/1454 1450/1450/1450
f 1449/1449/1449 1453/1453/1453 1454/1454/1454
f 1450/1450/1450 1455/1455/1455 1451/1451/1451
f 1450/1450/1450 1454/1454/1454 1455/1455/1455
f 1451/1451/1451 1456/1456/1456 1452/1452/1452
f 1451/1451/1451 1455/1455/1455 1456/1456/1456
f 1452/1452/1452 1453/1453/1453 1449/1449/1449
f 1452/1452/1452 1456/1456/1456 1453/1453/1453
f 1453/1453/1453 1458/1458/1458 1454/1454/1454
f 1453/1453/1453 1457/1457/1457 1458/1458/1458
f 1454/1454/1454 1459/1459/1459 1455/1455/1455
f 1454/1454/1454 1458/1458/1458 1459/1459/1459
f 1455/1455/1455 1460/1460/1460 1456/1456/1456
f 1455/1455/1455 1459/1459/1459 1460/1460/1460
f 1456/1456/1456 1457/1457/1457 1453/1453/1453
f 1456/1456/1456 1460/1460/1460 1457/1457/1457
f 1457/1457/1457 1462/1462/1462 1458/1458/1458
f 1457/1457/1457 1461/1461/1461 1462/1462/1462
f 1458/1458/1458 1463/1463/1463 1459/1459/1459
f 1458/1458/1458 1462/1462/1462 1463/1463/1463
f 1459/1459/1459 1464/1464/1464 1460/1460/1460
f 1459/1459/1459 1463/1463/1463 1464/1464/1464
f 1460/1460/1460 1461/1461/1461 1457/1457/1457
f 1460/1460/1460 1464/1464/1464 1461/1461/1461
f 1461/1461/1461 1466/1466/1466 1462/1462/1462
f 1461/1461/1461 1465/1465/1465 1466/1466/1466
f 1462/1462/1462 1467/1467/1467 1463/1463/1463
f 1462/1462/1462 1466/1466/1466 1467/1467/1467
f 1463/1463/1463 1468/1468/1468 1464/1464/1464
f 1463/1463/1463 1467/1467/1467 1468/1468/1468
f 1464/1464/1464 1465/1465/1465 1461/1461/1461
f 1464/1464/1464 1468/1468/1468 1465/1465/1465
f 1465/1465/1465 1470/1470/1470 1466/1466/1466
f 1465/1465/1465 1469/1469/1469 1470/1470/1470
f 1466/1466/1466 1471/1471/1471 1467/1467/1467
f 1466/1466/1466 1470/1470/1470 1471/1471/1471
f 1467/1467/1467 1472/1472/1472 1468/1468/1468
f 1467/1467/1467 1471/1471/1471 1472/1472/1472
f 1468/1468/1468 1469/1469/1469 1465/1465/1465
f 1468/1468/1468 1472/1472/1472 1469/1469/1469
f 1469/1469/1469 1474/1474/1474 1470/1470/1470
f 1469/1469/1469 1473/1473/1473 1474/1474/1474
f 1470/1470/1470 1475/1475/1475 1471/1471/1471
f 1470/1470/1470 1474/1474/1474 1475/1475/1475
f 1471/1471/1471 1476/1476/1476 1472/1472/1472
f 1471/1471/1471 1475/1475/1475 1476/1476/1476
f 1472/1472/1472 1473/1473/1473 1469/1469/1469
f 1472/1472/1472 1476/1476/1476 1473/1473/1473
f 1473/1473/1473 1478/1478/1478 1474/1474/1474
f 1473/1473/1473 1477/1477/1477 1478/1478/1478
f 1474/1474/1474 1479/1479/1479 1475/1475/1475
f 1474/1474/1474 1478/1478/1478 1479/1479/1479
f 1475/1475/1475 1480/1480/1480 1476/1476/1476
f 1475/1475/1475 1479/1479/1479 1480/1480/1480
f 1476/1476/1476 1477/1477/1477 1473/1473/1473
f 1476/1476/1476 1480/1480/1480 1477/1477/1477
f 1477/1477/1477 1482/1482/1482 1478/1478/1478
f 1477/1477/1477 1481/1481/1481 1482/1482/1482
f 1478/1478/1478 1483/1483/1483 1479/1479/1479
f 1478/1478/1478 1482/1482/1482 1483/1483/1483
f 1479/1479/1479 1484/1484/1484 1480/1480/1480
f 1479/1479/1479 1483/1483/1483 1484/1484/1484
f 1480/1480/1480 1481/1481/1481 1477/1477/1477
f 1480/1480/1480 1484/1484/1484 1481/1481/1481
f 1481/1481/1481 1486/1486/1486 1482/1482/1482
f 1481/1481/1481 1485/1485/1485 1486/1486/1486
f 1482/1482/1482 1487/1487/1487 1483/1483/1483
f 1482/1482/1482 1486/1486/1486 1487/1487/1487
f 1483/1483/1483 1488/1488/1488 1484/1484/1484
f 1483/1483/1483 1487/1487/1487 1488/1488/1488
f 1484/1484/1484 1485/1485/1485 1481/1481/1481
f 1484/1484/1484 1488/1488/1488 1485/1485/1485
f 1485/1485/1485 1490/1490/1490 1486/1486/1486
f 1485/1485/1485 1489/1489/1489 1490/1490/1490
f 1486/1486/1486 1491/1491/1491 1487/1487/1487
f 1486/1486/1486 1490/1490/1490 1491/1491/1491
f 1487/1487/1487 1492/1492/1492 1488/1488/1488
f 1487/1487/1487 1491/1491/1491 1492/1492/1492
f 1488/1488/1488 1489/1489/1489 1485/1485/1485
f 1488/1488/1488 1492/1492/1492 1489/1489/1489
f 1489/1489/1489 1494/1494/1494 1490/1490/1490
f 1489/1489/1489 1493/1493/1493 1494/1494/1494
f 1490/1490/1490 1495/1495/1495 1491/1491/1491
f 1490/1490/1490 1494/1494/1494 1495/1495/1495
f 1491/1491/1491 1496/1496/1496 1492/1492/1492
f 1491/1491/1491 1495/1495/1495 1496/1496/1496
f 1492/1492/1492 1493/1493/1493 1489/1489/1489
f 1492/1492/1492 1496/1496/1496 1493/1493/1493
f 1493/1493/1493 1450/1450/1450 1494/1494/1494
f 1493/1493/1493 1449/1449/1449 1450/1450/1450
f 1494/1494/1494 1451/1451/1451 1495/1495/1495
f 1494/1494/1494 1450/1450/1450 1451/1451/1451
f 1495/1495/1495 1452/1452/1452 1496/1496/1496
f 1495/1495/1495 1451/1451/1451 1452/1452/1452
f 1496/1496/1496 1449/1449/1449 1493/1493/1493
f 1496/1496/1496 1452/1452/1452 1449/1449/1449
usemtl rope
v -0.21943317 0.30317677 -0.005 0.84 0.76 0.61
v -0.20194459 0.28545864 -0.005 0.84 0.76 0.61
v -0.21943317 0.26774052 -0.005 0.84 0.76 0.61
v -0.23692176 0.28545864 -0.005 0.84 0.76 0.61
v -0.23227499 0.30877769 0.027268293 0.84 0.76 0.61
v -0.22536276 0.28755914 0.03434912 0.84 0.76 0.61
v -0.24381943 0.27532725 0.027268293 0.84 0.76 0.61
v -0.25073166 0.29654581 0.020187465 0.84 0.76 0.61
v -0.2831295 0.32679237 0.050890322 0.84 0.76 0.61
v -0.28276833 0.30789446 0.061161835 0.84 0.76 0.61
v -0.29467394 0.29334193 0.050890322 0.84 0.76 0.61
v -0.29503511 0.31223984 0.040618809 0.84 0.76 0.61
v -0.35259805 0.35140087 0.059536585 0.84 0.76 0.61
v -0.35837027 0.33467565 0.0706 0.84 0.76 0.61
v -0.36414249 0.31795043 0.059536585 0.84 0.76 0.61
v -0.35837027 0.33467565 0.048473171 0.84 0.76 0.61
v -0.4220666 0.37600938 0.050890322 0.84 0.76 0.61
v -0.43397221 0.36145685 0.061161835 0.84 0.76 0.61
v -0.43361104 0.34255894 0.050890322 0.84 0.76 0.61
v -0.42170542 0.35711147 0.040618809 0.84 0.76 0.61
v -0.4729211 0.39402405 0.027268293 0.84 0.76 0.61
v -0.49137778 0.38179217 0.03434912 0.84 0.76 0.61
v -0.48446554 0.36057361 0.027268293 0.84 0.76 0.61
v -0.46600887 0.3728055 0.020187465 0.84 0.76 0.61
v -0.49730737 0.36617454 -0.005 0.84 0.76 0.61
v -0.47981878 0.38389266 -0.005 0.84 0.76 0.61
v -0.49730737 0.40161078 -0.005 0.84 0.76 0.61
v -0.51479595 0.38389266 -0.005 0.84 0.76 0.61
v -0.48446554 0.36057361 -0.037268293 0.84 0.76 0.61
v -0.46600887 0.3728055 -0.030187465 0.84 0.76 0.61
v -0.4729211 0.39402405 -0.037268293 0.84 0.76 0.61
v -0.49137778 0.38179217 -0.04434912 0.84 0.76 0.61
v -0.43361104 0.34255894 -0.060890322 0.84 0.76 0.61
v -0.42170542 0.35711147 -0.050618809 0.84 0.76 0.61
v -0.4220666 0.37600938 -0.060890322 0.84 0.76 0.61
v -0.43397221 0.36145685 -0.071161835 0.84 0.76 0.61
v -0.36414249 0.31795043 -0.069536585 0.84 0.76 0.61
v -0.35837027 0.33467565 -0.058473171 0.84 0.76 0.61
v -0.35259805 0.35140087 -0.069536585 0.84 0.76 0.61
v -0.35837027 0.33467565 -0.0806 0.84 0.76 0.61
v -0.29467394 0.29334193 -0.060890322 0.84 0.76 0.61
v -0.29503511 0.31223984 -0.050618809 0.84 0.76 0.61
v -0.2831295 0.32679237 -0.060890322 0.84 0.76 0.61
v -0.28276833 0.30789446 -0.071161835 0.84 0.76 0.61
v -0.24381943 0.27532725 -0.037268293 0.84 0.76 0.61
v -0.25073166 0.29654581 -0.030187465 0.84 0.76 0.61
v -0.23227499 0.30877769 -0.037268293 0.84 0.76 0.61
v -0.22536276 0.28755914 -0.04434912 0.84 0.76 0.61
vt 0 0
vt 0 0
vt 0 0
vt 0 0
vt 0 0
vt 0 0
vt 0 0
vt 0 0
vt 0 0
vt 0 0
vt 0 0
vt 0 0
vt 0 0
vt 0 0
vt 0 0
vt 0 0
vt 0 0
vt 0 0
vt 0 0
vt 0 0
vt 0 0
vt 0 0
vt 0 0
vt 0 0
vt 0 0
vt 0 0
vt 0 0
vt 0 0
vt 0 0
vt 0 0
vt 0 0
vt 0 0
vt 0 0
vt 0 0
vt 0 0
vt 0 0
vt 0 0
vt 0 0
vt 0 0
vt 0 0
vt 0 0
vt 0 0
vt 0 0
vt 0 0
vt 0 0
vt 0 0
vt 0 0
vt 0 0
vn 0.5252331 0.81831341 -0.2334381
vn 0.87394411 -0.47524949 0.10178217
vn -0.42091975 -0.85872615 -0.2922601
vn -0.73822287 0.44313063 -0.50858848
vn 0.30810603 0.93593939 0.17055246
vn 0.57676805 -0.19653973 0.79291282
vn -0.19188379 -0.97533173 -0.10912665
vn -0.53218023 0.1806393 -0.82713581
vn 0.29079397 0.94814022 0.12833154
vn 0.22894558 -0.095331018 0.96875999
vn -0.26401162 -0.96421446 -0.024255638
vn -0.2228976 0.095737205 -0.9701294
vn 0.27403705 0.96057071 0.046985105
vn 1.1481497e-16 1.2505109e-16 1
vn -0.27403705 -0.96057071 0.046985105
vn -1.4253941e-16 -1.2310622e-16 -1
vn 0.26401162 0.96421446 -0.024255638
vn -0.22894558 0.095331018 0.96875999
vn -0.29079397 -0.94814022 0.12833154
vn 0.2228976 -0.095737205 -0.9701294
vn 0.50316145 0.70667998 -0.49742534
vn -0.42120942 0.49879617 0.75748598
vn -0.67160878 -0.66579667 0.32504838
vn 0.27162073 -0.46237246 -0.84405799
vn 0.33450676 -0.91332379 0.23226037
vn 0.83004077 0.39702419 0.39166837
vn -0.39993205 0.89914395 0.17774847
vn -0.94247988 -0.32434643 -0.080815073
vn -0.35030205 -0.92887755 0.120312
vn 0.6065546 -0.1244794 0.78523652
vn 0.27428227 0.93049788 -0.24278164
vn -0.6002398 0.14007388 -0.78745888
vn -0.40174182 -0.91543245 0.024226943
vn 0.23475633 -0.062209934 0.97006154
vn 0.37086911 0.91978782 -0.1282438
vn -0.23923175 0.066247659 -0.96869986
vn -0.39168002 -0.91890349 -0.046937627
vn 1.9599169e-16 -3.5173205e-16 1
vn 0.39168002 0.91890349 -0.046937627
vn -1.821203e-16 3.1262773e-16 -1
vn -0.37086911 -0.91978782 -0.1282438
vn -0.23475633 0.062209934 0.97006154
vn 0.40174182 0.91543245 0.024226943
vn 0.23923175 -0.066247659 -0.96869986
vn 0.086033017 -0.95974266 -0.26738051
vn -0.41472002 -0.14870358 0.8977163
vn 0.17882574 0.8247422 0.53649013
vn 0.62730791 0.091469185 -0.773381
f 1497/1497/1497 1502/1502/1502 1498/1498/1498
f 1497/1497/1497 1501/1501/1501 1502/1502/1502
f 1498/1498/1498 1503/1503/1503 1499/1499/1499
f 1498/1498/1498 1502/1502/1502 1503/1503/1503
f 1499/1499/1499 1504/1504/1504 1500/1500/1500
f 1499/1499/1499 1503/1503/1503 1504/1504/1504
f 1500/1500/1500 1501/1501/1501 1497/1497/1497
f 1500/1500/1500 1504/1504/1504 1501/1501/1501
f 1501/1501/1501 1506/1506/1506 1502/1502/1502
f 1501/1501/1501 1505/1505/1505 1506/1506/1506
f 1502/1502/1502 1507/1507/1507 1503/1503/1503
f 1502/1502/1502 1506/1506/1506 1507/1507/1507
f 1503/1503/1503 1508/1508/1508 1504/1504/1504
f 1503/1503/1503 1507/1507/1507 1508/1508/1508
f 1504/1504/1504 1505/1505/1505 1501/1501/1501
f 1504/1504/1504 1508/1508/1508 1505/1505/1505
f 1505/1505/1505 1510/1510/1510 1506/1506/1506
f 1505/1505/1505 1509/1509/1509 1510/1510/1510
f 1506/1506/1506 1511/1511/1511 1507/1507/1507
f 1506/1506/1506 1510/1510/1510 1511/1511/1511
f 1507/1507/1507 1512/1512/1512 1508/1508/1508
f 1507/1507/1507 1511/1511/1511 1512/1512/1512
f 1508/1508/1508 1509/1509/1509 1505/1505/1505
f 1508/1508/1508 1512/1512/1512 1509/1509/1509
f 1509/1509/1509 1514/1514/1514 1510/1510/1510
f 1509/1509/1509 1513/1513/1513 1514/1514/1514
f 1510/1510/1510 1515/1515/1515 1511/1511/1511
f 1510/1510/1510 1514/1514/1514 1515/1515/1515
f 1511/1511/1511 1516/1516/1516 1512/1512/1512
f 1511/1511/1511 1515/1515/1515 1516/1516/1516
f 1512/1512/1512 1513/1513/1513 1509/1509/1509
f 1512/1512/1512 1516/1516/1516 1513/1513/1513
f 1513/1513/1513 1518/1518/1518 1514/1514/1514
f 1513/1513/1513 1517/1517/1517 1518/1518/1518
f 1514/1514/1514 1519/1519/1519 1515/1515/1515
f 1514/1514/1514 1518/1518/1518 1519/1519/1519
f 1515/1515/1515 1520/1520/1520 1516/1516/1516
f 1515/1515/1515 1519/1519/1519 1520/1520/1520
f 1516/1516/1516 1517/1517/1517 1513/1513/1513
f 1516/1516/1516 1520/1520/1520 1517/1517/1517
f 1517/1517/1517 1522/1522/1522 1518/1518/1518
f 1517/1517/1517 1521/1521/1521 1522/1522/1522
f 1518/1518/1518 1523/1523/1523 1519/1519/1519
f 1518/1518/1518 1522/1522/1522 1523/1523/1523
f 1519/1519/1519 1524/1524/1524 1520/1520/1520
f 1519/1519/1519 1523/1523/1523 1524/1524/1524
f 1520/1520/1520 1521/1521/1521 1517/1517/1517
f 1520/1520/1520 1524/1524/1524 1521/1521/1521
f 1521/1521/1521 1526/1526/1526 1522/1522/1522
f 1521/1521/1521 1525/1525/1525 1526/1526/1526
f 1522/1522/1522 1527/1527/1527 1523/1523/1523
f 1522/1522/1522 1526/1526/1526 1527/1527/1527
f 1523/1523/1523 1528/1528/1528 1524/1524/1524
f 1523/1523/1523 1527/1527/1527 1528/1528/1528
f 1524/1524/1524 1525/1525/1525 1521/1521/1521
f 1524/1524/1524 1528/1528/1528 1525/1525/1525
f 1525/1525/1525 1530/1530/1530 1526/1526/1526
f 1525/1525/1525 1529/1529/1529 1530/1530/1530
f 1526/1526/1526 1531/1531/1531 1527/1527/1527
f 1526/1526/1526 1530/1530/1530 1531/1531/1531
f 1527/1527/1527 1532/1532/1532 1528/1528/1528
f 1527/1527/1527 1531/1531/1531 1532/1532/1532
f 1528/1528/1528 1529/1529/1529 1525/1525/1525
f 1528/1528/1528 1532/1532/1532 1529/1529/1529
f 1529/1529/1529 1534/1534/1534 1530/1530/1530
f 1529/1529/1529 1533/1533/1533 1534/1534/1534
f 1530/1530/1530 1535/1535/1535 1531/1531/1531
f 1530/1530/1530 1534/1534/1534 1535/1535/1535
f 1531/1531/1531 1536/1536/1536 1532/1532/1532
f 1531/1531/1531 1535/1535/1535 1536/1536/1536
f 1532/1532/1532 1533/1533/1533 1529/1529/1529
f 1532/1532/1532 1536/1536/1536 1533/1533/1533
f 1533/1533/1533 1538/1538/1538 1534/1534/1534
f 1533/1533/1533 1537/1537/1537 1538/1538/1538
f 1534/1534/1534 1539/1539/1539 1535/1535/1535
f 1534/1534/1534 1538/1538/1538 1539/1539/1539
f 1535/1535/1535 1540/1540/1540 1536/1536/1536
f 1535/1535/1535 1539/1539/1539 1540/1540/1540
f 1536/1536/1536 1537/1537/1537 1533/1533/1533
f 1536/1536/1536 1540/1540/1540 1537/1537/1537
f 1537/1537/1537 1542/1542/1542 1538/1538/1538
f 1537/1537/1537 1541/1541/1541 1542/1542/1542
f 1538/1538/1538 1543/1543/1543 1539/1539/1539
f 1538/1538/1538 1542/1542/1542 1543/1543/1543
f 1539/1539/1539 1544/1544/1544 1540/1540/1540
f 1539/1539/1539 1543/1543/1543 1544/1544/1544
f 1540/1540/1540 1541/1541/1541 1537/1537/1537
f 1540/1540/1540 1544/1544/1544 1541/1541/1541
f 1541/1541/1541 1498/1498/1498 1542/1542/1542
f 1541/1541/1541 1497/1497/1497 1498/1498/1498
f 1542/1542/1542 1499/1499/1499 1543/1543/1543
f 1542/1542/1542 1498/1498/1498 1499/1499/1499
f 1543/1543/1543 1500/1500/1500 1544/1544/1544
f 1543/1543/1543 1499/1499/1499 1500/1500/1500
f 1544/1544/1544 1497/1497/1497 1541/1541/1541
f 1544/1544/1544 1500/1500/1500 1497/1497/1497
usemtl rope
v -0.2252627 0.95284127 -0.005 0.84 0.76 0.61
v -0.20777411 0.93512315 -0.005 0.84 0.76 0.61
v -0.2252627 0.91740502 -0.005 0.84 0.76 0.61
v -0.24275129 0.93512315 -0.005 0.84 0.76 0.61
v -0.24909159 0.94517359 0.02542439 0.84 0.76 0.61
v -0.23058123 0.9331566 0.032592072 0.84 0.76 0.61
v -0.23709988 0.91188505 0.02542439 0.84 0.76 0.61
v -0.25561023 0.92390204 0.018256709 0.84 0.76 0.61
v -0.29781234 0.92715891 0.04769659 0.84 0.76 0.61
v -0.28582169 0.91273124 0.05799715 0.84 0.76 0.61
v -0.28582063 0.89387037 0.04769659 0.84 0.76 0.61
v -0.29781128 0.90829804 0.03739603 0.84 0.76 0.61
v -0.36436612 0.90255041 0.05584878 0.84 0.76 0.61
v -0.35837027 0.88590614 0.066912195 0.84 0.76 0.61
v -0.35237441 0.86926187 0.05584878 0.84 0.76 0.61
v -0.35837027 0.88590614 0.044785366 0.84 0.76 0.61
v -0.43091991 0.8779419 0.04769659 0.84 0.76 0.61
v -0.43091885 0.85908104 0.05799715 0.84 0.76 0.61
v -0.4189282 0.84465337 0.04769659 0.84 0.76 0.61
v -0.41892926 0.86351423 0.03739603 0.84 0.76 0.61
v -0.47964066 0.85992723 0.02542439 0.84 0.76 0.61
v -0.4861593 0.83865568 0.032592072 0.84 0.76 0.61
v -0.46764895 0.82663869 0.02542439 0.84 0.76 0.61
v -0.4611303 0.84791024 0.018256709 0.84 0.76 0.61
v -0.49147784 0.81897101 -0.005 0.84 0.76 0.61
v -0.47398925 0.83668913 -0.005 0.84 0.76 0.61
v -0.49147784 0.85440725 -0.005 0.84 0.76 0.61
v -0.50896642 0.83668913 -0.005 0.84 0.76 0.61
v -0.46764895 0.82663869 -0.03542439 0.84 0.76 0.61
v -0.4611303 0.84791024 -0.028256709 0.84 0.76 0.61
v -0.47964066 0.85992723 -0.03542439 0.84 0.76 0.61
v -0.4861593 0.83865568 -0.042592072 0.84 0.76 0.61
v -0.4189282 0.84465337 -0.05769659 0.84 0.76 0.61
v -0.41892926 0.86351423 -0.04739603 0.84 0.76 0.61
v -0.43091991 0.8779419 -0.05769659 0.84 0.76 0.61
v -0.43091885 0.85908104 -0.06799715 0.84 0.76 0.61
v -0.35237441 0.86926187 -0.06584878 0.84 0.76 0.61
v -0.35837027 0.88590614 -0.054785366 0.84 0.76 0.61
v -0.36436612 0.90255041 -0.06584878 0.84 0.76 0.61
v -0.35837027 0.88590614 -0.076912195 0.84 0.76 0.61
v -0.28582063 0.89387037 -0.05769659 0.84 0.76 0.61
v -0.29781128 0.90829804 -0.04739603 0.84 0.76 0.61
v -0.29781234 0.92715891 -0.05769659 0.84 0.76 0.61
v -0.28582169 0.91273124 -0.06799715 0.84 0.76 0.61
v -0.23709988 0.91188505 -0.03542439 0.84 0.76 0.61
v -0.25561023 0.92390204 -0.028256709 0.84 0.76 0.61
v -0.24909159 0.94517359 -0.03542439 0.84 0.76 0.61
v -0.23058123 0.9331566 -0.042592072 0.84 0.76 0.61
vt 0 0
vt 0 0
vt 0 0
vt 0 0
vt 0 0
vt 0 0
vt 0 0
vt 0 0
vt 0 0
vt 0 0
vt 0 0
vt 0 0
vt 0 0
vt 0 0
vt 0 0
vt 0 0
vt 0 0
vt 0 0
vt 0 0
vt 0 0
vt 0 0
vt 0 0
vt 0 0
vt 0 0
vt 0 0
vt 0 0
vt 0 0
vt 0 0
vt 0 0
vt 0 0
vt 0 0
vt 0 0
vt 0 0
vt 0 0
vt 0 0
vt 0 0
vt 0 0
vt 0 0
vt 0 0
vt 0 0
vt 0 0
vt 0 0
vt 0 0
vt 0 0
vt 0 0
vt 0 0
vt 0 0
vt 0 0
vn 0.39746048 0.89879626 -0.18490658
vn 0.9450059 -0.31757155 0.078180283
vn -0.32747994 -0.91220264 -0.24625845
vn -0.82532719 0.39691001 -0.40161856
vn -0.28289754 0.92605034 0.24979944
vn 0.59208208 0.14350027 0.79299841
vn 0.3624029 -0.92428675 -0.11982549
vn -0.59837997 -0.12610301 -0.79122654
vn -0.3821403 0.9148899 0.13017398
vn 0.23417908 0.067331786 0.96985906
vn 0.4135693 -0.91018866 -0.022738626
vn -0.22948152 -0.062953734 -0.97127497
vn -0.40304213 0.91392797 0.047882194
vn 5.7510788e-17 9.7312696e-17 1
vn 0.40304213 -0.91392797 0.047882194
vn -6.4859052e-17 -1.0974653e-16 -1
vn -0.4135693 0.91018866 -0.022738626
vn -0.23417908 -0.067331786 0.96985906
vn 0.3821403 -0.9148899 0.13017398
vn 0.22948152 0.062953734 -0.97127497
vn -0.20481117 0.81459331 -0.54266945
vn -0.62547486 0.080498925 0.77608062
vn -0.074969445 -0.96144244 0.26459029
vn 0.40329671 -0.14340533 -0.90376251
vn 0.41416083 -0.85526338 0.31144077
vn 0.72755995 0.43948365 0.52679279
vn -0.52772612 0.81316086 0.24550877
vn -0.87321543 -0.47714 -0.099157619
vn 0.20072051 -0.97357498 0.10891757
vn 0.51818385 0.18511055 0.83499676
vn -0.32419682 0.92998891 -0.17325431
vn -0.56737477 -0.20310494 -0.79801895
vn 0.27796524 -0.96032131 0.022766176
vn 0.21663271 0.097753874 0.97134672
vn -0.30494612 0.94341898 -0.13026315
vn -0.22308159 -0.097390822 -0.96992249
vn 0.2884165 -0.95630462 -0.047931221
vn 2.4090505e-16 -1.6461979e-16 1
vn -0.2884165 0.95630462 -0.047931221
vn -2.2182732e-16 1.1353148e-16 -1
vn 0.30494612 -0.94341898 -0.13026315
vn -0.21663271 -0.097753874 0.97134672
vn -0.27796524 0.96032131 0.022766176
vn 0.22308159 0.097390822 -0.96992249
vn 0.68008123 -0.65623855 -0.32686463
vn -0.25704287 -0.46139332 0.84914378
vn -0.50455064 0.70187736 0.50278904
vn 0.41225597 0.50051905 -0.76126585
f 1545/1545/1545 1550/1550/1550 1546/1546/1546
f 1545/1545/1545 1549/1549/1549 1550/1550/1550
f 1546/1546/1546 1551/1551/1551 1547/1547/1547
f 1546/1546/1546 1550/1550/1550 1551/1551/1551
f 1547/1547/1547 1552/1552/1552 1548/1548/1548
f 1547/1547/1547 1551/1551/1551 1552/1552/1552
f 1548/1548/1548 1549/1549/1549 1545/1545/1545
f 1548/1548/1548 1552/1552/1552 1549/1549/1549
f 1549/1549/1549 1554/1554/1554 1550/1550/1550
f 1549/1549/1549 1553/1553/1553 1554/1554/1554
f 1550/1550/1550 1555/1555/1555 1551/1551/1551
f 1550/1550/1550 1554/1554/1554 1555/1555/1555
f 1551/1551/1551 1556/1556/1556 1552/1552/1552
f 1551/1551/1551 1555/1555/1555 1556/1556/1556
f 1552/1552/1552 1553/1553/1553 1549/1549/1549
f 1552/1552/1552 1556/1556/1556 1553/1553/1553
f 1553/1553/1553 1558/1558/1558 1554/1554/1554
f 1553/1553/1553 1557/1557/1557 1558/1558/1558
f 1554/1554/1554 1559/1559/1559 1555/1555/1555
f 1554/1554/1554 1558/1558/1558 1559/1559/1559
f 1555/1555/1555 1560/1560/1560 1556/1556/1556
f 1555/1555/1555 1559/1559/1559 1560/1560/1560
f 1556/1556/1556 1557/1557/1557 1553/1553/1553
f 1556/1556/1556 1560/1560/1560 1557/1557/1557
f 1557/1557/1557 1562/1562/1562 1558/1558/1558
f 1557/1557/1557 1561/1561/1561 1562/1562/1562
f 1558/1558/1558 1563/1563/1563 1559/1559/1559
f 1558/1558/1558 1562/1562/1562 1563/1563/1563
f 1559/1559/1559 1564/1564/1564 1560/1560/1560
f 1559/1559/1559 1563/1563/1563 1564/1564/1564
f 1560/1560/1560 1561/1561/1561 1557/1557/1557
f 1560/1560/1560 1564/1564/1564 1561/1561/1561
f 1561/1561/1561 1566/1566/1566 1562/1562/1562
f 1561/1561/1561 1565/1565/1565 1566/1566/1566
f 1562/1562/1562 1567/1567/1567 1563/1563/1563
f 1562/1562/1562 1566/1566/1566 1567/1567/1567
f 1563/1563/1563 1568/1568/1568 1564/1564/1564
f 1563/1563/1563 1567/1567/1567 1568/1568/1568
f 1564/1564/1564 1565/1565/1565 1561/1561/1561
f 1564/1564/1564 1568/1568/1568 1565/1565/1565
f 1565/1565/1565 1570/1570/1570 1566/1566/1566
f 1565/1565/1565 1569/1569/1569 1570/1570/1570
f 1566/1566/1566 1571/1571/1571 1567/1567/1567
f 1566/1566/1566 1570/1570/1570 1571/1571/1571
f 1567/1567/1567 1572/1572/1572 1568/1568/1568
f 1567/1567/1567 1571/1571/1571 1572/1572/1572
f 1568/1568/1568 1569/1569/1569 1565/1565/1565
f 1568/1568/1568 1572/1572/1572 1569/1569/1569
f 1569/1569/1569 1574/1574/1574 1570/1570/1570
f 1569/1569/1569 1573/1573/1573 1574/1574/1574
f 1570/1570/1570 1575/1575/1575 1571/1571/1571
f 1570/1570/1570 1574/1574/1574 1575/1575/1575
f 1571/1571/1571 1576/1576/1576 1572/1572/1572
f 1571/1571/1571 1575/1575/1575 1576/1576/1576
f 1572/1572/1572 1573/1573/1573 1569/1569/1569
f 1572/1572/1572 1576/1576/1576 1573/1573/1573
f 1573/1573/1573 1578/1578/1578 1574/1574/1574
f 1573/1573/1573 1577/1577/1577 1578/1578/1578
f 1574/1574/1574 1579/1579/1579 1575/1575/1575
f 1574/1574/1574 1578/1578/1578 1579/1579/1579
f 1575/1575/1575 1580/1580/1580 1576/1576/1576
f 1575/1575/1575 1579/1579/1579 1580/1580/1580
f 1576/1576/1576 1577/1577/1577 1573/1573/1573
f 1576/1576/1576 1580/1580/1580 1577/1577/1577
f 1577/1577/1577 1582/1582/1582 1578/1578/1578
f 1577/1577/1577 1581/1581/1581 1582/1582/1582
f 1578/1578/1578 1583/1583/1583 1579/1579/1579
f 1578/1578/1578 1582/1582/1582 1583/1583/1583
f 1579/1579/1579 1584/1584/1584 1580/1580/1580
f 1579/1579/1579 1583/1583/1583 1584/1584/1584
f 1580/1580/1580 1581/1581/1581 1577/1577/1577
f 1580/1580/1580 1584/1584/1584 1581/1581/1581
f 1581/1581/1581 1586/1586/1586 1582/1582/1582
f 1581/1581/1581 1585/1585/1585 1586/1586/1586
f 1582/1582/1582 1587/1587/1587 1583/1583/1583
f 1582/1582/1582 1586/1586/1586 1587/1587/1587
f 1583/1583/1583 1588/1588/1588 1584/1584/1584
f 1583/1583/1583 1587/1587/1587 1588/1588/1588
f 1584/1584/1584 1585/1585/1585 1581/1581/1581
f 1584/1584/1584 1588/1588/1588 1585/1585/1585
f 1585/1585/1585 1590/1590/1590 1586/1586/1586
f 1585/1585/1585 1589/1589/1589 1590/1590/1590
f 1586/1586/1586 1591/1591/1591 1587/1587/1587
f 1586/1586/1586 1590/1590/1590 1591/1591/1591
f 1587/1587/1587 1592/1592/1592 1588/1588/1588
f 1587/1587/1587 1591/1591/1591 1592/1592/1592
f 1588/1588/1588 1589/1589/1589 1585/1585/1585
f 1588/1588/1588 1592/1592/1592 1589/1589/1589
f 1589/1589/1589 1546/1546/1546 1590/1590/1590
f 1589/1589/1589 1545/1545/1545 1546/1546/1546
f 1590/1590/1590 1547/1547/1547 1591/1591/1591
f 1590/1590/1590 1546/1546/1546 1547/1547/1547
f 1591/1591/1591 1548/1548/1548 1592/1592/1592
f 1591/1591/1591 1547/1547/1547 1548/1548/1548
f 1592/1592/1592 1545/1545/1545 1589/1589/1589
f 1592/1592/1592 1548/1548/1548 1545/1545/1545
usemtl rope
v -0.21943317 0.85440725 -0.005 0.84 0.76 0.61
v -0.20194459 0.83668913 -0.005 0.84 0.76 0.61
v -0.21943317 0.81897101 -0.005 0.84 0.76 0.61
v -0.23692176 0.83668913 -0.005 0.84 0.76 0.61
v -0.23227499 0.86000818 0.027268293 0.84 0.76 0.61
v -0.22536276 0.83878963 0.03434912 0.84 0.76 0.61
v -0.24381943 0.82655774 0.027268293 0.84 0.76 0.61
v -0.25073166 0.84777629 0.020187465 0.84 0.76 0.61
v -0.2831295 0.87802286 0.050890322 0.84 0.76 0.61
v -0.28276833 0.85912494 0.061161835 0.84 0.76 0.61
v -0.29467394 0.84457241 0.050890322 0.84 0.76 0.61
v -0.29503511 0.86347033 0.040618809 0.84 0.76 0.61
v -0.35259805 0.90263136 0.059536585 0.84 0.76 0.61
v -0.35837027 0.88590614 0.0706 0.84 0.76 0.61
v -0.36414249 0.86918092 0.059536585 0.84 0.76 0.61
v -0.35837027 0.88590614 0.048473171 0.84 0.76 0.61
v -0.4220666 0.92723986 0.050890322 0.84 0.76 0.61
v -0.43397221 0.91268733 0.061161835 0.84 0.76 0.61
v -0.43361104 0.89378942 0.050890322 0.84 0.76 0.61
v -0.42170542 0.90834195 0.040618809 0.84 0.76 0.61
v -0.4729211 0.94525454 0.027268293 0.84 0.76 0.61
v -0.49137778 0.93302265 0.03434912 0.84 0.76 0.61
v -0.48446554 0.9118041 0.027268293 0.84 0.76 0.61
v -0.46600887 0.92403598 0.020187465 0.84 0.76 0.61
v -0.49730737 0.91740502 -0.005 0.84 0.76 0.61
v -0.47981878 0.93512315 -0.005 0.84 0.76 0.61
v -0.49730737 0.95284127 -0.005 0.84 0.76 0.61
v -0.51479595 0.93512315 -0.005 0.84 0.76 0.61
v -0.48446554 0.9118041 -0.037268293 0.84 0.76 0.61
v -0.46600887 0.92403598 -0.030187465 0.84 0.76 0.61
v -0.4729211 0.94525454 -0.037268293 0.84 0.76 0.61
v -0.49137778 0.93302265 -0.04434912 0.84 0.76 0.61
v -0.43361104 0.89378942 -0.060890322 0.84 0.76 0.61
v -0.42170542 0.90834195 -0.050618809 0.84 0.76 0.61
v -0.4220666 0.92723986 -0.060890322 0.84 0.76 0.61
v -0.43397221 0.91268733 -0.071161835 0.84 0.76 0.61
v -0.36414249 0.86918092 -0.069536585 0.84 0.76 0.61
v -0.35837027 0.88590614 -0.058473171 0.84 0.76 0.61
v -0.35259805 0.90263136 -0.069536585 0.84 0.76 0.61
v -0.35837027 0.88590614 -0.0806 0.84 0.76 0.61
v -0.29467394 0.84457241 -0.060890322 0.84 0.76 0.61
v -0.29503511 0.86347033 -0.050618809 0.84 0.76 0.61
v -0.2831295 0.87802286 -0.060890322 0.84 0.76 0.61
v -0.28276833 0.85912494 -0.071161835 0.84 0.76 0.61
v -0.24381943 0.82655774 -0.037268293 0.84 0.76 0.61
v -0.25073166 0.84777629 -0.030187465 0.84 0.76 0.61
v -0.23227499 0.86000818 -0.037268293 0.84 0.76 0.61
v -0.22536276 0.83878963 -0.04434912 0.84 0.76 0.61
vt 0 0
vt 0 0
vt 0 0
vt 0 0
vt 0 0
vt 0 0
vt 0 0
vt 0 0
vt 0 0
vt 0 0
vt 0 0
vt 0 0
vt 0 0
vt 0 0
vt 0 0
vt 0 0
vt 0 0
vt 0 0
vt 0 0
vt 0 0
vt 0 0
vt 0 0
vt 0 0
vt 0 0
vt 0 0
vt 0 0
vt 0 0
vt 0 0
vt 0 0
vt 0 0
vt 0 0
vt 0 0
vt 0 0
vt 0 0
vt 0 0
vt 0 0
vt 0 0
vt 0 0
vt 0 0
vt 0 0
vt 0 0
vt 0 0
vt 0 0
vt 0 0
vt 0 0
vt 0 0
vt 0 0
vt 0 0
vn 0.5252331 0.81831341 -0.2334381
vn 0.87394411 -0.47524949 0.10178217
vn -0.42091975 -0.85872615 -0.2922601
vn -0.73822287 0.44313063 -0.50858848
vn 0.30810603 0.93593939 0.17055246
vn 0.57676805 -0.19653973 0.79291282
vn -0.19188379 -0.97533173 -0.10912665
vn -0.53218023 0.1806393 -0.82713581
vn 0.29079397 0.94814022 0.12833154
vn 0.22894558 -0.095331018 0.96875999
vn -0.26401162 -0.96421446 -0.024255638
vn -0.2228976 0.095737205 -0.9701294
vn 0.27403705 0.96057071 0.046985105
vn 4.7509644e-17 1.0941971e-16 1
vn -0.27403705 -0.96057071 0.046985105
vn -5.3452278e-17 -1.2310622e-16 -1
vn 0.26401162 0.96421446 -0.024255638
vn -0.22894558 0.095331018 0.96875999
vn -0.29079397 -0.94814022 0.12833154
vn 0.2228976 -0.095737205 -0.9701294
vn 0.50316145 0.70667998 -0.49742534
vn -0.42120942 0.49879617 0.75748598
vn -0.67160878 -0.66579667 0.32504838
vn 0.27162073 -0.46237246 -0.84405799
vn 0.33450676 -0.91332379 0.23226037
vn 0.83004077 0.39702419 0.39166837
vn -0.39993205 0.89914395 0.17774847
vn -0.94247988 -0.32434643 -0.080815073
vn -0.35030205 -0.92887755 0.120312
vn 0.6065546 -0.1244794 0.78523652
vn 0.27428227 0.93049788 -0.24278164
vn -0.6002398 0.14007388 -0.78745888
vn -0.40174182 -0.91543245 0.024226943
vn 0.23475633 -0.062209934 0.97006154
vn 0.37086911 0.91978782 -0.1282438
vn -0.23923175 0.066247659 -0.96869986
vn -0.39168002 -0.91890349 -0.046937627
vn 2.761701e-16 -3.8690525e-16 1
vn 0.39168002 0.91890349 -0.046937627
vn -2.4546649e-16 3.1262773e-16 -1
vn -0.37086911 -0.91978782 -0.1282438
vn -0.23475633 0.062209934 0.97006154
vn 0.40174182 0.91543245 0.024226943
vn 0.23923175 -0.066247659 -0.96869986
vn 0.086033017 -0.95974266 -0.26738051
vn -0.41472002 -0.14870358 0.8977163
vn 0.17882574 0.8247422 0.53649013
vn 0.62730791 0.091469185 -0.773381
f 1593/1593/1593 1598/1598/1598 1594/1594/1594
f 1593/1593/1593 1597/1597/1597 1598/1598/1598
f 1594/1594/1594 1599/1599/1599 1595/1595/1595
f 1594/1594/1594 1598/1598/1598 1599/1599/1599
f 1595/1595/1595 1600/1600/1600 1596/1596/1596
f 1595/1595/1595 1599/1599/1599 1600/1600/1600
f 1596/1596/1596 1597/1597/1597 1593/1593/1593
f 1596/1596/1596 1600/1600/1600 1597/1597/1597
f 1597/1597/1597 1602/1602/1602 1598/1598/1598
f 1597/1597/1597 1601/1601/1601 1602/1602/1602
f 1598/1598/1598 1603/1603/1603 1599/1599/1599
f 1598/1598/1598 1602/1602/1602 1603/1603/1603
f 1599/1599/1599 1604/1604/1604 1600/1600/1600
f 1599/1599/1599 1603/1603/1603 1604/1604/1604
f 1600/1600/1600 1601/1601/1601 1597/1597/1597
f 1600/1600/1600 1604/1604/1604 1601/1601/1601
f 1601/1601/1601 1606/1606/1606 1602/1602/1602
f 1601/1601/1601 1605/1605/1605 1606/1606/1606
f 1602/1602/1602 1607/1607/1607 1603/1603/1603
f 1602/1602/1602 1606/1606/1606 1607/1607/1607
f 1603/1603/1603 1608/1608/1608 1604/1604/1604
f 1603/1603/1603 1607/1607/1607 1608/1608/1608
f 1604/1604/1604 1605/1605/1605 1601/1601/1601
f 1604/1604/1604 1608/1608/1608 1605/1605/1605
f 1605/1605/1605 1610/1610/1610 1606/1606/1606
f 1605/1605/1605 1609/1609/1609 1610/1610/1610
f 1606/1606/1606 1611/1611/1611 1607/1607/1607
f 1606/1606/1606 1610/1610/1610 1611/1611/1611
f 1607/1607/1607 1612/1612/1612 1608/1608/1608
f 1607/1607/1607 1611/1611/1611 1612/1612/1612
f 1608/1608/1608 1609/1609/1609 1605/1605/1605
f 1608/1608/1608 1612/1612/1612 1609/1609/1609
f 1609/1609/1609 1614/1614/1614 1610/1610/1610
f 1609/1609/1609 1613/1613/1613 1614/1614/1614
f 1610/1610/1610 1615/1615/1615 1611/1611/1611
f 1610/1610/1610 1614/1614/1614 1615/1615/1615
f 1611/1611/1611 1616/1616/1616 1612/1612/1612
f 1611/1611/1611 1615/1615/1615 1616/1616/1616
f 1612/1612/1612 1613/1613/1613 1609/1609/1609
f 1612/1612/1612 1616/1616/1616 1613/1613/1613
f 1613/1613/1613 1618/1618/1618 1614/1614/1614
f 1613/1613/1613 1617/1617/1617 1618/1618/1618
f 1614/1614/1614 1619/1619/1619 1615/1615/1615
f 1614/1614/1614 1618/1618/1618 1619/1619/1619
f 1615/1615/1615 1620/1620/1620 1616/1616/1616
f 1615/1615/1615 1619/1619/1619 1620/1620/1620
f 1616/1616/1616 1617/1617/1617 1613/1613/1613
f 1616/1616/1616 1620/1620/1620 1617/1617/1617
f 1617/1617/1617 1622/1622/1622 1618/1618/1618
f 1617/1617/1617 1621/1621/1621 1622/1622/1622
f 1618/1618/1618 1623/1623/1623 1619/1619/1619
f 1618/1618/1618 1622/1622/1622 1623/1623/1623
f 1619/1619/1619 1624/1624/1624 1620/1620/1620
f 1619/1619/1619 1623/1623/1623 1624/1624/1624
f 1620/1620/1620 1621/1621/1621 1617/1617/1617
f 1620/1620/1620 1624/1624/1624 1621/1621/1621
f 1621/1621/1621 1626/1626/1626 1622/1622/1622
f 1621/1621/1621 1625/1625/1625 1626/1626/1626
f 1622/1622/1622 1627/1627/1627 1623/1623/1623
f 1622/1622/1622 1626/1626/1626 1627/1627/1627
f 1623/1623/1623 1628/1628/1628 1624/1624/1624
f 1623/1623/1623 1627/1627/1627 1628/1628/1628
f 1624/1624/1624 1625/1625/1625 1621/1621/1621
f 1624/1624/1624 1628/1628/1628 1625/1625/1625
f 1625/1625/1625 1630/1630/1630 1626/1626/1626
f 1625/1625/1625 1629/1629/1629 1630/1630/1630
f 1626/1626/1626 1631/1631/1631 1627/1627/1627
f 1626/1626/1626 1630/1630/1630 1631/1631/1631
f 1627/1627/1627 1632/1632/1632 1628/1628/1628
f 1627/1627/1627 1631/1631/1631 1632/1632/1632
f 1628/1628/1628 1629/1629/1629 1625/1625/1625
f 1628/1628/1628 1632/1632/1632 1629/1629/1629
f 1629/1629/1629 1634/1634/1634 1630/1630/1630
f 1629/1629/1629 1633/1633/1633 1634/1634/1634
f 1630/1630/1630 1635/1635/1635 1631/1631/1631
f 1630/1630/1630 1634/1634/1634 1635/1635/1635
f 1631/1631/1631 1636/1636/1636 1632/1632/1632
f 1631/1631/1631 1635/1635/1635 1636/1636/1636
f 1632/1632/1632 1633/1633/1633 1629/1629/1629
f 1632/1632/1632 1636/1636/1636 1633/1633/1633
f 1633/1633/1633 1638/1638/1638 1634/1634/1634
f 1633/1633/1633 1637/1637/1637 1638/1638/1638
f 1634/1634/1634 1639/1639/1639 1635/1635/1635
f 1634/1634/1634 1638/1638/1638 1639/1639/1639
f 1635/1635/1635 1640/1640/1640 1636/1636/1636
f 1635/1635/1635 1639/1639/1639 1640/1640/1640
f 1636/1636/1636 1637/1637/1637 1633/1633/1633
f 1636/1636/1636 1640/1640/1640 1637/1637/1637
f 1637/1637/1637 1594/1594/1594 1638/1638/1638
f 1637/1637/1637 1593/1593/1593 1594/1594/1594
f 1638/1638/1638 1595/1595/1595 1639/1639/1639
f 1638/1638/1638 1594/1594/1594 1595/1595/1595
f 1639/1639/1639 1596/1596/1596 1640/1640/1640
f 1639/1639/1639 1595/1595/1595 1596/1596/1596
f 1640/1640/1640 1593/1593/1593 1637/1637/1637
f 1640/1640/1640 1596/1596/1596 1593/1593/1593
usemtl timber
v -0.006544953 0 -0.005 1 1 1
v -0.018359134 0 0.02003357 1 1 1
v -0.062568374 0 0.037259727 1 1 1
v -0.11945676 0 0.045391097 1 1 1
v -0.1742446 0 0.035699338 1 1 1
v -0.22091932 0 0.020123937 1 1 1
v -0.23583974 0 -0.005 1 1 1
v -0.21693425 0 -0.029137161 1 1 1
v -0.17721577 0 -0.047906478 1 1 1
v -0.11945676 0 -0.052950367 1 1 1
v -0.059597209 0 -0.049466867 1 1 1
v -0.022344208 0 -0.029046795 1 1 1
v -0.0058704629 0.19652316 -0.005 1 1 1
v -0.017481202 0.19652316 0.020250962 1 1 1
v -0.062905619 0.19652316 0.037009204 1 1 1
v -0.11945676 0.19652316 0.044956314 1 1 1
v -0.17458185 0.19652316 0.035949862 1 1 1
v -0.22179725 0.19652316 0.020341328 1 1 1
v -0.23516525 0.19652316 -0.005 1 1 1
v -0.21605632 0.19652316 -0.02891977 1 1 1
v -0.17755301 0.19652316 -0.048157002 1 1 1
v -0.11945676 0.19652316 -0.05338515 1 1 1
v -0.059934454 0.19652316 -0.049216344 1 1 1
v -0.02322214 0.19652316 -0.028829404 1 1 1
v -0.0047418564 0.39304632 -0.005 1 1 1
v -0.017085408 0.39304632 0.020348967 1 1 1
v -0.063469922 0.39304632 0.036590009 1 1 1
v -0.11945676 0.39304632 0.044760302 1 1 1
v -0.17514615 0.39304632 0.036369056 1 1 1
v -0.22219305 0.39304632 0.020439334 1 1 1
v -0.23403665 0.39304632 -0.005 1 1 1
v -0.21566052 0.39304632 -0.028821764 1 1 1
v -0.17811732 0.39304632 -0.048576196 1 1 1
v -0.11945676 0.39304632 -0.053581161 1 1 1
v -0.060498757 0.39304632 -0.048797149 1 1 1
v -0.023617933 0.39304632 -0.028731398 1 1 1
v -0.0035520498 0.58956948 -0.005 1 1 1
v -0.017309545 0.58956948 0.020293467 1 1 1
v -0.064064826 0.58956948 0.036148083 1 1 1
v -0.11945676 0.58956948 0.044871303 1 1 1
v -0.17574106 0.58956948 0.036810982 1 1 1
v -0.22196891 0.58956948 0.020383833 1 1 1
v -0.23284684 0.58956948 -0.005 1 1 1
v -0.21588466 0.58956948 -0.028877265 1 1 1
v -0.17871222 0.58956948 -0.049018122 1 1 1
v -0.11945676 0.58956948 -0.053470161 1 1 1
v -0.06109366 0.58956948 -0.048355223 1 1 1
v -0.023393797 0.58956948 -0.028786898 1 1 1
v -0.0027152655 0.78609264 -0.005 1 1 1
v -0.018075581 0.78609264 0.020103783 1 1 1
v -0.064483218 0.78609264 0.035837279 1 1 1
v -0.11945676 0.78609264 0.045250671 1 1 1
v -0.17615945 0.78609264 0.037121786 1 1 1
v -0.22120287 0.78609264 0.020194149 1 1 1
v -0.23201006 0.78609264 -0.005 1 1 1
v -0.21665069 0.78609264 -0.029066949 1 1 1
v -0.17913061 0.78609264 -0.049328926 1 1 1
v -0.11945676 0.78609264 -0.053090792 1 1 1
v -0.061512052 0.78609264 -0.048044419 1 1 1
v -0.02262776 0.78609264 -0.028976582 1 1 1
v -0.002522824 0.9826158 -0.005 1 1 1
v -0.019116827 0.9826158 0.019845952 1 1 1
v -0.064579438 0.9826158 0.035765801 1 1 1
v -0.11945676 0.9826158 0.045766333 1 1 1
v -0.17625567 0.9826158 0.037193264 1 1 1
v -0.22016163 0.9826158 0.019936318 1 1 1
v -0.23181761 0.9826158 -0.005 1 1 1
v -0.21769194 0.9826158 -0.02932478 1 1 1
v -0.17922683 0.9826158 -0.049400404 1 1 1
v -0.11945676 0.9826158 -0.05257513 1 1 1
v -0.061608273 0.9826158 -0.047972941 1 1 1
v -0.021586515 0.9826158 -0.029234413 1 1 1
v -0.11945676 0 -0.005 1 1 1
v -0.11945676 1.3714302 -0.005 1 1 1
vt 1 0.865
vt 1.1666667 0.865
vt 1.3333333 0.865
vt 1.5 0.865
vt 1.6666667 0.865
vt 1.8333333 0.865
vt 2 0.865
vt 0.16666667 0.865
vt 0.33333333 0.865
vt 0.5 0.865
vt 0.66666667 0.865
vt 0.83333333 0.865
vt 1 1.2324764
vt 1.1666667 1.2324764
vt 1.3333333 1.2324764
vt 1.5 1.2324764
vt 1.6666667 1.2324764
vt 1.8333333 1.2324764
vt 2 1.2324764
vt 0.16666667 1.2324764
vt 0.33333333 1.2324764
vt 0.5 1.2324764
vt 0.66666667 1.2324764
vt 0.83333333 1.2324764
vt 1 1.5999527
vt 1.1666667 1.5999527
vt 1.3333333 1.5999527
vt 1.5 1.5999527
vt 1.6666667 1.5999527
vt 1.8333333 1.5999527
vt 2 1.5999527
vt 0.16666667 1.5999527
vt 0.33333333 1.5999527
vt 0.5 1.5999527
vt 0.66666667 1.5999527
vt 0.83333333 1.5999527
vt 1 1.9674291
vt 1.1666667 1.9674291
vt 1.3333333 1.9674291
vt 1.5 1.9674291
vt 1.6666667 1.9674291
vt 1.8333333 1.9674291
vt 2 1.9674291
vt 0.16666667 1.9674291
vt 0.33333333 1.9674291
vt 0.5 1.9674291
vt 0.66666667 1.9674291
vt 0.83333333 1.9674291
vt 1 2.3349054
vt 1.1666667 2.3349054
vt 1.3333333 2.3349054
vt 1.5 2.3349054
vt 1.6666667 2.3349054
vt 1.8333333 2.3349054
vt 2 2.3349054
vt 0.16666667 2.3349054
vt 0.33333333 2.3349054
vt 0.5 2.3349054
vt 0.66666667 2.3349054
vt 0.83333333 2.3349054
vt 1 2.7023818
vt 1.1666667 2.7023818
vt 1.3333333 2.7023818
vt 1.5 2.7023818
vt 1.6666667 2.7023818
vt 1.8333333 2.7023818
vt 2 2.7023818
vt 0.16666667 2.7023818
vt 0.33333333 2.7023818
vt 0.5 2.7023818
vt 0.66666667 2.7023818
vt 0.83333333 2.7023818
vt 1 0.865
vt 1 3.4294212
vn 0.92949367 -0.35629842 0.095356939
vn 0.48813341 -0.24018946 0.83906782
vn 0.2034755 -0.17584778 0.96315901
vn -0.062325138 -0.16794419 0.98382434
vn -0.26072118 -0.18083611 0.9483263
vn -0.63474985 -0.27921421 0.7205082
vn -0.89254336 -0.35218152 -0.28166387
vn -0.52340229 -0.23842164 -0.81804961
vn -0.18058289 -0.17768002 -0.96737771
vn 0.014531745 -0.16086737 -0.98686905
vn 0.30777123 -0.20122543 -0.92993828
vn 0.66901252 -0.27711591 -0.68965862
vn 0.99491169 -0.0025798321 -0.10071784
vn 0.58819096 -0.0014278464 0.80872081
vn 0.2388387 0.001247825 0.97105845
vn -0.0070803389 0.00089910946 0.99997453
vn -0.23722975 -0.0012551014 0.97145276
vn -0.56459578 -0.0013907511 0.82536639
vn -0.99490566 0.0025661941 -0.10077774
vn -0.60429972 0.0014768546 -0.79675571
vn -0.24194189 -0.0012384204 -0.97028995
vn -0.0067579977 -0.00091008794 -0.99997675
vn 0.24366628 0.0012306377 -0.96985835
vn 0.62809265 0.0015140029 -0.77813709
vn 0.99365839 -0.0033033236 -0.11239259
vn 0.57722814 -0.0001899957 0.8165829
vn 0.2362881 0.0016054932 0.97168172
vn -0.0016512064 0.0001213216 0.99999863
vn -0.23468275 -0.001605793 0.97207069
vn -0.57539096 -0.0001893757 0.81787848
vn -0.99369717 0.0033052287 -0.11204916
vn -0.61526322 0.00020146673 -0.78832172
vn -0.24463088 -0.001591178 -0.96961498
vn -0.0015783942 -0.00012251278 -0.99999875
vn 0.24635925 0.0015907751 -0.96917728
vn 0.61699556 0.0002020538 -0.78696661
vn 0.99435172 -0.0028806263 -0.10609598
vn 0.56584976 0.0010834635 0.82450766
vn 0.23773789 0.0014093143 0.97132832
vn 0.0040685236 -0.00069933453 0.99999148
vn -0.23611269 -0.0014012261 0.97172467
vn -0.58696179 0.0011065217 0.80961388
vn -0.99442948 0.0029001769 -0.10536415
vn -0.62697103 -0.0011748554 -0.77904169
vn -0.24311405 -0.0013846858 -0.96999672
vn 0.0038858188 0.00070714722 -0.9999922
vn 0.24482046 0.0013931794 -0.96956743
vn 0.60545442 -0.0011513678 -0.79587915
vn 0.99647734 -0.0014628815 -0.083849651
vn 0.55799717 0.0019653899 0.82984052
vn 0.2426861 0.00072023905 0.9701046
vn 0.0081034955 -0.0012733878 0.99996636
vn -0.24106051 -0.00071313435 0.97050983
vn -0.59519106 0.0020417321 0.80358163
vn -0.99654493 0.0014791775 -0.083042286
vn -0.63533225 -0.0021570212 -0.77223589
vn -0.23792231 -0.00069855573 -0.97128394
vn 0.0077171869 0.0012935222 -0.99996939
vn 0.23962833 0.00070601257 -0.97086444
vn 0.59741621 -0.0020797598 -0.80192864
vn 0.97370929 0.16595933 -0.15603756
vn 0.58663918 0.11583785 0.80152109
vn 0.25911422 0.078750655 0.96263085
vn 0.035138596 0.073491371 0.99667663
vn -0.23128145 0.078546487 0.96971096
vn -0.55719598 0.11309332 0.82264363
vn -0.98647098 0.16273543 0.01980382
vn -0.66757938 0.12138938 -0.73457633
vn -0.26076865 0.084663395 -0.96168177
vn 0.0011916755 0.069971656 -0.99754827
vn 0.20802473 0.079427381 -0.97489333
vn 0.5614733 0.10845032 -0.8203574
vn 0 -1 0
vn 0 1 -1.2267182e-16
f 1641/1641/1641 1654/1654/1654 1642/1642/1642
f 1641/1641/1641 1653/1653/1653 1654/1654/1654
f 1642/1642/1642 1655/1655/1655 1643/1643/1643
f 1642/1642/1642 1654/1654/1654 1655/1655/1655
f 1643/1643/1643 1656/1656/1656 1644/1644/1644
f 1643/1643/1643 1655/1655/1655 1656/1656/1656
f 1644/1644/1644 1657/1657/1657 1645/1645/1645
f 1644/1644/1644 1656/1656/1656 1657/1657/1657
f 1645/1645/1645 1658/1658/1658 1646/1646/1646
f 1645/1645/1645 1657/1657/1657 1658/1658/1658
f 1646/1646/1646 1659/1659/1659 1647/1647/1647
f 1646/1646/1646 1658/1658/1658 1659/1659/1659
f 1647/1647/1647 1660/1660/1660 1648/1648/1648
f 1647/1647/1647 1659/1659/1659 1660/1660/1660
f 1648/1648/1648 1661/1661/1661 1649/1649/1649
f 1648/1648/1648 1660/1660/1660 1661/1661/1661
f 1649/1649/1649 1662/1662/1662 1650/1650/1650
f 1649/1649/1649 1661/1661/1661 1662/1662/1662
f 1650/1650/1650 1663/1663/1663 1651/1651/1651
f 1650/1650/1650 1662/1662/1662 1663/1663/1663
f 1651/1651/1651 1664/1664/1664 1652/1652/1652
f 1651/1651/1651 1663/1663/1663 1664/1664/1664
f 1652/1652/1652 1653/1653/1653 1641/1641/1641
f 1652/1652/1652 1664/1664/1664 1653/1653/1653
f 1653/1653/1653 1666/1666/1666 1654/1654/1654
f 1653/1653/1653 1665/1665/1665 1666/1666/1666
f 1654/1654/1654 1667/1667/1667 1655/1655/1655
f 1654/1654/1654 1666/1666/1666 1667/1667/1667
f 1655/1655/1655 1668/1668/1668 1656/1656/1656
f 1655/1655/1655 1667/1667/1667 1668/1668/1668
f 1656/1656/1656 1669/1669/1669 1657/1657/1657
f 1656/1656/1656 1668/1668/1668 1669/1669/1669
f 1657/1657/1657 1670/1670/1670 1658/1658/1658
f 1657/1657/1657 1669/1669/1669 1670/1670/1670
f 1658/1658/1658 1671/1671/1671 1659/1659/1659
f 1658/1658/1658 1670/1670/1670 1671/1671/1671
f 1659/1659/1659 1672/1672/1672 1660/1660/1660
f 1659/1659/1659 1671/1671/1671 1672/1672/1672
f 1660/1660/1660 1673/1673/1673 1661/1661/1661
f 1660/1660/1660 1672/1672/1672 1673/1673/1673
f 1661/1661/1661 1674/1674/1674 1662/1662/1662
f 1661/1661/1661 1673/1673/1673 1674/1674/1674
f 1662/1662/1662 1675/1675/1675 1663/1663/1663
f 1662/1662/1662 1674/1674/1674 1675/1675/1675
f 1663/1663/1663 1676/1676/1676 1664/1664/1664
f 1663/1663/1663 1675/1675/1675 1676/1676/1676
f 1664/1664/1664 1665/1665/1665 1653/1653/1653
f 1664/1664/1664 1676/1676/1676 1665/1665/1665
f 1665/1665/1665 1678/1678/1678 1666/1666/1666
f 1665/1665/1665 1677/1677/1677 1678/1678/1678
f 1666/1666/1666 1679/1679/1679 1667/1667/1667
f 1666/1666/1666 1678/1678/1678 1679/1679/1679
f 1667/1667/1667 1680/1680/1680 1668/1668/1668
f 1667/1667/1667 1679/1679/1679 1680/1680/1680
f 1668/1668/1668 1681/1681/1681 1669/1669/1669
f 1668/1668/1668 1680/1680/1680 1681/1681/1681
f 1669/1669/1669 1682/1682/1682 1670/1670/1670
f 1669/1669/1669 1681/1681/1681 1682/1682/1682
f 1670/1670/1670 1683/1683/1683 1671/1671/1671
f 1670/1670/1670 1682/1682/1682 1683/1683/1683
f 1671/1671/1671 1684/1684/1684 1672/1672/1672
f 1671/1671/1671 1683/1683/1683 1684/1684/1684
f 1672/1672/1672 1685/1685/1685 1673/1673/1673
f 1672/1672/1672 1684/1684/1684 1685/1685/1685
f 1673/1673/1673 1686/1686/1686 1674/1674/1674
f 1673/1673/1673 1685/1685/1685 1686/1686/1686
f 1674/1674/1674 1687/1687/1687 1675/1675/1675
f 1674/1674/1674 1686/1686/1686 1687/1687/1687
f 1675/1675/1675 1688/1688/1688 1676/1676/1676
f 1675/1675/1675 1687/1687/1687 1688/1688/1688
f 1676/1676/1676 1677/1677/1677 1665/1665/1665
f 1676/1676/1676 1688/1688/1688 1677/1677/1677
f 1677/1677/1677 1690/1690/1690 1678/1678/1678
f 1677/1677/1677 1689/1689/1689 1690/1690/1690
f 1678/1678/1678 1691/1691/1691 1679/1679/1679
f 1678/1678/1678 1690/1690/1690 1691/1691/1691
f 1679/1679/1679 1692/1692/1692 1680/1680/1680
f 1679/1679/1679 1691/1691/1691 1692/1692/1692
f 1680/1680/1680 1693/1693/1693 1681/1681/1681
f 1680/1680/1680 1692/1692/1692 1693/1693/1693
f 1681/1681/1681 1694/1694/1694 1682/1682/1682
f 1681/1681/1681 1693/1693/1693 1694/1694/1694
f 1682/1682/1682 1695/1695/1695 1683/1683/1683
f 1682/1682/1682 1694/1694/1694 1695/1695/1695
f 1683/1683/1683 1696/1696/1696 1684/1684/1684
f 1683/1683/1683 1695/1695/1695 1696/1696/1696
f 1684/1684/1684 1697/1697/1697 1685/1685/1685
f 1684/1684/1684 1696/1696/1696 1697/1697/1697
f 1685/1685/1685 1698/1698/1698 1686/1686/1686
f 1685/1685/1685 1697/1697/1697 1698/1698/1698
f 1686/1686/1686 1699/1699/1699 1687/1687/1687
f 1686/1686/1686 1698/1698/1698 1699/1699/1699
f 1687/1687/1687 1700/1700/1700 1688/1688/1688
f 1687/1687/1687 1699/1699/1699 1700/1700/1700
f 1688/1688/1688 1689/1689/1689 1677/1677/1677
f 1688/1688/1688 1700/1700/1700 1689/1689/1689
f 1689/1689/1689 1702/1702/1702 1690/1690/1690
f 1689/1689/1689 1701/1701/1701 1702/1702/1702
f 1690/1690/1690 1703/1703/1703 1691/1691/1691
f 1690/1690/1690 1702/1702/1702 1703/1703/1703
f 1691/1691/1691 1704/1704/1704 1692/1692/1692
f 1691/1691/1691 1703/1703/1703 1704/1704/1704
f 1692/1692/1692 1705/1705/1705 1693/1693/1693
f 1692/1692/1692 1704/1704/1704 1705/1705/1705
f 1693/1693/1693 1706/1706/1706 1694/1694/1694
f 1693/1693/1693 1705/1705/1705 1706/1706/1706
f 1694/1694/1694 1707/1707/1707 1695/1695/1695
f 1694/1694/1694 1706/1706/1706 1707/1707/1707
f 1695/1695/1695 1708/1708/1708 1696/1696/1696
f 1695/1695/1695 1707/1707/1707 1708/1708/1708
f 1696/1696/1696 1709/1709/1709 1697/1697/1697
f 1696/1696/1696 1708/1708/1708 1709/1709/1709
f 1697/1697/1697 1710/1710/1710 1698/1698/1698
f 1697/1697/1697 1709/1709/1709 1710/1710/1710
f 1698/1698/1698 1711/1711/1711 1699/1699/1699
f 1698/1698/1698 1710/1710/1710 1711/1711/1711
f 1699/1699/1699 1712/1712/1712 1700/1700/1700
f 1699/1699/1699 1711/1711/1711 1712/1712/1712
f 1700/1700/1700 1701/1701/1701 1689/1689/1689
f 1700/1700/1700 1712/1712/1712 1701/1701/1701
f 1713/1713/1713 1641/1641/1641 1642/1642/1642
f 1701/1701/1701 1714/1714/1714 1702/1702/1702
f 1713/1713/1713 1642/1642/1642 1643/1643/1643
f 1702/1702/1702 1714/1714/1714 1703/1703/1703
f 1713/1713/1713 1643/1643/1643 1644/1644/1644
f 1703/1703/1703 1714/1714/1714 1704/1704/1704
f 1713/1713/1713 1644/1644/1644 1645/1645/1645
f 1704/1704/1704 1714/1714/1714 1705/1705/1705
f 1713/1713/1713 1645/1645/1645 1646/1646/1646
f 1705/1705/1705 1714/1714/1714 1706/1706/1706
f 1713/1713/1713 1646/1646/1646 1647/1647/1647
f 1706/1706/1706 1714/1714/1714 1707/1707/1707
f 1713/1713/1713 1647/1647/1647 1648/1648/1648
f 1707/1707/1707 1714/1714/1714 1708/1708/1708
f 1713/1713/1713 1648/1648/1648 1649/1649/1649
f 1708/1708/1708 1714/1714/1714 1709/1709/1709
f 1713/1713/1713 1649/1649/1649 1650/1650/1650
f 1709/1709/1709 1714/1714/1714 1710/1710/1710
f 1713/1713/1713 1650/1650/1650 1651/1651/1651
f 1710/1710/1710 1714/1714/1714 1711/1711/1711
f 1713/1713/1713 1651/1651/1651 1652/1652/1652
f 1711/1711/1711 1714/1714/1714 1712/1712/1712
f 1713/1713/1713 1652/1652/1652 1641/1641/1641
f 1712/1712/1712 1714/1714/1714 1701/1701/1701
usemtl snow
v 0.020504784 1.0637153 -0.005 1 1 1
v 0.001753493 0.97388733 0.025013815 1 1 1
v -0.049475986 1.0534639 0.046985452 1 1 1
v -0.11945676 1.0136019 0.055027629 1 1 1
v -0.18943753 1.0171316 0.046985452 1 1 1
v -0.24066701 1.028676 0.025013815 1 1 1
v -0.2594183 1.0132914 -0.005 1 1 1
v -0.24066701 1.0424572 -0.035013815 1 1 1
v -0.18943753 0.98512124 -0.056985452 1 1 1
v -0.11945676 1.0634049 -0.065027629 1 1 1
v -0.049475986 0.9992129 -0.056985452 1 1 1
v 0.001753493 1.0099091 -0.035013815 1 1 1
v 0.011757188 1.1153407 -0.005 1 1 1
v -0.0058221476 1.0839009 0.023137951 1 1 1
v -0.053849784 1.1117527 0.043736361 1 1 1
v -0.11945676 1.097801 0.051275902 1 1 1
v -0.18506373 1.0990364 0.043736361 1 1 1
v -0.23309136 1.1030769 0.023137951 1 1 1
v -0.2506707 1.0976923 -0.005 1 1 1
v -0.23309136 1.1079004 -0.033137951 1 1 1
v -0.18506373 1.0878328 -0.053736361 1 1 1
v -0.11945676 1.115232 -0.061275902 1 1 1
v -0.053849784 1.0927648 -0.053736361 1 1 1
v -0.0058221476 1.0965085 -0.033137951 1 1 1
v -0.019484228 1.1991706 -0.005 1 1 1
v -0.032878007 1.1991706 0.016438439 1 1 1
v -0.069470492 1.1991706 0.032132466 1 1 1
v -0.11945676 1.1991706 0.037876878 1 1 1
v -0.16944302 1.1991706 0.032132466 1 1 1
v -0.20603551 1.1991706 0.016438439 1 1 1
v -0.21942928 1.1991706 -0.005 1 1 1
v -0.20603551 1.1991706 -0.026438439 1 1 1
v -0.16944302 1.1991706 -0.042132466 1 1 1
v -0.11945676 1.1991706 -0.047876878 1 1 1
v -0.069470492 1.1991706 -0.042132466 1 1 1
v -0.032878007 1.1991706 -0.026438439 1 1 1
v -0.063222209 1.3074481 -0.005 1 1 1
v -0.07075621 1.3074481 0.007059122 1 1 1
v -0.091339482 1.3074481 0.015887012 1 1 1
v -0.11945676 1.3074481 0.019118244 1 1 1
v -0.14757403 1.3074481 0.015887012 1 1 1
v -0.1681573 1.3074481 0.007059122 1 1 1
v -0.1756913 1.3074481 -0.005 1 1 1
v -0.1681573 1.3074481 -0.017059122 1 1 1
v -0.14757403 1.3074481 -0.025887012 1 1 1
v -0.11945676 1.3074481 -0.029118244 1 1 1
v -0.091339482 1.3074481 -0.025887012 1 1 1
v -0.07075621 1.3074481 -0.017059122 1 1 1
v -0.10446088 1.3960387 -0.005 1 1 1
v -0.10646994 1.3960387 -0.0017842341 1 1 1
v -0.11195882 1.3960387 0.00056986984 1 1 1
v -0.11945676 1.3960387 0.0014315317 1 1 1
v -0.1269547 1.3960387 0.00056986984 1 1 1
v -0.13244357 1.3960387 -0.0017842341 1 1 1
v -0.13445264 1.3960387 -0.005 1 1 1
v -0.13244357 1.3960387 -0.0082157659 1 1 1
v -0.1269547 1.3960387 -0.01056987 1 1 1
v -0.11945676 1.3960387 -0.011431532 1 1 1
v -0.11195882 1.3960387 -0.01056987 1 1 1
v -0.10646994 1.3960387 -0.0082157659 1 1 1
v -0.11945676 1.012146 -0.005 1 1 1
v -0.11945676 1.4186785 -0.005 1 1 1
vt 0 0
vt 0 0
vt 0 0
vt 0 0
vt 0 0
vt 0 0
vt 0 0
vt 0 0
vt 0 0
vt 0 0
vt 0 0
vt 0 0
vt 0 0
vt 0 0
vt 0 0
vt 0 0
vt 0 0
vt 0 0
vt 0 0
vt 0 0
vt 0 0
vt 0 0
vt 0 0
vt 0 0
vt 0 0
vt 0 0
vt 0 0
vt 0 0
vt 0 0
vt 0 0
vt 0 0
vt 0 0
vt 0 0
vt 0 0
vt 0 0
vt 0 0
vt 0 0
vt 0 0
vt 0 0
vt 0 0
vt 0 0
vt 0 0
vt 0 0
vt 0 0
vt 0 0
vt 0 0
vt 0 0
vt 0 0
vt 0 0
vt 0 0
vt 0 0
vt 0 0
vt 0 0
vt 0 0
vt 0 0
vt 0 0
vt 0 0
vt 0 0
vt 0 0
vt 0 0
vt 0 0
vt 0 0
vn 0.75381686 -0.62309566 -0.20859514
vn 0.4673009 -0.67152179 0.57505509
vn 0.075562412 -0.35231333 0.93282669
vn 0.075228936 -0.40109955 0.91294017
vn -0.30496196 -0.47805717 0.82368656
vn -0.52872706 -0.57683973 0.62265851
vn -0.65104144 -0.71009854 -0.26815128
vn -0.56444452 -0.55068486 -0.61493786
vn -0.10905461 -0.47705703 -0.87208009
vn 0.071751604 -0.34841712 -0.93458933
vn 0.083082433 -0.39888949 -0.91322751
vn 0.70778651 -0.70566875 0.032708997
vn 0.96951067 0.24504577 0.0012778577
vn 0.56775531 0.13028093 0.81282273
vn 0.27014259 0.11532921 0.95588815
vn -0.013448857 0.094271345 0.9954557
vn -0.23118183 0.10196876 0.96755224
vn -0.58387768 0.15159592 0.79756224
vn -0.97715779 0.21186771 0.016575129
vn -0.58660609 0.15777169 -0.79435595
vn -0.23872009 0.09563839 -0.96636743
vn -0.018364347 0.10555567 -0.99424381
vn 0.26367129 0.10267502 -0.95913257
vn 0.55170232 0.13666631 -0.82276781
vn 0.93013098 0.34932313 -0.11326827
vn 0.57520769 0.22885422 0.78534188
vn 0.27143344 0.17652103 0.94613118
vn 0.0048604882 0.15246434 0.98829702
vn -0.22037118 0.16501725 0.96135626
vn -0.55012353 0.23302273 0.80191303
vn -0.94125067 0.333597 0.052537721
vn -0.61389952 0.25283697 -0.74779733
vn -0.24117454 0.16381811 -0.95655552
vn -0.027361382 0.15659054 -0.98728454
vn 0.23605944 0.16803523 -0.95709984
vn 0.54946593 0.22497978 -0.80465601
vn 0.90913501 0.38566532 -0.15727616
vn 0.63420814 0.29789764 0.71346831
vn 0.27422592 0.20616512 0.93930617
vn 0.031292136 0.17891239 0.98336726
vn -0.19880735 0.19354516 0.96073717
vn -0.51428166 0.2631883 0.81623911
vn -0.90913501 0.38566532 0.15727616
vn -0.63420814 0.29789764 -0.71346831
vn -0.27422592 0.20616512 -0.93930617
vn -0.031292136 0.17891239 -0.98336726
vn 0.19880735 0.19354516 -0.96073717
vn 0.51428166 0.2631883 -0.81623911
vn 0.85375823 0.41114271 -0.31946606
vn 0.69838033 0.35541501 0.62124479
vn 0.31961277 0.24087528 0.91642063
vn 0.067254204 0.20181099 0.97711268
vn -0.1578592 0.2105719 0.96474864
vn -0.44853869 0.27488738 0.85044105
vn -0.85375823 0.41114271 0.31946606
vn -0.69838033 0.35541501 -0.62124479
vn -0.31961277 0.24087528 -0.91642063
vn -0.067254204 0.20181099 -0.97711268
vn 0.1578592 0.2105719 -0.96474864
vn 0.44853869 0.27488738 -0.85044105
vn 3.9037524e-16 -1 1.3164564e-16
vn 0 1 -6.7194129e-17
f 1715/1715/1715 1728/1728/1728 1716/1716/1716
f 1715/1715/1715 1727/1727/1727 1728/1728/1728
f 1716/1716/1716 1729/1729/1729 1717/1717/1717
f 1716/1716/1716 1728/1728/1728 1729/1729/1729
f 1717/1717/1717 1730/1730/1730 1718/1718/1718
f 1717/1717/1717 1729/1729/1729 1730/1730/1730
f 1718/1718/1718 1731/1731/1731 1719/1719/1719
f 1718/1718/1718 1730/1730/1730 1731/1731/1731
f 1719/1719/1719 1732/1732/1732 1720/1720/1720
f 1719/1719/1719 1731/1731/1731 1732/1732/1732
f 1720/1720/1720 1733/1733/1733 1721/1721/1721
f 1720/1720/1720 1732/1732/1732 1733/1733/1733
f 1721/1721/1721 1734/1734/1734 1722/1722/1722
f 1721/1721/1721 1733/1733/1733 1734/1734/1734
f 1722/1722/1722 1735/1735/1735 1723/1723/1723
f 1722/1722/1722 1734/1734/1734 1735/1735/1735
f 1723/1723/1723 1736/1736/1736 1724/1724/1724
f 1723/1723/1723 1735/1735/1735 1736/1736/1736
f 1724/1724/1724 1737/1737/1737 1725/1725/1725
f 1724/1724/1724 1736/1736/1736 1737/1737/1737
f 1725/1725/1725 1738/1738/1738 1726/1726/1726
f 1725/1725/1725 1737/1737/1737 1738/1738/1738
f 1726/1726/1726 1727/1727/1727 1715/1715/1715
f 1726/1726/1726 1738/1738/1738 1727/1727/1727
f 1727/1727/1727 1740/1740/1740 1728/1728/1728
f 1727/1727/1727 1739/1739/1739 1740/1740/1740
f 1728/1728/1728 1741/1741/1741 1729/1729/1729
f 1728/1728/1728 1740/1740/1740 1741/1741/1741
f 1729/1729/1729 1742/1742/1742 1730/1730/1730
f 1729/1729/1729 1741/1741/1741 1742/1742/1742
f 1730/1730/1730 1743/1743/1743 1731/1731/1731
f 1730/1730/1730 1742/1742/1742 1743/1743/1743
f 1731/1731/1731 1744/1744/1744 1732/1732/1732
f 1731/1731/1731 1743/1743/1743 1744/1744/1744
f 1732/1732/1732 1745/1745/1745 1733/1733/1733
f 1732/1732/1732 1744/1744/1744 1745/1745/1745
f 1733/1733/1733 1746/1746/1746 1734/1734/1734
f 1733/1733/1733 1745/1745/1745 1746/1746/1746
f 1734/1734/1734 1747/1747/1747 1735/1735/1735
f 1734/1734/1734 1746/1746/1746 1747/1747/1747
f 1735/1735/1735 1748/1748/1748 1736/1736/1736
f 1735/1735/1735 1747/1747/1747 1748/1748/1748
f 1736/1736/1736 1749/1749/1749 1737/1737/1737
f 1736/1736/1736 1748/1748/1748 1749/1749/1749
f 1737/1737/1737 1750/1750/1750 1738/1738/1738
f 1737/1737/1737 1749/1749/1749 1750/1750/1750
f 1738/1738/1738 1739/1739/1739 1727/1727/1727
f 1738/1738/1738 1750/1750/1750 1739/1739/1739
f 1739/1739/1739 1752/1752/1752 1740/1740/1740
f 1739/1739/1739 1751/1751/1751 1752/1752/1752
f 1740/1740/1740 1753/1753/1753 1741/1741/1741
f 1740/1740/1740 1752/1752/1752 1753/1753/1753
f 1741/1741/1741 1754/1754/1754 1742/1742/1742
f 1741/1741/1741 1753/1753/1753 1754/1754/1754
f 1742/1742/1742 1755/1755/1755 1743/1743/1743
f 1742/1742/1742 1754/1754/1754 1755/1755/1755
f 1743/1743/1743 1756/1756/1756 1744/1744/1744
f 1743/1743/1743 1755/1755/1755 1756/1756/1756
f 1744/1744/1744 1757/1757/1757 1745/1745/1745
f 1744/1744/1744 1756/1756/1756 1757/1757/1757
f 1745/1745/1745 1758/1758/1758 1746/1746/1746
f 1745/1745/1745 1757/1757/1757 1758/1758/1758
f 1746/1746/1746 1759/1759/1759 1747/1747/1747
f 1746/1746/1746 1758/1758/1758 1759/1759/1759
f 1747/1747/1747 1760/1760/1760 1748/1748/1748
f 1747/1747/1747 1759/1759/1759 1760/1760/1760
f 1748/1748/1748 1761/1761/1761 1749/1749/1749
f 1748/1748/1748 1760/1760/1760 1761/1761/1761
f 1749/1749/1749 1762/1762/1762 1750/1750/1750
f 1749/1749/1749 1761/1761/1761 1762/1762/1762
f 1750/1750/1750 1751/1751/1751 1739/1739/1739
f 1750/1750/1750 1762/1762/1762 1751/1751/1751
f 1751/1751/1751 1764/1764/1764 1752/1752/1752
f 1751/1751/1751 1763/1763/1763 1764/1764/1764
f 1752/1752/1752 1765/1765/1765 1753/1753/1753
f 1752/1752/1752 1764/1764/1764 1765/1765/1765
f 1753/1753/1753 1766/1766/1766 1754/1754/1754
f 1753/1753/1753 1765/1765/1765 1766/1766/1766
f 1754/1754/1754 1767/1767/1767 1755/1755/1755
f 1754/1754/1754 1766/1766/1766 1767/1767/1767
f 1755/1755/1755 1768/1768/1768 1756/1756/1756
f 1755/1755/1755 1767/1767/1767 1768/1768/1768
f 1756/1756/1756 1769/1769/1769 1757/1757/1757
f 1756/1756/1756 1768/1768/1768 1769/1769/1769
f 1757/1757/1757 1770/1770/1770 1758/1758/1758
f 1757/1757/1757 1769/1769/1769 1770/1770/1770
f 1758/1758/1758 1771/1771/1771 1759/1759/1759
f 1758/1758/1758 1770/1770/1770 1771/1771/1771
f 1759/1759/1759 1772/1772/1772 1760/1760/1760
f 1759/1759/1759 1771/1771/1771 1772/1772/1772
f 1760/1760/1760 1773/1773/1773 1761/1761/1761
f 1760/1760/1760 1772/1772/1772 1773/1773/1773
f 1761/1761/1761 1774/1774/1774 1762/1762/1762
f 1761/1761/1761 1773/1773/1773 1774/1774/1774
f 1762/1762/1762 1763/1763/1763 1751/1751/1751
f 1762/1762/1762 1774/1774/1774 1763/1763/1763
f 1775/1775/1775 1715/1715/1715 1716/1716/1716
f 1763/1763/1763 1776/1776/1776 1764/1764/1764
f 1775/1775/1775 1716/1716/1716 1717/1717/1717
f 1764/1764/1764 1776/1776/1776 1765/1765/1765
f 1775/1775/1775 1717/1717/1717 1718/1718/1718
f 1765/1765/1765 1776/1776/1776 1766/1766/1766
f 1775/1775/1775 1718/1718/1718 1719/1719/1719
f 1766/1766/1766 1776/1776/1776 1767/1767/1767
f 1775/1775/1775 1719/1719/1719 1720/1720/1720
f 1767/1767/1767 1776/1776/1776 1768/1768/1768
f 1775/1775/1775 1720/1720/1720 1721/1721/1721
f 1768/1768/1768 1776/1776/1776 1769/1769/1769
f 1775/1775/1775 1721/1721/1721 1722/1722/1722
f 1769/1769/1769 1776/1776/1776 1770/1770/1770
f 1775/1775/1775 1722/1722/1722 1723/1723/1723
f 1770/1770/1770 1776/1776/1776 1771/1771/1771
f 1775/1775/1775 1723/1723/1723 1724/1724/1724
f 1771/1771/1771 1776/1776/1776 1772/1772/1772
f 1775/1775/1775 1724/1724/1724 1725/1725/1725
f 1772/1772/1772 1776/1776/1776 1773/1773/1773
f 1775/1775/1775 1725/1725/1725 1726/1726/1726
f 1773/1773/1773 1776/1776/1776 1774/1774/1774
f 1775/1775/1775 1726/1726/1726 1715/1715/1715
f 1774/1774/1774 1776/1776/1776 1763/1763/1763
usemtl rope
v 0.013650813 0.40161078 -0.005 0.84 0.76 0.61
v 0.031139398 0.38389266 -0.005 0.84 0.76 0.61
v 0.013650813 0.36617454 -0.005 0.84 0.76 0.61
v -0.003837773 0.38389266 -0.005 0.84 0.76 0.61
v -0.010178076 0.3939431 0.02542439 0.84 0.76 0.61
v 0.0083322804 0.38192611 0.032592072 0.84 0.76 0.61
v 0.0018136354 0.36065456 0.02542439 0.84 0.76 0.61
v -0.016696721 0.37267155 0.018256709 0.84 0.76 0.61
v -0.058898827 0.37592843 0.04769659 0.84 0.76 0.61
v -0.046908176 0.36150075 0.05799715 0.84 0.76 0.61
v -0.046907116 0.34263989 0.04769659 0.84 0.76 0.61
v -0.058897768 0.35706756 0.03739603 0.84 0.76 0.61
v -0.12545261 0.35131992 0.05584878 0.84 0.76 0.61
v -0.11945676 0.33467565 0.066912195 0.84 0.76 0.61
v -0.1134609 0.31803138 0.05584878 0.84 0.76 0.61
v -0.11945676 0.33467565 0.044785366 0.84 0.76 0.61
v -0.1920064 0.32671142 0.04769659 0.84 0.76 0.61
v -0.19200534 0.30785055 0.05799715 0.84 0.76 0.61
v -0.18001468 0.29342288 0.04769659 0.84 0.76 0.61
v -0.18001574 0.31228375 0.03739603 0.84 0.76 0.61
v -0.24072715 0.30869674 0.02542439 0.84 0.76 0.61
v -0.24724579 0.28742519 0.032592072 0.84 0.76 0.61
v -0.22873544 0.2754082 0.02542439 0.84 0.76 0.61
v -0.22221679 0.29667976 0.018256709 0.84 0.76 0.61
v -0.25256432 0.26774052 -0.005 0.84 0.76 0.61
v -0.23507574 0.28545864 -0.005 0.84 0.76 0.61
v -0.25256432 0.30317677 -0.005 0.84 0.76 0.61
v -0.27005291 0.28545864 -0.005 0.84 0.76 0.61
v -0.22873544 0.2754082 -0.03542439 0.84 0.76 0.61
v -0.22221679 0.29667976 -0.028256709 0.84 0.76 0.61
v -0.24072715 0.30869674 -0.03542439 0.84 0.76 0.61
v -0.24724579 0.28742519 -0.042592072 0.84 0.76 0.61
v -0.18001468 0.29342288 -0.05769659 0.84 0.76 0.61
v -0.18001574 0.31228375 -0.04739603 0.84 0.76 0.61
v -0.1920064 0.32671142 -0.05769659 0.84 0.76 0.61
v -0.19200534 0.30785055 -0.06799715 0.84 0.76 0.61
v -0.1134609 0.31803138 -0.06584878 0.84 0.76 0.61
v -0.11945676 0.33467565 -0.054785366 0.84 0.76 0.61
v -0.12545261 0.35131992 -0.06584878 0.84 0.76 0.61
v -0.11945676 0.33467565 -0.076912195 0.84 0.76 0.61
v -0.046907116 0.34263989 -0.05769659 0.84 0.76 0.61
v -0.058897768 0.35706756 -0.04739603 0.84 0.76 0.61
v -0.058898827 0.37592843 -0.05769659 0.84 0.76 0.61
v -0.046908176 0.36150075 -0.06799715 0.84 0.76 0.61
v 0.0018136354 0.36065456 -0.03542439 0.84 0.76 0.61
v -0.016696721 0.37267155 -0.028256709 0.84 0.76 0.61
v -0.010178076 0.3939431 -0.03542439 0.84 0.76 0.61
v 0.0083322804 0.38192611 -0.042592072 0.84 0.76 0.61
vt 0 0
vt 0 0
vt 0 0
vt 0 0
vt 0 0
vt 0 0
vt 0 0
vt 0 0
vt 0 0
vt 0 0
vt 0 0
vt 0 0
vt 0 0
vt 0 0
vt 0 0
vt 0 0
vt 0 0
vt 0 0
vt 0 0
vt 0 0
vt 0 0
vt 0 0
vt 0 0
vt 0 0
vt 0 0
vt 0 0
vt 0 0
vt 0 0
vt 0 0
vt 0 0
vt 0 0
vt 0 0
vt 0 0
vt 0 0
vt 0 0
vt 0 0
vt 0 0
vt 0 0
vt 0 0
vt 0 0
vt 0 0
vt 0 0
vt 0 0
vt 0 0
vt 0 0
vt 0 0
vt 0 0
vt 0 0
vn 0.39746048 0.89879626 -0.18490658
vn 0.9450059 -0.31757155 0.078180283
vn -0.32747994 -0.91220264 -0.24625845
vn -0.82532719 0.39691001 -0.40161856
vn -0.28289754 0.92605034 0.24979944
vn 0.59208208 0.14350027 0.79299841
vn 0.3624029 -0.92428675 -0.11982549
vn -0.59837997 -0.12610301 -0.79122654
vn -0.3821403 0.9148899 0.13017398
vn 0.23417908 0.067331786 0.96985906
vn 0.4135693 -0.91018866 -0.022738626
vn -0.22948152 -0.062953734 -0.97127497
vn -0.40304213 0.91392797 0.047882194
vn -1.6431654e-17 6.4875131e-17 1
vn 0.40304213 -0.91392797 0.047882194
vn 1.8531158e-17 -1.8291088e-17 -1
vn -0.4135693 0.91018866 -0.022738626
vn -0.23417908 -0.067331786 0.96985906
vn 0.3821403 -0.9148899 0.13017398
vn 0.22948152 0.062953734 -0.97127497
vn -0.20481117 0.81459331 -0.54266945
vn -0.62547486 0.080498925 0.77608062
vn -0.074969445 -0.96144244 0.26459029
vn 0.40329671 -0.14340533 -0.90376251
vn 0.41416083 -0.85526338 0.31144077
vn 0.72755995 0.43948365 0.52679279
vn -0.52772612 0.81316086 0.24550877
vn -0.87321543 -0.47714 -0.099157619
vn 0.20072051 -0.97357498 0.10891757
vn 0.51818385 0.18511055 0.83499676
vn -0.32419682 0.92998891 -0.17325431
vn -0.56737477 -0.20310494 -0.79801895
vn 0.27796524 -0.96032131 0.022766176
vn 0.21663271 0.097753874 0.97134672
vn -0.30494612 0.94341898 -0.13026315
vn -0.22308159 -0.097390822 -0.96992249
vn 0.2884165 -0.95630462 -0.047931221
vn 3.2429526e-16 -5.4873264e-17 1
vn -0.2884165 0.95630462 -0.047931221
vn -2.9576977e-16 8.1093913e-17 -1
vn 0.30494612 -0.94341898 -0.13026315
vn -0.21663271 -0.097753874 0.97134672
vn -0.27796524 0.96032131 0.022766176
vn 0.22308159 0.097390822 -0.96992249
vn 0.68008123 -0.65623855 -0.32686463
vn -0.25704287 -0.46139332 0.84914378
vn -0.50455064 0.70187736 0.50278904
vn 0.41225597 0.50051905 -0.76126585
f 1777/1777/1777 1782/1782/1782 1778/1778/1778
f 1777/1777/1777 1781/1781/1781 1782/1782/1782
f 1778/1778/1778 1783/1783/1783 1779/1779/1779
f 1778/1778/1778 1782/1782/1782 1783/1783/1783
f 1779/1779/1779 1784/1784/1784 1780/1780/1780
f 1779/1779/1779 1783/1783/1783 1784/1784/1784
f 1780/1780/1780 1781/1781/1781 1777/1777/1777
f 1780/1780/1780 1784/1784/1784 1781/1781/1781
f 1781/1781/1781 1786/1786/1786 1782/1782/1782
f 1781/1781/1781 1785/1785/1785 1786/1786/1786
f 1782/1782/1782 1787/1787/1787 1783/1783/1783
f 1782/1782/1782 1786/1786/1786 1787/1787/1787
f 1783/1783/1783 1788/1788/1788 1784/1784/1784
f 1783/1783/1783 1787/1787/1787 1788/1788/1788
f 1784/1784/1784 1785/1785/1785 1781/1781/1781
f 1784/1784/1784 1788/1788/1788 1785/1785/1785
f 1785/1785/1785 1790/1790/1790 1786/1786/1786
f 1785/1785/1785 1789/1789/1789 1790/1790/1790
f 1786/1786/1786 1791/1791/1791 1787/1787/1787
f 1786/1786/1786 1790/1790/1790 1791/1791/1791
f 1787/1787/1787 1792/1792/1792 1788/1788/1788
f 1787/1787/1787 1791/1791/1791 1792/1792/1792
f 1788/1788/1788 1789/1789/1789 1785/1785/1785
f 1788/1788/1788 1792/1792/1792 1789/1789/1789
f 1789/1789/1789 1794/1794/1794 1790/1790/1790
f 1789/1789/1789 1793/1793/1793 1794/1794/1794
f 1790/1790/1790 1795/1795/1795 1791/1791/1791
f 1790/1790/1790 1794/1794/1794 1795/1795/1795
f 1791/1791/1791 1796/1796/1796 1792/1792/1792
f 1791/1791/1791 1795/1795/1795 1796/1796/1796
f 1792/1792/1792 1793/1793/1793 1789/1789/1789
f 1792/1792/1792 1796/1796/1796 1793/1793/1793
f 1793/1793/1793 1798/1798/1798 1794/1794/1794
f 1793/1793/1793 1797/1797/1797 1798/1798/1798
f 1794/1794/1794 1799/1799/1799 1795/1795/1795
f 1794/1794/1794 1798/1798/1798 1799/1799/1799
f 1795/1795/1795 1800/1800/1800 1796/1796/1796
f 1795/1795/1795 1799/1799/1799 1800/1800/1800
f 1796/1796/1796 1797/1797/1797 1793/1793/1793
f 1796/1796/1796 1800/1800/1800 1797/1797/1797
f 1797/1797/1797 1802/1802/1802 1798/1798/1798
f 1797/1797/1797 1801/1801/1801 1802/1802/1802
f 1798/1798/1798 1803/1803/1803 1799/1799/1799
f 1798/1798/1798 1802/1802/1802 1803/1803/1803
f 1799/1799/1799 1804/1804/1804 1800/1800/1800
f 1799/1799/1799 1803/1803/1803 1804/1804/1804
f 1800/1800/1800 1801/1801/1801 1797/1797/1797
f 1800/1800/1800 1804/1804/1804 1801/1801/1801
f 1801/1801/1801 1806/1806/1806 1802/1802/1802
f 1801/1801/1801 1805/1805/1805 1806/1806/1806
f 1802/1802/1802 1807/1807/1807 1803/1803/1803
f 1802/1802/1802 1806/1806/1806 1807/1807/1807
f 1803/1803/1803 1808/1808/1808 1804/1804/1804
f 1803/1803/1803 1807/1807/1807 1808/1808/1808
f 1804/1804/1804 1805/1805/1805 1801/1801/1801
f 1804/1804/1804 1808/1808/1808 1805/1805/1805
f 1805/1805/1805 1810/1810/1810 1806/1806/1806
f 1805/1805/1805 1809/1809/1809 1810/1810/1810
f 1806/1806/1806 1811/1811/1811 1807/1807/1807
f 1806/1806/1806 1810/1810/1810 1811/1811/1811
f 1807/1807/1807 1812/1812/1812 1808/1808/1808
f 1807/1807/1807 1811/1811/1811 1812/1812/1812
f 1808/1808/1808 1809/1809/1809 1805/1805/1805
f 1808/1808/1808 1812/1812/1812 1809/1809/1809
f 1809/1809/1809 1814/1814/1814 1810/1810/1810
f 1809/1809/1809 1813/1813/1813 1814/1814/1814
f 1810/1810/1810 1815/1815/1815 1811/1811/1811
f 1810/1810/1810 1814/1814/1814 1815/1815/1815
f 1811/1811/1811 1816/1816/1816 1812/1812/1812
f 1811/1811/1811 1815/1815/1815 1816/1816/1816
f 1812/1812/1812 1813/1813/1813 1809/1809/1809
f 1812/1812/1812 1816/1816/1816 1813/1813/1813
f 1813/1813/1813 1818/1818/1818 1814/1814/1814
f 1813/1813/1813 1817/1817/1817 1818/1818/1818
f 1814/1814/1814 1819/1819/1819 1815/1815/1815
f 1814/1814/1814 1818/1818/1818 1819/1819/1819
f 1815/1815/1815 1820/1820/1820 1816/1816/1816
f 1815/1815/1815 1819/1819/1819 1820/1820/1820
f 1816/1816/1816 1817/1817/1817 1813/1813/1813
f 1816/1816/1816 1820/1820/1820 1817/1817/1817
f 1817/1817/1817 1822/1822/1822 1818/1818/1818
f 1817/1817/1817 1821/1821/1821 1822/1822/1822
f 1818/1818/1818 1823/1823/1823 1819/1819/1819
f 1818/1818/1818 1822/1822/1822 1823/1823/1823
f 1819/1819/1819 1824/1824/1824 1820/1820/1820
f 1819/1819/1819 1823/1823/1823 1824/1824/1824
f 1820/1820/1820 1821/1821/1821 1817/1817/1817
f 1820/1820/1820 1824/1824/1824 1821/1821/1821
f 1821/1821/1821 1778/1778/1778 1822/1822/1822
f 1821/1821/1821 1777/1777/1777 1778/1778/1778
f 1822/1822/1822 1779/1779/1779 1823/1823/1823
f 1822/1822/1822 1778/1778/1778 1779/1779/1779
f 1823/1823/1823 1780/1780/1780 1824/1824/1824
f 1823/1823/1823 1779/1779/1779 1780/1780/1780
f 1824/1824/1824 1777/1777/1777 1821/1821/1821
f 1824/1824/1824 1780/1780/1780 1777/1777/1777
usemtl rope
v 0.019480341 0.30317677 -0.005 0.84 0.76 0.61
v 0.036968927 0.28545864 -0.005 0.84 0.76 0.61
v 0.019480341 0.26774052 -0.005 0.84 0.76 0.61
v 0.0019917556 0.28545864 -0.005 0.84 0.76 0.61
v 0.0066385189 0.30877769 0.027268293 0.84 0.76 0.61
v 0.013550752 0.28755914 0.03434912 0.84 0.76 0.61
v -0.0049059194 0.27532725 0.027268293 0.84 0.76 0.61
v -0.011818152 0.29654581 0.020187465 0.84 0.76 0.61
v -0.044215988 0.32679237 0.050890322 0.84 0.76 0.61
v -0.043854813 0.30789446 0.061161835 0.84 0.76 0.61
v -0.055760427 0.29334193 0.050890322 0.84 0.76 0.61
v -0.056121601 0.31223984 0.040618809 0.84 0.76 0.61
v -0.11368454 0.35140087 0.059536585 0.84 0.76 0.61
v -0.11945676 0.33467565 0.0706 0.84 0.76 0.61
v -0.12522898 0.31795043 0.059536585 0.84 0.76 0.61
v -0.11945676 0.33467565 0.048473171 0.84 0.76 0.61
v -0.18315309 0.37600938 0.050890322 0.84 0.76 0.61
v -0.1950587 0.36145685 0.061161835 0.84 0.76 0.61
v -0.19469752 0.34255894 0.050890322 0.84 0.76 0.61
v -0.18279191 0.35711147 0.040618809 0.84 0.76 0.61
v -0.23400759 0.39402405 0.027268293 0.84 0.76 0.61
v -0.25246426 0.38179217 0.03434912 0.84 0.76 0.61
v -0.24555203 0.36057361 0.027268293 0.84 0.76 0.61
v -0.22709536 0.3728055 0.020187465 0.84 0.76 0.61
v -0.25839385 0.36617454 -0.005 0.84 0.76 0.61
v -0.24090527 0.38389266 -0.005 0.84 0.76 0.61
v -0.25839385 0.40161078 -0.005 0.84 0.76 0.61
v -0.27588244 0.38389266 -0.005 0.84 0.76 0.61
v -0.24555203 0.36057361 -0.037268293 0.84 0.76 0.61
v -0.22709536 0.3728055 -0.030187465 0.84 0.76 0.61
v -0.23400759 0.39402405 -0.037268293 0.84 0.76 0.61
v -0.25246426 0.38179217 -0.04434912 0.84 0.76 0.61
v -0.19469752 0.34255894 -0.060890322 0.84 0.76 0.61
v -0.18279191 0.35711147 -0.050618809 0.84 0.76 0.61
v -0.18315309 0.37600938 -0.060890322 0.84 0.76 0.61
v -0.1950587 0.36145685 -0.071161835 0.84 0.76 0.61
v -0.12522898 0.31795043 -0.069536585 0.84 0.76 0.61
v -0.11945676 0.33467565 -0.058473171 0.84 0.76 0.61
v -0.11368454 0.35140087 -0.069536585 0.84 0.76 0.61
v -0.11945676 0.33467565 -0.0806 0.84 0.76 0.61
v -0.055760427 0.29334193 -0.060890322 0.84 0.76 0.61
v -0.056121601 0.31223984 -0.050618809 0.84 0.76 0.61
v -0.044215988 0.32679237 -0.060890322 0.84 0.76 0.61
v -0.043854813 0.30789446 -0.071161835 0.84 0.76 0.61
v -0.0049059194 0.27532725 -0.037268293 0.84 0.76 0.61
v -0.011818152 0.29654581 -0.030187465 0.84 0.76 0.61
v 0.0066385189 0.30877769 -0.037268293 0.84 0.76 0.61
v 0.013550752 0.28755914 -0.04434912 0.84 0.76 0.61
vt 0 0
vt 0 0
vt 0 0
vt 0 0
vt 0 0
vt 0 0
vt 0 0
vt 0 0
vt 0 0
vt 0 0
vt 0 0
vt 0 0
vt 0 0
vt 0 0
vt 0 0
vt 0 0
vt 0 0
vt 0 0
vt 0 0
vt 0 0
vt 0 0
vt 0 0
vt 0 0
vt 0 0
vt 0 0
vt 0 0
vt 0 0
vt 0 0
vt 0 0
vt 0 0
vt 0 0
vt 0 0
vt 0 0
vt 0 0
vt 0 0
vt 0 0
vt 0 0
vt 0 0
vt 0 0
vt 0 0
vt 0 0
vt 0 0
vt 0 0
vt 0 0
vt 0 0
vt 0 0
vt 0 0
vt 0 0
vn 0.5252331 0.81831341 -0.2334381
vn 0.87394411 -0.47524949 0.10178217
vn -0.42091975 -0.85872615 -0.2922601
vn -0.73822287 0.44313063 -0.50858848
vn 0.30810603 0.93593939 0.17055246
vn 0.57676805 -0.19653973 0.79291282
vn -0.19188379 -0.97533173 -0.10912665
vn -0.53218023 0.1806393 -0.82713581
vn 0.29079397 0.94814022 0.12833154
vn 0.22894558 -0.095331018 0.96875999
vn -0.26401162 -0.96421446 -0.024255638
vn -0.2228976 0.095737205 -0.9701294
vn 0.27403705 0.96057071 0.046985105
vn 1.1481497e-16 4.689416e-17 1
vn -0.27403705 -0.96057071 0.046985105
vn -1.4253941e-16 -5.2759807e-17 -1
vn 0.26401162 0.96421446 -0.024255638
vn -0.22894558 0.095331018 0.96875999
vn -0.29079397 -0.94814022 0.12833154
vn 0.2228976 -0.095737205 -0.9701294
vn 0.50316145 0.70667998 -0.49742534
vn -0.42120942 0.49879617 0.75748598
vn -0.67160878 -0.66579667 0.32504838
vn 0.27162073 -0.46237246 -0.84405799
vn 0.33450676 -0.91332379 0.23226037
vn 0.83004077 0.39702419 0.39166837
vn -0.39993205 0.89914395 0.17774847
vn -0.94247988 -0.32434643 -0.080815073
vn -0.35030205 -0.92887755 0.120312
vn 0.6065546 -0.1244794 0.78523652
vn 0.27428227 0.93049788 -0.24278164
vn -0.6002398 0.14007388 -0.78745888
vn -0.40174182 -0.91543245 0.024226943
vn 0.23475633 -0.062209934 0.97006154
vn 0.37086911 0.91978782 -0.1282438
vn -0.23923175 0.066247659 -0.96869986
vn -0.39168002 -0.91890349 -0.046937627
vn 1.9599169e-16 -2.9897224e-16 1
vn 0.39168002 0.91890349 -0.046937627
vn -1.821203e-16 2.6573357e-16 -1
vn -0.37086911 -0.91978782 -0.1282438
vn -0.23475633 0.062209934 0.97006154
vn 0.40174182 0.91543245 0.024226943
vn 0.23923175 -0.066247659 -0.96869986
vn 0.086033017 -0.95974266 -0.26738051
vn -0.41472002 -0.14870358 0.8977163
vn 0.17882574 0.8247422 0.53649013
vn 0.62730791 0.091469185 -0.773381
f 1825/1825/1825 1830/1830/1830 1826/1826/1826
f 1825/1825/1825 1829/1829/1829 1830/1830/1830
f 1826/1826/1826 1831/1831/1831 1827/1827/1827
f 1826/1826/1826 1830/1830/1830 1831/1831/1831
f 1827/1827/1827 1832/1832/1832 1828/1828/1828
f 1827/1827/1827 1831/1831/1831 1832/1832/1832
f 1828/1828/1828 1829/1829/1829 1825/1825/1825
f 1828/1828/1828 1832/1832/1832 1829/1829/1829
f 1829/1829/1829 1834/1834/1834 1830/1830/1830
f 1829/1829/1829 1833/1833/1833 1834/1834/1834
f 1830/1830/1830 1835/1835/1835 1831/1831/1831
f 1830/1830/1830 1834/1834/1834 1835/1835/1835
f 1831/1831/1831 1836/1836/1836 1832/1832/1832
f 1831/1831/1831 1835/1835/1835 1836/1836/1836
f 1832/1832/1832 1833/1833/1833 1829/1829/1829
f 1832/1832/1832 1836/1836/1836 1833/1833/1833
f 1833/1833/1833 1838/1838/1838 1834/1834/1834
f 1833/1833/1833 1837/1837/1837 1838/1838/1838
f 1834/1834/1834 1839/1839/1839 1835/1835/1835
f 1834/1834/1834 1838/1838/1838 1839/1839/1839
f 1835/1835/1835 1840/1840/1840 1836/1836/1836
f 1835/1835/1835 1839/1839/1839 1840/1840/1840
f 1836/1836/1836 1837/1837/1837 1833/1833/1833
f 1836/1836/1836 1840/1840/1840 1837/1837/1837
f 1837/1837/1837 1842/1842/1842 1838/1838/1838
f 1837/1837/1837 1841/1841/1841 1842/1842/1842
f 1838/1838/1838 1843/1843/1843 1839/1839/1839
f 1838/1838/1838 1842/1842/1842 1843/1843/1843
f 1839/1839/1839 1844/1844/1844 1840/1840/1840
f 1839/1839/1839 1843/1843/1843 1844/1844/1844
f 1840/1840/1840 1841/1841/1841 1837/1837/1837
f 1840/1840/1840 1844/1844/1844 1841/1841/1841
f 1841/1841/1841 1846/1846/1846 1842/1842/1842
f 1841/1841/1841 1845/1845/1845 1846/1846/1846
f 1842/1842/1842 1847/1847/1847 1843/1843/1843
f 1842/1842/1842 1846/1846/1846 1847/1847/1847
f 1843/1843/1843 1848/1848/1848 1844/1844/1844
f 1843/1843/1843 1847/1847/1847 1848/1848/1848
f 1844/1844/1844 1845/1845/1845 1841/1841/1841
f 1844/1844/1844 1848/1848/1848 1845/1845/1845
f 1845/1845/1845 1850/1850/1850 1846/1846/1846
f 1845/1845/1845 1849/1849/1849 1850/1850/1850
f 1846/1846/1846 1851/1851/1851 1847/1847/1847
f 1846/1846/1846 1850/1850/1850 1851/1851/1851
f 1847/1847/1847 1852/1852/1852 1848/1848/1848
f 1847/1847/1847 1851/1851/1851 1852/1852/1852
f 1848/1848/1848 1849/1849/1849 1845/1845/1845
f 1848/1848/1848 1852/1852/1852 1849/1849/1849
f 1849/1849/1849 1854/1854/1854 1850/1850/1850
f 1849/1849/1849 1853/1853/1853 1854/1854/1854
f 1850/1850/1850 1855/1855/1855 1851/1851/1851
f 1850/1850/1850 1854/1854/1854 1855/1855/1855
f 1851/1851/1851 1856/1856/1856 1852/1852/1852
f 1851/1851/1851 1855/1855/1855 1856/1856/1856
f 1852/1852/1852 1853/1853/1853 1849/1849/1849
f 1852/1852/1852 1856/1856/1856 1853/1853/1853
f 1853/1853/1853 1858/1858/1858 1854/1854/1854
f 1853/1853/1853 1857/1857/1857 1858/1858/1858
f 1854/1854/1854 1859/1859/1859 1855/1855/1855
f 1854/1854/1854 1858/1858/1858 1859/1859/1859
f 1855/1855/1855 1860/1860/1860 1856/1856/1856
f 1855/1855/1855 1859/1859/1859 1860/1860/1860
f 1856/1856/1856 1857/1857/1857 1853/1853/1853
f 1856/1856/1856 1860/1860/1860 1857/1857/1857
f 1857/1857/1857 1862/1862/1862 1858/1858/1858
f 1857/1857/1857 1861/1861/1861 1862/1862/1862
f 1858/1858/1858 1863/1863/1863 1859/1859/1859
f 1858/1858/1858 1862/1862/1862 1863/1863/1863
f 1859/1859/1859 1864/1864/1864 1860/1860/1860
f 1859/1859/1859 1863/1863/1863 1864/1864/1864
f 1860/1860/1860 1861/1861/1861 1857/1857/1857
f 1860/1860/1860 1864/1864/1864 1861/1861/1861
f 1861/1861/1861 1866/1866/1866 1862/1862/1862
f 1861/1861/1861 1865/1865/1865 1866/1866/1866
f 1862/1862/1862 1867/1867/1867 1863/1863/1863
f 1862/1862/1862 1866/1866/1866 1867/1867/1867
f 1863/1863/1863 1868/1868/1868 1864/1864/1864
f 1863/1863/1863 1867/1867/1867 1868/1868/1868
f 1864/1864/1864 1865/1865/1865 1861/1861/1861
f 1864/1864/1864 1868/1868/1868 1865/1865/1865
f 1865/1865/1865 1870/1870/1870 1866/1866/1866
f 1865/1865/1865 1869/1869/1869 1870/1870/1870
f 1866/1866/1866 1871/1871/1871 1867/1867/1867
f 1866/1866/1866 1870/1870/1870 1871/1871/1871
f 1867/1867/1867 1872/1872/1872 1868/1868/1868
f 1867/1867/1867 1871/1871/1871 1872/1872/1872
f 1868/1868/1868 1869/1869/1869 1865/1865/1865
f 1868/1868/1868 1872/1872/1872 1869/1869/1869
f 1869/1869/1869 1826/1826/1826 1870/1870/1870
f 1869/1869/1869 1825/1825/1825 1826/1826/1826
f 1870/1870/1870 1827/1827/1827 1871/1871/1871
f 1870/1870/1870 1826/1826/1826 1827/1827/1827
f 1871/1871/1871 1828/1828/1828 1872/1872/1872
f 1871/1871/1871 1827/1827/1827 1828/1828/1828
f 1872/1872/1872 1825/1825/1825 1869/1869/1869
f 1872/1872/1872 1828/1828/1828 1825/1825/1825
usemtl rope
v 0.013650813 0.95284127 -0.005 0.84 0.76 0.61
v 0.031139398 0.93512315 -0.005 0.84 0.76 0.61
v 0.013650813 0.91740502 -0.005 0.84 0.76 0.61
v -0.003837773 0.93512315 -0.005 0.84 0.76 0.61
v -0.010178076 0.94517359 0.02542439 0.84 0.76 0.61
v 0.0083322804 0.9331566 0.032592072 0.84 0.76 0.61
v 0.0018136354 0.91188505 0.02542439 0.84 0.76 0.61
v -0.016696721 0.92390204 0.018256709 0.84 0.76 0.61
v -0.058898827 0.92715891 0.04769659 0.84 0.76 0.61
v -0.046908176 0.91273124 0.05799715 0.84 0.76 0.61
v -0.046907116 0.89387037 0.04769659 0.84 0.76 0.61
v -0.058897768 0.90829804 0.03739603 0.84 0.76 0.61
v -0.12545261 0.90255041 0.05584878 0.84 0.76 0.61
v -0.11945676 0.88590614 0.066912195 0.84 0.76 0.61
v -0.1134609 0.86926187 0.05584878 0.84 0.76 0.61
v -0.11945676 0.88590614 0.044785366 0.84 0.76 0.61
v -0.1920064 0.8779419 0.04769659 0.84 0.76 0.61
v -0.19200534 0.85908104 0.05799715 0.84 0.76 0.61
v -0.18001468 0.84465337 0.04769659 0.84 0.76 0.61
v -0.18001574 0.86351423 0.03739603 0.84 0.76 0.61
v -0.24072715 0.85992723 0.02542439 0.84 0.76 0.61
v -0.24724579 0.83865568 0.032592072 0.84 0.76 0.61
v -0.22873544 0.82663869 0.02542439 0.84 0.76 0.61
v -0.22221679 0.84791024 0.018256709 0.84 0.76 0.61
v -0.25256432 0.81897101 -0.005 0.84 0.76 0.61
v -0.23507574 0.83668913 -0.005 0.84 0.76 0.61
v -0.25256432 0.85440725 -0.005 0.84 0.76 0.61
v -0.27005291 0.83668913 -0.005 0.84 0.76 0.61
v -0.22873544 0.82663869 -0.03542439 0.84 0.76 0.61
v -0.22221679 0.84791024 -0.028256709 0.84 0.76 0.61
v -0.24072715 0.85992723 -0.03542439 0.84 0.76 0.61
v -0.24724579 0.83865568 -0.042592072 0.84 0.76 0.61
v -0.18001468 0.84465337 -0.05769659 0.84 0.76 0.61
v -0.18001574 0.86351423 -0.04739603 0.84 0.76 0.61
v -0.1920064 0.8779419 -0.05769659 0.84 0.76 0.61
v -0.19200534 0.85908104 -0.06799715 0.84 0.76 0.61
v -0.1134609 0.86926187 -0.06584878 0.84 0.76 0.61
v -0.11945676 0.88590614 -0.054785366 0.84 0.76 0.61
v -0.12545261 0.90255041 -0.06584878 0.84 0.76 0.61
v -0.11945676 0.88590614 -0.076912195 0.84 0.76 0.61
v -0.046907116 0.89387037 -0.05769659 0.84 0.76 0.61
v -0.058897768 0.90829804 -0.04739603 0.84 0.76 0.61
v -0.058898827 0.92715891 -0.05769659 0.84 0.76 0.61
v -0.046908176 0.91273124 -0.06799715 0.84 0.76 0.61
v 0.0018136354 0.91188505 -0.03542439 0.84 0.76 0.61
v -0.016696721 0.92390204 -0.028256709 0.84 0.76 0.61
v -0.010178076 0.94517359 -0.03542439 0.84 0.76 0.61
v 0.0083322804 0.9331566 -0.042592072 0.84 0.76 0.61
vt 0 0
vt 0 0
vt 0 0
vt 0 0
vt 0 0
vt 0 0
vt 0 0
vt 0 0
vt 0 0
vt 0 0
vt 0 0
vt 0 0
vt 0 0
vt 0 0
vt 0 0
vt 0 0
vt 0 0
vt 0 0
vt 0 0
vt 0 0
vt 0 0
vt 0 0
vt 0 0
vt 0 0
vt 0 0
vt 0 0
vt 0 0
vt 0 0
vt 0 0
vt 0 0
vt 0 0
vt 0 0
vt 0 0
vt 0 0
vt 0 0
vt 0 0
vt 0 0
vt 0 0
vt 0 0
vt 0 0
vt 0 0
vt 0 0
vt 0 0
vt 0 0
vt 0 0
vt 0 0
vt 0 0
vt 0 0
vn 0.39746048 0.89879626 -0.18490658
vn 0.9450059 -0.31757155 0.078180283
vn -0.32747994 -0.91220264 -0.24625845
vn -0.82532719 0.39691001 -0.40161856
vn -0.28289754 0.92605034 0.24979944
vn 0.59208208 0.14350027 0.79299841
vn 0.3624029 -0.92428675 -0.11982549
vn -0.59837997 -0.12610301 -0.79122654
vn -0.3821403 0.9148899 0.13017398
vn 0.23417908 0.067331786 0.96985906
vn 0.4135693 -0.91018866 -0.022738626
vn -0.22948152 -0.062953734 -0.97127497
vn -0.40304213 0.91392797 0.047882194
vn 5.7510788e-17 6.4875131e-17 1
vn 0.40304213 -0.91392797 0.047882194
vn -6.4859052e-17 1.8291088e-17 -1
vn -0.4135693 0.91018866 -0.022738626
vn -0.23417908 -0.067331786 0.96985906
vn 0.3821403 -0.9148899 0.13017398
vn 0.22948152 0.062953734 -0.97127497
vn -0.20481117 0.81459331 -0.54266945
vn -0.62547486 0.080498925 0.77608062
vn -0.074969445 -0.96144244 0.26459029
vn 0.40329671 -0.14340533 -0.90376251
vn 0.41416083 -0.85526338 0.31144077
vn 0.72755995 0.43948365 0.52679279
vn -0.52772612 0.81316086 0.24550877
vn -0.87321543 -0.47714 -0.099157619
vn 0.20072051 -0.97357498 0.10891757
vn 0.51818385 0.18511055 0.83499676
vn -0.32419682 0.92998891 -0.17325431
vn -0.56737477 -0.20310494 -0.79801895
vn 0.27796524 -0.96032131 0.022766176
vn 0.21663271 0.097753874 0.97134672
vn -0.30494612 0.94341898 -0.13026315
vn -0.22308159 -0.097390822 -0.96992249
vn 0.2884165 -0.95630462 -0.047931221
vn 2.4090505e-16 -5.4873264e-17 1
vn -0.2884165 0.95630462 -0.047931221
vn -2.2182732e-16 8.1093913e-17 -1
vn 0.30494612 -0.94341898 -0.13026315
vn -0.21663271 -0.097753874 0.97134672
vn -0.27796524 0.96032131 0.022766176
vn 0.22308159 0.097390822 -0.96992249
vn 0.68008123 -0.65623855 -0.32686463
vn -0.25704287 -0.46139332 0.84914378
vn -0.50455064 0.70187736 0.50278904
vn 0.41225597 0.50051905 -0.76126585
f 1873/1873/1873 1878/1878/1878 1874/1874/1874
f 1873/1873/1873 1877/1877/1877 1878/1878/1878
f 1874/1874/1874 1879/1879/1879 1875/1875/1875
f 1874/1874/1874 1878/1878/1878 1879/1879/1879
f 1875/1875/1875 1880/1880/1880 1876/1876/1876
f 1875/1875/1875 1879/1879/1879 1880/1880/1880
f 1876/1876/1876 1877/1877/1877 1873/1873/1873
f 1876/1876/1876 1880/1880/1880 1877/1877/1877
f 1877/1877/1877 1882/1882/1882 1878/1878/1878
f 1877/1877/1877 1881/1881/1881 1882/1882/1882
f 1878/1878/1878 1883/1883/1883 1879/1879/1879
f 1878/1878/1878 1882/1882/1882 1883/1883/1883
f 1879/1879/1879 1884/1884/1884 1880/1880/1880
f 1879/1879/1879 1883/1883/1883 1884/1884/1884
f 1880/1880/1880 1881/1881/1881 1877/1877/1877
f 1880/1880/1880 1884/1884/1884 1881/1881/1881
f 1881/1881/1881 1886/1886/1886 1882/1882/1882
f 1881/1881/1881 1885/1885/1885 1886/1886/1886
f 1882/1882/1882 1887/1887/1887 1883/1883/1883
f 1882/1882/1882 1886/1886/1886 1887/1887/1887
f 1883/1883/1883 1888/1888/1888 1884/1884/1884
f 1883/1883/1883 1887/1887/1887 1888/1888/1888
f 1884/1884/1884 1885/1885/1885 1881/1881/1881
f 1884/1884/1884 1888/1888/1888 1885/1885/1885
f 1885/1885/1885 1890/1890/1890 1886/1886/1886
f 1885/1885/1885 1889/1889/1889 1890/1890/1890
f 1886/1886/1886 1891/1891/1891 1887/1887/1887
f 1886/1886/1886 1890/1890/1890 1891/1891/1891
f 1887/1887/1887 1892/1892/1892 1888/1888/1888
f 1887/1887/1887 1891/1891/1891 1892/1892/1892
f 1888/1888/1888 1889/1889/1889 1885/1885/1885
f 1888/1888/1888 1892/1892/1892 1889/1889/1889
f 1889/1889/1889 1894/1894/1894 1890/1890/1890
f 1889/1889/1889 1893/1893/1893 1894/1894/1894
f 1890/1890/1890 1895/1895/1895 1891/1891/1891
f 1890/1890/1890 1894/1894/1894 1895/1895/1895
f 1891/1891/1891 1896/1896/1896 1892/1892/1892
f 1891/1891/1891 1895/1895/1895 1896/1896/1896
f 1892/1892/1892 1893/1893/1893 1889/1889/1889
f 1892/1892/1892 1896/1896/1896 1893/1893/1893
f 1893/1893/1893 1898/1898/1898 1894/1894/1894
f 1893/1893/1893 1897/1897/1897 1898/1898/1898
f 1894/1894/1894 1899/1899/1899 1895/1895/1895
f 1894/1894/1894 1898/1898/1898 1899/1899/1899
f 1895/1895/1895 1900/1900/1900 1896/1896/1896
f 1895/1895/1895 1899/1899/1899 1900/1900/1900
f 1896/1896/1896 1897/1897/1897 1893/1893/1893
f 1896/1896/1896 1900/1900/1900 1897/1897/1897
f 1897/1897/1897 1902/1902/1902 1898/1898/1898
f 1897/1897/1897 1901/1901/1901 1902/1902/1902
f 1898/1898/1898 1903/1903/1903 1899/1899/1899
f 1898/1898/1898 1902/1902/1902 1903/1903/1903
f 1899/1899/1899 1904/1904/1904 1900/1900/1900
f 1899/1899/1899 1903/1903/1903 1904/1904/1904
f 1900/1900/1900 1901/1901/1901 1897/1897/1897
f 1900/1900/1900 1904/1904/1904 1901/1901/1901
f 1901/1901/1901 1906/1906/1906 1902/1902/1902
f 1901/1901/1901 1905/1905/1905 1906/1906/1906
f 1902/1902/1902 1907/1907/1907 1903/1903/1903
f 1902/1902/1902 1906/1906/1906 1907/1907/1907
f 1903/1903/1903 1908/1908/1908 1904/1904/1904
f 1903/1903/1903 1907/1907/1907 1908/1908/1908
f 1904/1904/1904 1905/1905/1905 1901/1901/1901
f 1904/1904/1904 1908/1908/1908 1905/1905/1905
f 1905/1905/1905 1910/1910/1910 1906/1906/1906
f 1905/1905/1905 1909/1909/1909 1910/1910/1910
f 1906/1906/1906 1911/1911/1911 1907/1907/1907
f 1906/1906/1906 1910/1910/1910 1911/1911/1911
f 1907/1907/1907 1912/1912/1912 1908/1908/1908
f 1907/1907/1907 1911/1911/1911 1912/1912/1912
f 1908/1908/1908 1909/1909/1909 1905/1905/1905
f 1908/1908/1908 1912/1912/1912 1909/1909/1909
f 1909/1909/1909 1914/1914/1914 1910/1910/1910
f 1909/1909/1909 1913/1913/1913 1914/1914/1914
f 1910/1910/1910 1915/1915/1915 1911/1911/1911
f 1910/1910/1910 1914/1914/1914 1915/1915/1915
f 1911/1911/1911 1916/1916/1916 1912/1912/1912
f 1911/1911/1911 1915/1915/1915 1916/1916/1916
f 1912/1912/1912 1913/1913/1913 1909/1909/1909
f 1912/1912/1912 1916/1916/1916 1913/1913/1913
f 1913/1913/1913 1918/1918/1918 1914/1914/1914
f 1913/1913/1913 1917/1917/1917 1918/1918/1918
f 1914/1914/1914 1919/1919/1919 1915/1915/1915
f 1914/1914/1914 1918/1918/1918 1919/1919/1919
f 1915/1915/1915 1920/1920/1920 1916/1916/1916
f 1915/1915/1915 1919/1919/1919 1920/1920/1920
f 1916/1916/1916 1917/1917/1917 1913/1913/1913
f 1916/1916/1916 1920/1920/1920 1917/1917/1917
f 1917/1917/1917 1874/1874/1874 1918/1918/1918
f 1917/1917/1917 1873/1873/1873 1874/1874/1874
f 1918/1918/1918 1875/1875/1875 1919/1919/1919
f 1918/1918/1918 1874/1874/1874 1875/1875/1875
f 1919/1919/1919 1876/1876/1876 1920/1920/1920
f 1919/1919/1919 1875/1875/1875 1876/1876/1876
f 1920/1920/1920 1873/1873/1873 1917/1917/1917
f 1920/1920/1920 1876/1876/1876 1873/1873/1873
usemtl rope
v 0.019480341 0.85440725 -0.005 0.84 0.76 0.61
v 0.036968927 0.83668913 -0.005 0.84 0.76 0.61
v 0.019480341 0.81897101 -0.005 0.84 0.76 0.61
v 0.0019917556 0.83668913 -0.005 0.84 0.76 0.61
v 0.0066385189 0.86000818 0.027268293 0.84 0.76 0.61
v 0.013550752 0.83878963 0.03434912 0.84 0.76 0.61
v -0.0049059194 0.82655774 0.027268293 0.84 0.76 0.61
v -0.011818152 0.84777629 0.020187465 0.84 0.76 0.61
v -0.044215988 0.87802286 0.050890322 0.84 0.76 0.61
v -0.043854813 0.85912494 0.061161835 0.84 0.76 0.61
v -0.055760427 0.84457241 0.050890322 0.84 0.76 0.61
v -0.056121601 0.86347033 0.040618809 0.84 0.76 0.61
v -0.11368454 0.90263136 0.059536585 0.84 0.76 0.61
v -0.11945676 0.88590614 0.0706 0.84 0.76 0.61
v -0.12522898 0.86918092 0.059536585 0.84 0.76 0.61
v -0.11945676 0.88590614 0.048473171 0.84 0.76 0.61
v -0.18315309 0.92723986 0.050890322 0.84 0.76 0.61
v -0.1950587 0.91268733 0.061161835 0.84 0.76 0.61
v -0.19469752 0.89378942 0.050890322 0.84 0.76 0.61
v -0.18279191 0.90834195 0.040618809 0.84 0.76 0.61
v -0.23400759 0.94525454 0.027268293 0.84 0.76 0.61
v -0.25246426 0.93302265 0.03434912 0.84 0.76 0.61
v -0.24555203 0.9118041 0.027268293 0.84 0.76 0.61
v -0.22709536 0.92403598 0.020187465 0.84 0.76 0.61
v -0.25839385 0.91740502 -0.005 0.84 0.76 0.61
v -0.24090527 0.93512315 -0.005 0.84 0.76 0.61
v -0.25839385 0.95284127 -0.005 0.84 0.76 0.61
v -0.27588244 0.93512315 -0.005 0.84 0.76 0.61
v -0.24555203 0.9118041 -0.037268293 0.84 0.76 0.61
v -0.22709536 0.92403598 -0.030187465 0.84 0.76 0.61
v -0.23400759 0.94525454 -0.037268293 0.84 0.76 0.61
v -0.25246426 0.93302265 -0.04434912 0.84 0.76 0.61
v -0.19469752 0.89378942 -0.060890322 0.84 0.76 0.61
v -0.18279191 0.90834195 -0.050618809 0.84 0.76 0.61
v -0.18315309 0.92723986 -0.060890322 0.84 0.76 0.61
v -0.1950587 0.91268733 -0.071161835 0.84 0.76 0.61
v -0.12522898 0.86918092 -0.069536585 0.84 0.76 0.61
v -0.11945676 0.88590614 -0.058473171 0.84 0.76 0.61
v -0.11368454 0.90263136 -0.069536585 0.84 0.76 0.61
v -0.11945676 0.88590614 -0.0806 0.84 0.76 0.61
v -0.055760427 0.84457241 -0.060890322 0.84 0.76 0.61
v -0.056121601 0.86347033 -0.050618809 0.84 0.76 0.61
v -0.044215988 0.87802286 -0.060890322 0.84 0.76 0.61
v -0.043854813 0.85912494 -0.071161835 0.84 0.76 0.61
v -0.0049059194 0.82655774 -0.037268293 0.84 0.76 0.61
v -0.011818152 0.84777629 -0.030187465 0.84 0.76 0.61
v 0.0066385189 0.86000818 -0.037268293 0.84 0.76 0.61
v 0.013550752 0.83878963 -0.04434912 0.84 0.76 0.61
vt 0 0
vt 0 0
vt 0 0
vt 0 0
vt 0 0
vt 0 0
vt 0 0
vt 0 0
vt 0 0
vt 0 0
vt 0 0
vt 0 0
vt 0 0
vt 0 0
vt 0 0
vt 0 0
vt 0 0
vt 0 0
vt 0 0
vt 0 0
vt 0 0
vt 0 0
vt 0 0
vt 0 0
vt 0 0
vt 0 0
vt 0 0
vt 0 0
vt 0 0
vt 0 0
vt 0 0
vt 0 0
vt 0 0
vt 0 0
vt 0 0
vt 0 0
vt 0 0
vt 0 0
vt 0 0
vt 0 0
vt 0 0
vt 0 0
vt 0 0
vt 0 0
vt 0 0
vt 0 0
vt 0 0
vt 0 0
vn 0.5252331 0.81831341 -0.2334381
vn 0.87394411 -0.47524949 0.10178217
vn -0.42091975 -0.85872615 -0.2922601
vn -0.73822287 0.44313063 -0.50858848
vn 0.30810603 0.93593939 0.17055246
vn 0.57676805 -0.19653973 0.79291282
vn -0.19188379 -0.97533173 -0.10912665
vn -0.53218023 0.1806393 -0.82713581
vn 0.29079397 0.94814022 0.12833154
vn 0.22894558 -0.095331018 0.96875999
vn -0.26401162 -0.96421446 -0.024255638
vn -0.2228976 0.095737205 -0.9701294
vn 0.27403705 0.96057071 0.046985105
vn 5.9387055e-17 7.8156933e-17 1
vn -0.27403705 -0.96057071 0.046985105
vn -3.5634852e-17 -7.034641e-17 -1
vn 0.26401162 0.96421446 -0.024255638
vn -0.22894558 0.095331018 0.96875999
vn -0.29079397 -0.94814022 0.12833154
vn 0.2228976 -0.095737205 -0.9701294
vn 0.50316145 0.70667998 -0.49742534
vn -0.42120942 0.49879617 0.75748598
vn -0.67160878 -0.66579667 0.32504838
vn 0.27162073 -0.46237246 -0.84405799
vn 0.33450676 -0.91332379 0.23226037
vn 0.83004077 0.39702419 0.39166837
vn -0.39993205 0.89914395 0.17774847
vn -0.94247988 -0.32434643 -0.080815073
vn -0.35030205 -0.92887755 0.120312
vn 0.6065546 -0.1244794 0.78523652
vn 0.27428227 0.93049788 -0.24278164
vn -0.6002398 0.14007388 -0.78745888
vn -0.40174182 -0.91543245 0.024226943
vn 0.23475633 -0.062209934 0.97006154
vn 0.37086911 0.91978782 -0.1282438
vn -0.23923175 0.066247659 -0.96869986
vn -0.39168002 -0.91890349 -0.046937627
vn 2.761701e-16 -2.9897224e-16 1
vn 0.39168002 0.91890349 -0.046937627
vn -2.4546649e-16 2.6573357e-16 -1
vn -0.37086911 -0.91978782 -0.1282438
vn -0.23475633 0.062209934 0.97006154
vn 0.40174182 0.91543245 0.024226943
vn 0.23923175 -0.066247659 -0.96869986
vn 0.086033017 -0.95974266 -0.26738051
vn -0.41472002 -0.14870358 0.8977163
vn 0.17882574 0.8247422 0.53649013
vn 0.62730791 0.091469185 -0.773381
f 1921/1921/1921 1926/1926/1926 1922/1922/1922
f 1921/1921/1921 1925/1925/1925 1926/1926/1926
f 1922/1922/1922 1927/1927/1927 1923/1923/1923
f 1922/1922/1922 1926/1926/1926 1927/1927/1927
f 1923/1923/1923 1928/1928/1928 1924/1924/1924
f 1923/1923/1923 1927/1927/1927 1928/1928/1928
f 1924/1924/1924 1925/1925/1925 1921/1921/1921
f 1924/1924/1924 1928/1928/1928 1925/1925/1925
f 1925/1925/1925 1930/1930/1930 1926/1926/1926
f 1925/1925/1925 1929/1929/1929 1930/1930/1930
f 1926/1926/1926 1931/1931/1931 1927/1927/1927
f 1926/1926/1926 1930/1930/1930 1931/1931/1931
f 1927/1927/1927 1932/1932/1932 1928/1928/1928
f 1927/1927/1927 1931/1931/1931 1932/1932/1932
f 1928/1928/1928 1929/1929/1929 1925/1925/1925
f 1928/1928/1928 1932/1932/1932 1929/1929/1929
f 1929/1929/1929 1934/1934/1934 1930/1930/1930
f 1929/1929/1929 1933/1933/1933 1934/1934/1934
f 1930/1930/1930 1935/1935/1935 1931/1931/1931
f 1930/1930/1930 1934/1934/1934 1935/1935/1935
f 1931/1931/1931 1936/1936/1936 1932/1932/1932
f 1931/1931/1931 1935/1935/1935 1936/1936/1936
f 1932/1932/1932 1933/1933/1933 1929/1929/1929
f 1932/1932/1932 1936/1936/1936 1933/1933/1933
f 1933/1933/1933 1938/1938/1938 1934/1934/1934
f 1933/1933/1933 1937/1937/1937 1938/1938/1938
f 1934/1934/1934 1939/1939/1939 1935/1935/1935
f 1934/1934/1934 1938/1938/1938 1939/1939/1939
f 1935/1935/1935 1940/1940/1940 1936/1936/1936
f 1935/1935/1935 1939/1939/1939 1940/1940/1940
f 1936/1936/1936 1937/1937/1937 1933/1933/1933
f 1936/1936/1936 1940/1940/1940 1937/1937/1937
f 1937/1937/1937 1942/1942/1942 1938/1938/1938
f 1937/1937/1937 1941/1941/1941 1942/1942/1942
f 1938/1938/1938 1943/1943/1943 1939/1939/1939
f 1938/1938/1938 1942/1942/1942 1943/1943/1943
f 1939/1939/1939 1944/1944/1944 1940/1940/1940
f 1939/1939/1939 1943/1943/1943 1944/1944/1944
f 1940/1940/1940 1941/1941/1941 1937/1937/1937
f 1940/1940/1940 1944/1944/1944 1941/1941/1941
f 1941/1941/1941 1946/1946/1946 1942/1942/1942
f 1941/1941/1941 1945/1945/1945 1946/1946/1946
f 1942/1942/1942 1947/1947/1947 1943/1943/1943
f 1942/1942/1942 1946/1946/1946 1947/1947/1947
f 1943/1943/1943 1948/1948/1948 1944/1944/1944
f 1943/1943/1943 1947/1947/1947 1948/1948/1948
f 1944/1944/1944 1945/1945/1945 1941/1941/1941
f 1944/1944/1944 1948/1948/1948 1945/1945/1945
f 1945/1945/1945 1950/1950/1950 1946/1946/1946
f 1945/1945/1945 1949/1949/1949 1950/1950/1950
f 1946/1946/1946 1951/1951/1951 1947/1947/1947
f 1946/1946/1946 1950/1950/1950 1951/1951/1951
f 1947/1947/1947 1952/1952/1952 1948/1948/1948
f 1947/1947/1947 1951/1951/1951 1952/1952/1952
f 1948/1948/1948 1949/1949/1949 1945/1945/1945
f 1948/1948/1948 1952/1952/1952 1949/1949/1949
f 1949/1949/1949 1954/1954/1954 1950/1950/1950
f 1949/1949/1949 1953/1953/1953 1954/1954/1954
f 1950/1950/1950 1955/1955/1955 1951/1951/1951
f 1950/1950/1950 1954/1954/1954 1955/1955/1955
f 1951/1951/1951 1956/1956/1956 1952/1952/1952
f 1951/1951/1951 1955/1955/1955 1956/1956/1956
f 1952/1952/1952 1953/1953/1953 1949/1949/1949
f 1952/1952/1952 1956/1956/1956 1953/1953/1953
f 1953/1953/1953 1958/1958/1958 1954/1954/1954
f 1953/1953/1953 1957/1957/1957 1958/1958/1958
f 1954/1954/1954 1959/1959/1959 1955/1955/1955
f 1954/1954/1954 1958/1958/1958 1959/1959/1959
f 1955/1955/1955 1960/1960/1960 1956/1956/1956
f 1955/1955/1955 1959/1959/1959 1960/1960/1960
f 1956/1956/1956 1957/1957/1957 1953/1953/1953
f 1956/1956/1956 1960/1960/1960 1957/1957/1957
f 1957/1957/1957 1962/1962/1962 1958/1958/1958
f 1957/1957/1957 1961/1961/1961 1962/1962/1962
f 1958/1958/1958 1963/1963/1963 1959/1959/1959
f 1958/1958/1958 1962/1962/1962 1963/1963/1963
f 1959/1959/1959 1964/1964/1964 1960/1960/1960
f 1959/1959/1959 1963/1963/1963 1964/1964/1964
f 1960/1960/1960 1961/1961/1961 1957/1957/1957
f 1960/1960/1960 1964/1964/1964 1961/1961/1961
f 1961/1961/1961 1966/1966/1966 1962/1962/1962
f 1961/1961/1961 1965/1965/1965 1966/1966/1966
f 1962/1962/1962 1967/1967/1967 1963/1963/1963
f 1962/1962/1962 1966/1966/1966 1967/1967/1967
f 1963/1963/1963 1968/1968/1968 1964/1964/1964
f 1963/1963/1963 1967/1967/1967 1968/1968/1968
f 1964/1964/1964 1965/1965/1965 1961/1961/1961
f 1964/1964/1964 1968/1968/1968 1965/1965/1965
f 1965/1965/1965 1922/1922/1922 1966/1966/1966
f 1965/1965/1965 1921/1921/1921 1922/1922/1922
f 1966/1966/1966 1923/1923/1923 1967/1967/1967
f 1966/1966/1966 1922/1922/1922 1923/1923/1923
f 1967/1967/1967 1924/1924/1924 1968/1968/1968
f 1967/1967/1967 1923/1923/1923 1924/1924/1924
f 1968/1968/1968 1921/1921/1921 1965/1965/1965
f 1968/1968/1968 1924/1924/1924 1921/1921/1921
usemtl timber
v 0.23274609 0 -0.005 1 1 1
v 0.22249675 0 0.020514537 1 1 1
v 0.17542304 0 0.036574741 1 1 1
v 0.11945676 0 0.044757455 1 1 1
v 0.06367637 0 0.036436649 1 1 1
v 0.017588925 0 0.020224288 1 1 1
v 0.0034513006 0 -0.005 1 1 1
v 0.02392164 0 -0.028656195 1 1 1
v 0.060775642 0 -0.048591465 1 1 1
v 0.11945676 0 -0.053584009 1 1 1
v 0.17832377 0 -0.048729557 1 1 1
v 0.21616404 0 -0.028946444 1 1 1
v 0.23399251 0.20137785 -0.005 1 1 1
v 0.22247118 0.20137785 0.020508204 1 1 1
v 0.17479983 0.20137785 0.036111787 1 1 1
v 0.11945676 0.20137785 0.04477012 1 1 1
v 0.06305316 0.20137785 0.036899603 1 1 1
v 0.017614498 0.20137785 0.020217955 1 1 1
v 0.0046977216 0.20137785 -0.005 1 1 1
v 0.023896067 0.20137785 -0.028662527 1 1 1
v 0.060152431 0.20137785 -0.049054419 1 1 1
v 0.11945676 0.20137785 -0.053571344 1 1 1
v 0.17770055 0.20137785 -0.048266603 1 1 1
v 0.21618961 0.20137785 -0.028952776 1 1 1
v 0.23499445 0.4027557 -0.005 1 1 1
v 0.22182859 0.4027557 0.020349089 1 1 1
v 0.17429886 0.4027557 0.03573964 1 1 1
v 0.11945676 0.4027557 0.045088351 1 1 1
v 0.06255219 0.4027557 0.037271749 1 1 1
v 0.018257085 0.4027557 0.02005884 1 1 1
v 0.0056996601 0.4027557 -0.005 1 1 1
v 0.02325348 0.4027557 -0.028821643 1 1 1
v 0.059651462 0.4027557 -0.049426565 1 1 1
v 0.11945676 0.4027557 -0.053253112 1 1 1
v 0.17719959 0.4027557 -0.047894456 1 1 1
v 0.2168322 0.4027557 -0.029111892 1 1 1
v 0.23538619 0.60413355 -0.005 1 1 1
v 0.22080354 0.60413355 0.020095268 1 1 1
v 0.17410299 0.60413355 0.035594137 1 1 1
v 0.11945676 0.60413355 0.045595994 1 1 1
v 0.062356319 0.60413355 0.037417253 1 1 1
v 0.019282137 0.60413355 0.019805018 1 1 1
v 0.0060914027 0.60413355 -0.005 1 1 1
v 0.022228428 0.60413355 -0.029075464 1 1 1
v 0.059455591 0.60413355 -0.049572069 1 1 1
v 0.11945676 0.60413355 -0.05274547 1 1 1
v 0.17700371 0.60413355 -0.047748953 1 1 1
v 0.21785725 0.60413355 -0.029365713 1 1 1
v 0.23502475 0.80551139 -0.005 1 1 1
v 0.21977017 0.80551139 0.019839387 1 1 1
v 0.17428371 0.80551139 0.035728386 1 1 1
v 0.11945676 0.80551139 0.046107754 1 1 1
v 0.06253704 0.80551139 0.037283004 1 1 1
v 0.020315504 0.80551139 0.019549138 1 1 1
v 0.0057299609 0.80551139 -0.005 1 1 1
v 0.021195061 0.80551139 -0.029331344 1 1 1
v 0.059636312 0.80551139 -0.04943782 1 1 1
v 0.11945676 0.80551139 -0.05223371 1 1 1
v 0.17718444 0.80551139 -0.047883202 1 1 1
v 0.21889062 0.80551139 -0.029621593 1 1 1
v 0.23404205 1.0068892 -0.005 1 1 1
v 0.21910568 1.0068892 0.019674846 1 1 1
v 0.17477506 1.0068892 0.036093386 1 1 1
v 0.11945676 1.0068892 0.046436837 1 1 1
v 0.063028389 1.0068892 0.036918004 1 1 1
v 0.020980001 1.0068892 0.019384597 1 1 1
v 0.0047472632 1.0068892 -0.005 1 1 1
v 0.020530563 1.0068892 -0.029495886 1 1 1
v 0.06012766 1.0068892 -0.04907282 1 1 1
v 0.11945676 1.0068892 -0.051904627 1 1 1
v 0.17767578 1.0068892 -0.048248202 1 1 1
v 0.21955511 1.0068892 -0.029786135 1 1 1
v 0.11945676 0 -0.005 1 1 1
v 0.11945676 1.3957036 -0.005 1 1 1
vt 1 1.038
vt 1.1666667 1.038
vt 1.3333333 1.038
vt 1.5 1.038
vt 1.6666667 1.038
vt 1.8333333 1.038
vt 2 1.038
vt 0.16666667 1.038
vt 0.33333333 1.038
vt 0.5 1.038
vt 0.66666667 1.038
vt 0.83333333 1.038
vt 1 1.4078395
vt 1.1666667 1.4078395
vt 1.3333333 1.4078395
vt 1.5 1.4078395
vt 1.6666667 1.4078395
vt 1.8333333 1.4078395
vt 2 1.4078395
vt 0.16666667 1.4078395
vt 0.33333333 1.4078395
vt 0.5 1.4078395
vt 0.66666667 1.4078395
vt 0.83333333 1.4078395
vt 1 1.777679
vt 1.1666667 1.777679
vt 1.3333333 1.777679
vt 1.5 1.777679
vt 1.6666667 1.777679
vt 1.8333333 1.777679
vt 2 1.777679
vt 0.16666667 1.777679
vt 0.33333333 1.777679
vt 0.5 1.777679
vt 0.66666667 1.777679
vt 0.83333333 1.777679
vt 1 2.1475184
vt 1.1666667 2.1475184
vt 1.3333333 2.1475184
vt 1.5 2.1475184
vt 1.6666667 2.1475184
vt 1.8333333 2.1475184
vt 2 2.1475184
vt 0.16666667 2.1475184
vt 0.33333333 2.1475184
vt 0.5 2.1475184
vt 0.66666667 2.1475184
vt 0.83333333 2.1475184
vt 1 2.5173579
vt 1.1666667 2.5173579
vt 1.3333333 2.5173579
vt 1.5 2.5173579
vt 1.6666667 2.5173579
vt 1.8333333 2.5173579
vt 2 2.5173579
vt 0.16666667 2.5173579
vt 0.33333333 2.5173579
vt 0.5 2.5173579
vt 0.66666667 2.5173579
vt 0.83333333 2.5173579
vt 1 2.8871974
vt 1.1666667 2.8871974
vt 1.3333333 2.8871974
vt 1.5 2.8871974
vt 1.6666667 2.8871974
vt 1.8333333 2.8871974
vt 2 2.8871974
vt 0.16666667 2.8871974
vt 0.33333333 2.8871974
vt 0.5 2.8871974
vt 0.66666667 2.8871974
vt 0.83333333 2.8871974
vt 1 1.038
vt 1 3.6012725
vn 0.93431052 -0.35054595 0.064663623
vn 0.46534022 -0.23089144 0.85448676
vn 0.20047179 -0.16879107 0.96504955
vn -0.046939291 -0.16277447 0.98554613
vn -0.26501884 -0.18045024 0.94720786
vn -0.64753508 -0.27533022 0.71055724
vn -0.88688607 -0.34059573 -0.31213403
vn -0.54842683 -0.23629538 -0.80211751
vn -0.18388753 -0.17634542 -0.96699931
vn 0.029007429 -0.1583346 -0.98695933
vn 0.30337581 -0.19263121 -0.93319683
vn 0.65861274 -0.26883863 -0.70281936
vn 0.99423385 -0.0031158233 -0.10718838
vn 0.57287985 0.00071297417 0.81963905
vn 0.23345039 0.0015140371 0.97236754
vn 0.0057726427 -0.0004585344 0.99998323
vn -0.23861589 -0.001512097 0.97111285
vn -0.58067316 0.0007220319 0.81413645
vn -0.99412359 0.00311163 -0.1082063
vn -0.61939572 -0.00076662439 -0.78507857
vn -0.24771017 -0.0014964991 -0.96883303
vn 0.0055237594 0.00046322611 -0.99998464
vn 0.24216883 0.0014988202 -0.97023297
vn 0.61190804 -0.00075794266 -0.79092856
vn 0.996035 -0.0019297695 -0.088941336
vn 0.56340783 0.0017650877 0.82617704
vn 0.23752626 0.00094417228 0.97138066
vn 0.010548443 -0.00114207 0.99994371
vn -0.24275477 -0.00093815727 0.97008723
vn -0.59030089 0.0018239745 0.80718123
vn -0.99598577 0.0019375629 -0.089490698
vn -0.62915115 -0.0019281342 -0.77728059
vn -0.24336465 -0.00092166909 -0.96993443
vn 0.010068626 0.0011583151 -0.99994864
vn 0.2378923 0.00092822485 -0.9712911
vn 0.6022671 -0.0018698119 -0.79829246
vn 0.99823384 -4.2005039e-05 -0.059407069
vn 0.55979727 0.0021772407 0.82862674
vn 0.24405769 2.0662173e-05 0.96976072
vn 0.012437891 -0.0014050678 0.99992166
vn -0.24941856 -2.0490582e-05 0.96839578
vn -0.59409162 0.0022674491 0.80439418
vn -0.99821651 4.2263773e-05 -0.059697552
vn -0.63305044 -0.002381728 -0.77410688
vn -0.23646543 -1.9899576e-05 -0.9716399
vn 0.011825162 0.0014340466 -0.99992905
vn 0.23113586 2.0085681e-05 -0.97292148
vn 0.59852133 -0.0022920771 -0.80110359
vn 0.99956604 0.0018676194 -0.029397929
vn 0.5632538 0.0018084928 0.82628197
vn 0.25070835 -0.00092085484 0.96806223
vn 0.010736386 -0.001155142 0.9999417
vn -0.25618873 0.00091493883 0.96662635
vn -0.590616 0.0018695412 0.80695058
vn -0.99956072 -0.0018755459 -0.029577814
vn -0.62957861 -0.0019519102 -0.77693433
vn -0.2295843 0.00087842111 -0.97328838
vn 0.010166727 0.0011864659 -0.99994761
vn 0.22438091 -0.00088491929 -0.97450112
vn 0.60199895 -0.0018913711 -0.79849464
vn 0.98272544 0.16394496 -0.085864764
vn 0.60538313 0.1162709 0.78739592
vn 0.26830746 0.078310361 0.96014509
vn 0.033359277 0.073609481 0.99672905
vn -0.24631661 0.078920794 0.96597082
vn -0.5475515 0.10851429 0.82970598
vn -0.98236509 0.16214738 0.093097048
vn -0.64892144 0.11869981 -0.7515393
vn -0.25187139 0.083355315 -0.96416425
vn -0.0009354779 0.068315444 -0.99766333
vn 0.19273174 0.077317957 -0.9782006
vn 0.57041751 0.11063626 -0.81386945
vn 0 -1 0
vn -6.2082516e-17 1 3.9254983e-16
f 1969/1969/1969 1982/1982/1982 1970/1970/1970
f 1969/1969/1969 1981/1981/1981 1982/1982/1982
f 1970/1970/1970 1983/1983/1983 1971/1971/1971
f 1970/1970/1970 1982/1982/1982 1983/1983/1983
f 1971/1971/1971 1984/1984/1984 1972/1972/1972
f 1971/1971/1971 1983/1983/1983 1984/1984/1984
f 1972/1972/1972 1985/1985/1985 1973/1973/1973
f 1972/1972/1972 1984/1984/1984 1985/1985/1985
f 1973/1973/1973 1986/1986/1986 1974/1974/1974
f 1973/1973/1973 1985/1985/1985 1986/1986/1986
f 1974/1974/1974 1987/1987/1987 1975/1975/1975
f 1974/1974/1974 1986/1986/1986 1987/1987/1987
f 1975/1975/1975 1988/1988/1988 1976/1976/1976
f 1975/1975/1975 1987/1987/1987 1988/1988/1988
f 1976/1976/1976 1989/1989/1989 1977/1977/1977
f 1976/1976/1976 1988/1988/1988 1989/1989/1989
f 1977/1977/1977 1990/1990/1990 1978/1978/1978
f 1977/1977/1977 1989/1989/1989 1990/1990/1990
f 1978/1978/1978 1991/1991/1991 1979/1979/1979
f 1978/1978/1978 1990/1990/1990 1991/1991/1991
f 1979/1979/1979 1992/1992/1992 1980/1980/1980
f 1979/1979/1979 1991/1991/1991 1992/1992/1992
f 1980/1980/1980 1981/1981/1981 1969/1969/1969
f 1980/1980/1980 1992/1992/1992 1981/1981/1981
f 1981/1981/1981 1994/1994/1994 1982/1982/1982
f 1981/1981/1981 1993/1993/1993 1994/1994/1994
f 1982/1982/1982 1995/1995/1995 1983/1983/1983
f 1982/1982/1982 1994/1994/1994 1995/1995/1995
f 1983/1983/1983 1996/1996/1996 1984/1984/1984
f 1983/1983/1983 1995/1995/1995 1996/1996/1996
f 1984/1984/1984 1997/1997/1997 1985/1985/1985
f 1984/1984/1984 1996/1996/1996 1997/1997/1997
f 1985/1985/1985 1998/1998/1998 1986/1986/1986
f 1985/1985/1985 1997/1997/1997 1998/1998/1998
f 1986/1986/1986 1999/1999/1999 1987/1987/1987
f 1986/1986/1986 1998/1998/1998 1999/1999/1999
f 1987/1987/1987 2000/2000/2000 1988/1988/1988
f 1987/1987/1987 1999/1999/1999 2000/2000/2000
f 1988/1988/1988 2001/2001/2001 1989/1989/1989
f 1988/1988/1988 2000/2000/2000 2001/2001/2001
f 1989/1989/1989 2002/2002/2002 1990/1990/1990
f 1989/1989/1989 2001/2001/2001 2002/2002/2002
f 1990/1990/1990 2003/2003/2003 1991/1991/1991
f 1990/1990/1990 2002/2002/2002 2003/2003/2003
f 1991/1991/1991 2004/2004/2004 1992/1992/1992
f 1991/1991/1991 2003/2003/2003 2004/2004/2004
f 1992/1992/1992 1993/1993/1993 1981/1981/1981
f 1992/1992/1992 2004/2004/2004 1993/1993/1993
f 1993/1993/1993 2006/2006/2006 1994/1994/1994
f 1993/1993/1993 2005/2005/2005 2006/2006/2006
f 1994/1994/1994 2007/2007/2007 1995/1995/1995
f 1994/1994/1994 2006/2006/2006 2007/2007/2007
f 1995/1995/1995 2008/2008/2008 1996/1996/1996
f 1995/1995/1995 2007/2007/2007 2008/2008/2008
f 1996/1996/1996 2009/2009/2009 1997/1997/1997
f 1996/1996/1996 2008/2008/2008 2009/2009/2009
f 1997/1997/1997 2010/2010/2010 1998/1998/1998
f 1997/1997/1997 2009/2009/2009 2010/2010/2010
f 1998/1998/1998 2011/2011/2011 1999/1999/1999
f 1998/1998/1998 2010/2010/2010 2011/2011/2011
f 1999/1999/1999 2012/2012/2012 2000/2000/2000
f 1999/1999/1999 2011/2011/2011 2012/2012/2012
f 2000/2000/2000 2013/2013/2013 2001/2001/2001
f 2000/2000/2000 2012/2012/2012 2013/2013/2013
f 2001/2001/2001 2014/2014/2014 2002/2002/2002
f 2001/2001/2001 2013/2013/2013 2014/2014/2014
f 2002/2002/2002 2015/2015/2015 2003/2003/2003
f 2002/2002/2002 2014/2014/2014 2015/2015/2015
f 2003/2003/2003 2016/2016/2016 2004/2004/2004
f 2003/2003/2003 2015/2015/2015 2016/2016/2016
f 2004/2004/2004 2005/2005/2005 1993/1993/1993
f 2004/2004/2004 2016/2016/2016 2005/2005/2005
f 2005/2005/2005 2018/2018/2018 2006/2006/2006
f 2005/2005/2005 2017/2017/2017 2018/2018/2018
f 2006/2006/2006 2019/2019/2019 2007/2007/2007
f 2006/2006/2006 2018/2018/2018 2019/2019/2019
f 2007/2007/2007 2020/2020/2020 2008/2008/2008
f 2007/2007/2007 2019/2019/2019 2020/2020/2020
f 2008/2008/2008 2021/2021/2021 2009/2009/2009
f 2008/2008/2008 2020/2020/2020 2021/2021/2021
f 2009/2009/2009 2022/2022/2022 2010/2010/2010
f 2009/2009/2009 2021/2021/2021 2022/2022/2022
f 2010/2010/2010 2023/2023/2023 2011/2011/2011
f 2010/2010/2010 2022/2022/2022 2023/2023/2023
f 2011/2011/2011 2024/2024/2024 2012/2012/2012
f 2011/2011/2011 2023/2023/2023 2024/2024/2024
f 2012/2012/2012 2025/2025/2025 2013/2013/2013
f 2012/2012/2012 2024/2024/2024 2025/2025/2025
f 2013/2013/2013 2026/2026/2026 2014/2014/2014
f 2013/2013/2013 2025/2025/2025 2026/2026/2026
f 2014/2014/2014 2027/2027/2027 2015/2015/2015
f 2014/2014/2014 2026/2026/2026 2027/2027/2027
f 2015/2015/2015 2028/2028/2028 2016/2016/2016
f 2015/2015/2015 2027/2027/2027 2028/2028/2028
f 2016/2016/2016 2017/2017/2017 2005/2005/2005
f 2016/2016/2016 2028/2028/2028 2017/2017/2017
f 2017/2017/2017 2030/2030/2030 2018/2018/2018
f 2017/2017/2017 2029/2029/2029 2030/2030/2030
f 2018/2018/2018 2031/2031/2031 2019/2019/2019
f 2018/2018/2018 2030/2030/2030 2031/2031/2031
f 2019/2019/2019 2032/2032/2032 2020/2020/2020
f 2019/2019/2019 2031/2031/2031 2032/2032/2032
f 2020/2020/2020 2033/2033/2033 2021/2021/2021
f 2020/2020/2020 2032/2032/2032 2033/2033/2033
f 2021/2021/2021 2034/2034/2034 2022/2022/2022
f 2021/2021/2021 2033/2033/2033 2034/2034/2034
f 2022/2022/2022 2035/2035/2035 2023/2023/2023
f 2022/2022/2022 2034/2034/2034 2035/2035/2035
f 2023/2023/2023 2036/2036/2036 2024/2024/2024
f 2023/2023/2023 2035/2035/2035 2036/2036/2036
f 2024/2024/2024 2037/2037/2037 2025/2025/2025
f 2024/2024/2024 2036/2036/2036 2037/2037/2037
f 2025/2025/2025 2038/2038/2038 2026/2026/2026
f 2025/2025/2025 2037/2037/2037 2038/2038/2038
f 2026/2026/2026 2039/2039/2039 2027/2027/2027
f 2026/2026/2026 2038/2038/2038 2039/2039/2039
f 2027/2027/2027 2040/2040/2040 2028/2028/2028
f 2027/2027/2027 2039/2039/2039 2040/2040/2040
f 2028/2028/2028 2029/2029/2029 2017/2017/2017
f 2028/2028/2028 2040/2040/2040 2029/2029/2029
f 2041/2041/2041 1969/1969/1969 1970/1970/1970
f 2029/2029/2029 2042/2042/2042 2030/2030/2030
f 2041/2041/2041 1970/1970/1970 1971/1971/1971
f 2030/2030/2030 2042/2042/2042 2031/2031/2031
f 2041/2041/2041 1971/1971/1971 1972/1972/1972
f 2031/2031/2031 2042/2042/2042 2032/2032/2032
f 2041/2041/2041 1972/1972/1972 1973/1973/1973
f 2032/2032/2032 2042/2042/2042 2033/2033/2033
f 2041/2041/2041 1973/1973/1973 1974/1974/1974
f 2033/2033/2033 2042/2042/2042 2034/2034/2034
f 2041/2041/2041 1974/1974/1974 1975/1975/1975
f 2034/2034/2034 2042/2042/2042 2035/2035/2035
f 2041/2041/2041 1975/1975/1975 1976/1976/1976
f 2035/2035/2035 2042/2042/2042 2036/2036/2036
f 2041/2041/2041 1976/1976/1976 1977/1977/1977
f 2036/2036/2036 2042/2042/2042 2037/2037/2037
f 2041/2041/2041 1977/1977/1977 1978/1978/1978
f 2037/2037/2037 2042/2042/2042 2038/2038/2038
f 2041/2041/2041 1978/1978/1978 1979/1979/1979
f 2038/2038/2038 2042/2042/2042 2039/2039/2039
f 2041/2041/2041 1979/1979/1979 1980/1980/1980
f 2039/2039/2039 2042/2042/2042 2040/2040/2040
f 2041/2041/2041 1980/1980/1980 1969/1969/1969
f 2040/2040/2040 2042/2042/2042 2029/2029/2029
usemtl snow
v 0.2594183 1.0739774 -0.005 1 1 1
v 0.24066701 1.0059359 0.025013815 1 1 1
v 0.18943753 1.0782817 0.046985452 1 1 1
v 0.11945676 1.0291573 0.055027629 1 1 1
v 0.049475986 1.0559608 0.046985452 1 1 1
v -0.001753493 1.0364562 0.025013815 1 1 1
v -0.020504784 1.0515762 -0.005 1 1 1
v -0.001753493 1.0589555 -0.035013815 1 1 1
v 0.049475986 1.0088503 -0.056985452 1 1 1
v 0.11945676 1.0963964 -0.065027629 1 1 1
v 0.18943753 1.0089306 -0.056985452 1 1 1
v 0.24066701 1.0506758 -0.035013815 1 1 1
v 0.2506707 1.1347102 -0.005 1 1 1
v 0.23309136 1.1108956 0.023137951 1 1 1
v 0.18506373 1.1362167 0.043736361 1 1 1
v 0.11945676 1.1190231 0.051275902 1 1 1
v 0.053849784 1.1284043 0.043736361 1 1 1
v 0.0058221476 1.1215778 0.023137951 1 1 1
v -0.011757188 1.1268697 -0.005 1 1 1
v 0.0058221476 1.1294525 -0.033137951 1 1 1
v 0.053849784 1.1119157 -0.053736361 1 1 1
v 0.11945676 1.1425568 -0.061275902 1 1 1
v 0.18506373 1.1119438 -0.053736361 1 1 1
v 0.23309136 1.1265546 -0.033137951 1 1 1
v 0.21942928 1.2234441 -0.005 1 1 1
v 0.20603551 1.2234441 0.016438439 1 1 1
v 0.16944302 1.2234441 0.032132466 1 1 1
v 0.11945676 1.2234441 0.037876878 1 1 1
v 0.069470492 1.2234441 0.032132466 1 1 1
v 0.032878007 1.2234441 0.016438439 1 1 1
v 0.019484228 1.2234441 -0.005 1 1 1
v 0.032878007 1.2234441 -0.026438439 1 1 1
v 0.069470492 1.2234441 -0.042132466 1 1 1
v 0.11945676 1.2234441 -0.047876878 1 1 1
v 0.16944302 1.2234441 -0.042132466 1 1 1
v 0.20603551 1.2234441 -0.026438439 1 1 1
v 0.1756913 1.3317215 -0.005 1 1 1
v 0.1681573 1.3317215 0.007059122 1 1 1
v 0.14757403 1.3317215 0.015887012 1 1 1
v 0.11945676 1.3317215 0.019118244 1 1 1
v 0.091339482 1.3317215 0.015887012 1 1 1
v 0.07075621 1.3317215 0.007059122 1 1 1
v 0.063222209 1.3317215 -0.005 1 1 1
v 0.07075621 1.3317215 -0.017059122 1 1 1
v 0.091339482 1.3317215 -0.025887012 1 1 1
v 0.11945676 1.3317215 -0.029118244 1 1 1
v 0.14757403 1.3317215 -0.025887012 1 1 1
v 0.1681573 1.3317215 -0.017059122 1 1 1
v 0.13445264 1.4203121 -0.005 1 1 1
v 0.13244357 1.4203121 -0.0017842341 1 1 1
v 0.1269547 1.4203121 0.00056986984 1 1 1
v 0.11945676 1.4203121 0.0014315317 1 1 1
v 0.11195882 1.4203121 0.00056986984 1 1 1
v 0.10646994 1.4203121 -0.0017842341 1 1 1
v 0.10446088 1.4203121 -0.005 1 1 1
v 0.10646994 1.4203121 -0.0082157659 1 1 1
v 0.11195882 1.4203121 -0.01056987 1 1 1
v 0.11945676 1.4203121 -0.011431532 1 1 1
v 0.1269547 1.4203121 -0.01056987 1 1 1
v 0.13244357 1.4203121 -0.0082157659 1 1 1
v 0.11945676 1.0364194 -0.005 1 1 1
v 0.11945676 1.4429519 -0.005 1 1 1
vt 0 0
vt 0 0
vt 0 0
vt 0 0
vt 0 0
vt 0 0
vt 0 0
vt 0 0
vt 0 0
vt 0 0
vt 0 0
vt 0 0
vt 0 0
vt 0 0
vt 0 0
vt 0 0
vt 0 0
vt 0 0
vt 0 0
vt 0 0
vt 0 0
vt 0 0
vt 0 0
vt 0 0
vt 0 0
vt 0 0
vt 0 0
vt 0 0
vt 0 0
vt 0 0
vt 0 0
vt 0 0
vt 0 0
vt 0 0
vt 0 0
vt 0 0
vt 0 0
vt 0 0
vt 0 0
vt 0 0
vt 0 0
vt 0 0
vt 0 0
vt 0 0
vt 0 0
vt 0 0
vt 0 0
vt 0 0
vt 0 0
vt 0 0
vt 0 0
vt 0 0
vt 0 0
vt 0 0
vt 0 0
vt 0 0
vt 0 0
vt 0 0
vt 0 0
vt 0 0
vt 0 0
vt 0 0
vn 0.7178017 -0.62176858 -0.31331224
vn 0.40556681 -0.61569433 0.67560052
vn 0.11737364 -0.36162259 0.92490677
vn 0.040991521 -0.422435 0.90546583
vn -0.28267645 -0.44174445 0.8514434
vn -0.50655479 -0.60184377 0.61740288
vn -0.6489723 -0.66754738 -0.36498693
vn -0.62424996 -0.58772001 -0.51468163
vn -0.054699199 -0.46160158 -0.88539933
vn 0.038605561 -0.33449216 -0.94160746
vn 0.088860577 -0.43074661 -0.8980875
vn 0.73309917 -0.680104 -0.0049147697
vn 0.97079003 0.23661982 0.039721204
vn 0.57966443 0.13363888 0.80382199
vn 0.26311187 0.11555374 0.95782017
vn -0.010779142 0.091823395 0.99571696
vn -0.22928487 0.10582961 0.96758903
vn -0.59352018 0.14698523 0.79128322
vn -0.97448525 0.21820979 0.052564102
vn -0.57255958 0.15315398 -0.80543118
vn -0.24461853 0.095499465 -0.96490498
vn -0.01618036 0.10880725 -0.99393117
vn 0.26428183 0.099031899 -0.95934759
vn 0.54123333 0.14056408 -0.82904054
vn 0.93400629 0.34740857 -0.083303858
vn 0.58292303 0.23118867 0.77894322
vn 0.26947011 0.17716627 0.94657169
vn 0.0035325283 0.15077778 0.98856137
vn -0.2155059 0.16664923 0.96217734
vn -0.56113879 0.23266616 0.79434861
vn -0.9384669 0.33568329 0.081219538
vn -0.6054525 0.25018162 -0.75553718
vn -0.24309773 0.16327434 -0.95616159
vn -0.029016689 0.15840289 -0.9869481
vn 0.24073786 0.16635955 -0.95622685
vn 0.53869293 0.2252693 -0.81182736
vn 0.90913501 0.38566532 -0.15727616
vn 0.63420814 0.29789764 0.71346831
vn 0.27422592 0.20616512 0.93930617
vn 0.031292136 0.17891239 0.98336726
vn -0.19880735 0.19354516 0.96073717
vn -0.51428166 0.2631883 0.81623911
vn -0.90913501 0.38566532 0.15727616
vn -0.63420814 0.29789764 -0.71346831
vn -0.27422592 0.20616512 -0.93930617
vn -0.031292136 0.17891239 -0.98336726
vn 0.19880735 0.19354516 -0.96073717
vn 0.51428166 0.2631883 -0.81623911
vn 0.85375823 0.41114271 -0.31946606
vn 0.69838033 0.35541501 0.62124479
vn 0.31961277 0.24087528 0.91642063
vn 0.067254204 0.20181099 0.97711268
vn -0.1578592 0.2105719 0.96474864
vn -0.44853869 0.27488738 0.85044105
vn -0.85375823 0.41114271 0.31946606
vn -0.69838033 0.35541501 -0.62124479
vn -0.31961277 0.24087528 -0.91642063
vn -0.067254204 0.20181099 -0.97711268
vn 0.1578592 0.2105719 -0.96474864
vn 0.44853869 0.27488738 -0.85044105
vn 3.6435022e-17 -1 -1.6455705e-16
vn 0 1 -7.839315e-17
f 2043/2043/2043 2056/2056/2056 2044/2044/2044
f 2043/2043/2043 2055/2055/2055 2056/2056/2056
f 2044/2044/2044 2057/2057/2057 2045/2045/2045
f 2044/2044/2044 2056/2056/2056 2057/2057/2057
f 2045/2045/2045 2058/2058/2058 2046/2046/2046
f 2045/2045/2045 2057/2057/2057 2058/2058/2058
f 2046/2046/2046 2059/2059/2059 2047/2047/2047
f 2046/2046/2046 2058/2058/2058 2059/2059/2059
f 2047/2047/2047 2060/2060/2060 2048/2048/2048
f 2047/2047/2047 2059/2059/2059 2060/2060/2060
f 2048/2048/2048 2061/2061/2061 2049/2049/2049
f 2048/2048/2048 2060/2060/2060 2061/2061/2061
f 2049/2049/2049 2062/2062/2062 2050/2050/2050
f 2049/2049/2049 2061/2061/2061 2062/2062/2062
f 2050/2050/2050 2063/2063/2063 2051/2051/2051
f 2050/2050/2050 2062/2062/2062 2063/2063/2063
f 2051/2051/2051 2064/2064/2064 2052/2052/2052
f 2051/2051/2051 2063/2063/2063 2064/2064/2064
f 2052/2052/2052 2065/2065/2065 2053/2053/2053
f 2052/2052/2052 2064/2064/2064 2065/2065/2065
f 2053/2053/2053 2066/2066/2066 2054/2054/2054
f 2053/2053/2053 2065/2065/2065 2066/2066/2066
f 2054/2054/2054 2055/2055/2055 2043/2043/2043
f 2054/2054/2054 2066/2066/2066 2055/2055/2055
f 2055/2055/2055 2068/2068/2068 2056/2056/2056
f 2055/2055/2055 2067/2067/2067 2068/2068/2068
f 2056/2056/2056 2069/2069/2069 2057/2057/2057
f 2056/2056/2056 2068/2068/2068 2069/2069/2069
f 2057/2057/2057 2070/2070/2070 2058/2058/2058
f 2057/2057/2057 2069/2069/2069 2070/2070/2070
f 2058/2058/2058 2071/2071/2071 2059/2059/2059
f 2058/2058/2058 2070/2070/2070 2071/2071/2071
f 2059/2059/2059 2072/2072/2072 2060/2060/2060
f 2059/2059/2059 2071/2071/2071 2072/2072/2072
f 2060/2060/2060 2073/2073/2073 2061/2061/2061
f 2060/2060/2060 2072/2072/2072 2073/2073/2073
f 2061/2061/2061 2074/2074/2074 2062/2062/2062
f 2061/2061/2061 2073/2073/2073 2074/2074/2074
f 2062/2062/2062 2075/2075/2075 2063/2063/2063
f 2062/2062/2062 2074/2074/2074 2075/2075/2075
f 2063/2063/2063 2076/2076/2076 2064/2064/2064
f 2063/2063/2063 2075/2075/2075 2076/2076/2076
f 2064/2064/2064 2077/2077/2077 2065/2065/2065
f 2064/2064/2064 2076/2076/2076 2077/2077/2077
f 2065/2065/2065 2078/2078/2078 2066/2066/2066
f 2065/2065/2065 2077/2077/2077 2078/2078/2078
f 2066/2066/2066 2067/2067/2067 2055/2055/2055
f 2066/2066/2066 2078/2078/2078 2067/2067/2067
f 2067/2067/2067 2080/2080/2080 2068/2068/2068
f 2067/2067/2067 2079/2079/2079 2080/2080/2080
f 2068/2068/2068 2081/2081/2081 2069/2069/2069
f 2068/2068/2068 2080/2080/2080 2081/2081/2081
f 2069/2069/2069 2082/2082/2082 2070/2070/2070
f 2069/2069/2069 2081/2081/2081 2082/2082/2082
f 2070/2070/2070 2083/2083/2083 2071/2071/2071
f 2070/2070/2070 2082/2082/2082 2083/2083/2083
f 2071/2071/2071 2084/2084/2084 2072/2072/2072
f 2071/2071/2071 2083/2083/2083 2084/2084/2084
f 2072/2072/2072 2085/2085/2085 2073/2073/2073
f 2072/2072/2072 2084/2084/2084 2085/2085/2085
f 2073/2073/2073 2086/2086/2086 2074/2074/2074
f 2073/2073/2073 2085/2085/2085 2086/2086/2086
f 2074/2074/2074 2087/2087/2087 2075/2075/2075
f 2074/2074/2074 2086/2086/2086 2087/2087/2087
f 2075/2075/2075 2088/2088/2088 2076/2076/2076
f 2075/2075/2075 2087/2087/2087 2088/2088/2088
f 2076/2076/2076 2089/2089/2089 2077/2077/2077
f 2076/2076/2076 2088/2088/2088 2089/2089/2089
f 2077/2077/2077 2090/2090/2090 2078/2078/2078
f 2077/2077/2077 2089/2089/2089 2090/2090/2090
f 2078/2078/2078 2079/2079/2079 2067/2067/2067
f 2078/2078/2078 2090/2090/2090 2079/2079/2079
f 2079/2079/2079 2092/2092/2092 2080/2080/2080
f 2079/2079/2079 2091/2091/2091 2092/2092/2092
f 2080/2080/2080 2093/2093/2093 2081/2081/2081
f 2080/2080/2080 2092/2092/2092 2093/2093/2093
f 2081/2081/2081 2094/2094/2094 2082/2082/2082
f 2081/2081/2081 2093/2093/2093 2094/2094/2094
f 2082/2082/2082 2095/2095/2095 2083/2083/2083
f 2082/2082/2082 2094/2094/2094 2095/2095/2095
f 2083/2083/2083 2096/2096/2096 2084/2084/2084
f 2083/2083/2083 2095/2095/2095 2096/2096/2096
f 2084/2084/2084 2097/2097/2097 2085/2085/2085
f 2084/2084/2084 2096/2096/2096 2097/2097/2097
f 2085/2085/2085 2098/2098/2098 2086/2086/2086
f 2085/2085/2085 2097/2097/2097 2098/2098/2098
f 2086/2086/2086 2099/2099/2099 2087/2087/2087
f 2086/2086/2086 2098/2098/2098 2099/2099/2099
f 2087/2087/2087 2100/2100/2100 2088/2088/2088
f 2087/2087/2087 2099/2099/2099 2100/2100/2100
f 2088/2088/2088 2101/2101/2101 2089/2089/2089
f 2088/2088/2088 2100/2100/2100 2101/2101/2101
f 2089/2089/2089 2102/2102/2102 2090/2090/2090
f 2089/2089/2089 2101/2101/2101 2102/2102/2102
f 2090/2090/2090 2091/2091/2091 2079/2079/2079
f 2090/2090/2090 2102/2102/2102 2091/2091/2091
f 2103/2103/2103 2043/2043/2043 2044/2044/2044
f 2091/2091/2091 2104/2104/2104 2092/2092/2092
f 2103/2103/2103 2044/2044/2044 2045/2045/2045
f 2092/2092/2092 2104/2104/2104 2093/2093/2093
f 2103/2103/2103 2045/2045/2045 2046/2046/2046
f 2093/2093/2093 2104/2104/2104 2094/2094/2094
f 2103/2103/2103 2046/2046/2046 2047/2047/2047
f 2094/2094/2094 2104/2104/2104 2095/2095/2095
f 2103/2103/2103 2047/2047/2047 2048/2048/2048
f 2095/2095/2095 2104/2104/2104 2096/2096/2096
f 2103/2103/2103 2048/2048/2048 2049/2049/2049
f 2096/2096/2096 2104/2104/2104 2097/2097/2097
f 2103/2103/2103 2049/2049/2049 2050/2050/2050
f 2097/2097/2097 2104/2104/2104 2098/2098/2098
f 2103/2103/2103 2050/2050/2050 2051/2051/2051
f 2098/2098/2098 2104/2104/2104 2099/2099/2099
f 2103/2103/2103 2051/2051/2051 2052/2052/2052
f 2099/2099/2099 2104/2104/2104 2100/2100/2100
f 2103/2103/2103 2052/2052/2052 2053/2053/2053
f 2100/2100/2100 2104/2104/2104 2101/2101/2101
f 2103/2103/2103 2053/2053/2053 2054/2054/2054
f 2101/2101/2101 2104/2104/2104 2102/2102/2102
f 2103/2103/2103 2054/2054/2054 2043/2043/2043
f 2102/2102/2102 2104/2104/2104 2091/2091/2091
usemtl rope
v 0.25256432 0.40161078 -0.005 0.84 0.76 0.61
v 0.27005291 0.38389266 -0.005 0.84 0.76 0.61
v 0.25256432 0.36617454 -0.005 0.84 0.76 0.61
v 0.23507574 0.38389266 -0.005 0.84 0.76 0.61
v 0.22873544 0.3939431 0.02542439 0.84 0.76 0.61
v 0.24724579 0.38192611 0.032592072 0.84 0.76 0.61
v 0.24072715 0.36065456 0.02542439 0.84 0.76 0.61
v 0.22221679 0.37267155 0.018256709 0.84 0.76 0.61
v 0.18001468 0.37592843 0.04769659 0.84 0.76 0.61
v 0.19200534 0.36150075 0.05799715 0.84 0.76 0.61
v 0.1920064 0.34263989 0.04769659 0.84 0.76 0.61
v 0.18001574 0.35706756 0.03739603 0.84 0.76 0.61
v 0.1134609 0.35131992 0.05584878 0.84 0.76 0.61
v 0.11945676 0.33467565 0.066912195 0.84 0.76 0.61
v 0.12545261 0.31803138 0.05584878 0.84 0.76 0.61
v 0.11945676 0.33467565 0.044785366 0.84 0.76 0.61
v 0.046907116 0.32671142 0.04769659 0.84 0.76 0.61
v 0.046908176 0.30785055 0.05799715 0.84 0.76 0.61
v 0.058898827 0.29342288 0.04769659 0.84 0.76 0.61
v 0.058897768 0.31228375 0.03739603 0.84 0.76 0.61
v -0.0018136354 0.30869674 0.02542439 0.84 0.76 0.61
v -0.0083322804 0.28742519 0.032592072 0.84 0.76 0.61
v 0.010178076 0.2754082 0.02542439 0.84 0.76 0.61
v 0.016696721 0.29667976 0.018256709 0.84 0.76 0.61
v -0.013650813 0.26774052 -0.005 0.84 0.76 0.61
v 0.003837773 0.28545864 -0.005 0.84 0.76 0.61
v -0.013650813 0.30317677 -0.005 0.84 0.76 0.61
v -0.031139398 0.28545864 -0.005 0.84 0.76 0.61
v 0.010178076 0.2754082 -0.03542439 0.84 0.76 0.61
v 0.016696721 0.29667976 -0.028256709 0.84 0.76 0.61
v -0.0018136354 0.30869674 -0.03542439 0.84 0.76 0.61
v -0.0083322804 0.28742519 -0.042592072 0.84 0.76 0.61
v 0.058898827 0.29342288 -0.05769659 0.84 0.76 0.61
v 0.058897768 0.31228375 -0.04739603 0.84 0.76 0.61
v 0.046907116 0.32671142 -0.05769659 0.84 0.76 0.61
v 0.046908176 0.30785055 -0.06799715 0.84 0.76 0.61
v 0.12545261 0.31803138 -0.06584878 0.84 0.76 0.61
v 0.11945676 0.33467565 -0.054785366 0.84 0.76 0.61
v 0.1134609 0.35131992 -0.06584878 0.84 0.76 0.61
v 0.11945676 0.33467565 -0.076912195 0.84 0.76 0.61
v 0.1920064 0.34263989 -0.05769659 0.84 0.76 0.61
v 0.18001574 0.35706756 -0.04739603 0.84 0.76 0.61
v 0.18001468 0.37592843 -0.05769659 0.84 0.76 0.61
v 0.19200534 0.36150075 -0.06799715 0.84 0.76 0.61
v 0.24072715 0.36065456 -0.03542439 0.84 0.76 0.61
v 0.22221679 0.37267155 -0.028256709 0.84 0.76 0.61
v 0.22873544 0.3939431 -0.03542439 0.84 0.76 0.61
v 0.24724579 0.38192611 -0.042592072 0.84 0.76 0.61
vt 0 0
vt 0 0
vt 0 0
vt 0 0
vt 0 0
vt 0 0
vt 0 0
vt 0 0
vt 0 0
vt 0 0
vt 0 0
vt 0 0
vt 0 0
vt 0 0
vt 0 0
vt 0 0
vt 0 0
vt 0 0
vt 0 0
vt 0 0
vt 0 0
vt 0 0
vt 0 0
vt 0 0
vt 0 0
vt 0 0
vt 0 0
vt 0 0
vt 0 0
vt 0 0
vt 0 0
vt 0 0
vt 0 0
vt 0 0
vt 0 0
vt 0 0
vt 0 0
vt 0 0
vt 0 0
vt 0 0
vt 0 0
vt 0 0
vt 0 0
vt 0 0
vt 0 0
vt 0 0
vt 0 0
vt 0 0
vn 0.39746048 0.89879626 -0.18490658
vn 0.9450059 -0.31757155 0.078180283
vn -0.32747994 -0.91220264 -0.24625845
vn -0.82532719 0.39691001 -0.40161856
vn -0.28289754 0.92605034 0.24979944
vn 0.59208208 0.14350027 0.79299841
vn 0.3624029 -0.92428675 -0.11982549
vn -0.59837997 -0.12610301 -0.79122654
vn -0.3821403 0.9148899 0.13017398
vn 0.23417908 0.067331786 0.96985906
vn 0.4135693 -0.91018866 -0.022738626
vn -0.22948152 -0.062953734 -0.97127497
vn -0.40304213 0.91392797 0.047882194
vn -1.6431654e-17 3.2437565e-17 1
vn 0.40304213 -0.91392797 0.047882194
vn 1.8531158e-17 -3.6582176e-17 -1
vn -0.4135693 0.91018866 -0.022738626
vn -0.23417908 -0.067331786 0.96985906
vn 0.3821403 -0.9148899 0.13017398
vn 0.22948152 0.062953734 -0.97127497
vn -0.20481117 0.81459331 -0.54266945
vn -0.62547486 0.080498925 0.77608062
vn -0.074969445 -0.96144244 0.26459029
vn 0.40329671 -0.14340533 -0.90376251
vn 0.41416083 -0.85526338 0.31144077
vn 0.72755995 0.43948365 0.52679279
vn -0.52772612 0.81316086 0.24550877
vn -0.87321543 -0.47714 -0.099157619
vn 0.20072051 -0.97357498 0.10891757
vn 0.51818385 0.18511055 0.83499676
vn -0.32419682 0.92998891 -0.17325431
vn -0.56737477 -0.20310494 -0.79801895
vn 0.27796524 -0.96032131 0.022766176
vn 0.21663271 0.097753874 0.97134672
vn -0.30494612 0.94341898 -0.13026315
vn -0.22308159 -0.097390822 -0.96992249
vn 0.2884165 -0.95630462 -0.047931221
vn 3.2429526e-16 -5.4873264e-17 1
vn -0.2884165 0.95630462 -0.047931221
vn -2.9576977e-16 6.4875131e-17 -1
vn 0.30494612 -0.94341898 -0.13026315
vn -0.21663271 -0.097753874 0.97134672
vn -0.27796524 0.96032131 0.022766176
vn 0.22308159 0.097390822 -0.96992249
vn 0.68008123 -0.65623855 -0.32686463
vn -0.25704287 -0.46139332 0.84914378
vn -0.50455064 0.70187736 0.50278904
vn 0.41225597 0.50051905 -0.76126585
f 2105/2105/2105 2110/2110/2110 2106/2106/2106
f 2105/2105/2105 2109/2109/2109 2110/2110/2110
f 2106/2106/2106 2111/2111/2111 2107/2107/2107
f 2106/2106/2106 2110/2110/2110 2111/2111/2111
f 2107/2107/2107 2112/2112/2112 2108/2108/2108
f 2107/2107/2107 2111/2111/2111 2112/2112/2112
f 2108/2108/2108 2109/2109/2109 2105/2105/2105
f 2108/2108/2108 2112/2112/2112 2109/2109/2109
f 2109/2109/2109 2114/2114/2114 2110/2110/2110
f 2109/2109/2109 2113/2113/2113 2114/2114/2114
f 2110/2110/2110 2115/2115/2115 2111/2111/2111
f 2110/2110/2110 2114/2114/2114 2115/2115/2115
f 2111/2111/2111 2116/2116/2116 2112/2112/2112
f 2111/2111/2111 2115/2115/2115 2116/2116/2116
f 2112/2112/2112 2113/2113/2113 2109/2109/2109
f 2112/2112/2112 2116/2116/2116 2113/2113/2113
f 2113/2113/2113 2118/2118/2118 2114/2114/2114
f 2113/2113/2113 2117/2117/2117 2118/2118/2118
f 2114/2114/2114 2119/2119/2119 2115/2115/2115
f 2114/2114/2114 2118/2118/2118 2119/2119/2119
f 2115/2115/2115 2120/2120/2120 2116/2116/2116
f 2115/2115/2115 2119/2119/2119 2120/2120/2120
f 2116/2116/2116 2117/2117/2117 2113/2113/2113
f 2116/2116/2116 2120/2120/2120 2117/2117/2117
f 2117/2117/2117 2122/2122/2122 2118/2118/2118
f 2117/2117/2117 2121/2121/2121 2122/2122/2122
f 2118/2118/2118 2123/2123/2123 2119/2119/2119
f 2118/2118/2118 2122/2122/2122 2123/2123/2123
f 2119/2119/2119 2124/2124/2124 2120/2120/2120
f 2119/2119/2119 2123/2123/2123 2124/2124/2124
f 2120/2120/2120 2121/2121/2121 2117/2117/2117
f 2120/2120/2120 2124/2124/2124 2121/2121/2121
f 2121/2121/2121 2126/2126/2126 2122/2122/2122
f 2121/2121/2121 2125/2125/2125 2126/2126/2126
f 2122/2122/2122 2127/2127/2127 2123/2123/2123
f 2122/2122/2122 2126/2126/2126 2127/2127/2127
f 2123/2123/2123 2128/2128/2128 2124/2124/2124
f 2123/2123/2123 2127/2127/2127 2128/2128/2128
f 2124/2124/2124 2125/2125/2125 2121/2121/2121
f 2124/2124/2124 2128/2128/2128 2125/2125/2125
f 2125/2125/2125 2130/2130/2130 2126/2126/2126
f 2125/2125/2125 2129/2129/2129 2130/2130/2130
f 2126/2126/2126 2131/2131/2131 2127/2127/2127
f 2126/2126/2126 2130/2130/2130 2131/2131/2131
f 2127/2127/2127 2132/2132/2132 2128/2128/2128
f 2127/2127/2127 2131/2131/2131 2132/2132/2132
f 2128/2128/2128 2129/2129/2129 2125/2125/2125
f 2128/2128/2128 2132/2132/2132 2129/2129/2129
f 2129/2129/2129 2134/2134/2134 2130/2130/2130
f 2129/2129/2129 2133/2133/2133 2134/2134/2134
f 2130/2130/2130 2135/2135/2135 2131/2131/2131
f 2130/2130/2130 2134/2134/2134 2135/2135/2135
f 2131/2131/2131 2136/2136/2136 2132/2132/2132
f 2131/2131/2131 2135/2135/2135 2136/2136/2136
f 2132/2132/2132 2133/2133/2133 2129/2129/2129
f 2132/2132/2132 2136/2136/2136 2133/2133/2133
f 2133/2133/2133 2138/2138/2138 2134/2134/2134
f 2133/2133/2133 2137/2137/2137 2138/2138/2138
f 2134/2134/2134 2139/2139/2139 2135/2135/2135
f 2134/2134/2134 2138/2138/2138 2139/2139/2139
f 2135/2135/2135 2140/2140/2140 2136/2136/2136
f 2135/2135/2135 2139/2139/2139 2140/2140/2140
f 2136/2136/2136 2137/2137/2137 2133/2133/2133
f 2136/2136/2136 2140/2140/2140 2137/2137/2137
f 2137/2137/2137 2142/2142/2142 2138/2138/2138
f 2137/2137/2137 2141/2141/2141 2142/2142/2142
f 2138/2138/2138 2143/2143/2143 2139/2139/2139
f 2138/2138/2138 2142/2142/2142 2143/2143/2143
f 2139/2139/2139 2144/2144/2144 2140/2140/2140
f 2139/2139/2139 2143/2143/2143 2144/2144/2144
f 2140/2140/2140 2141/2141/2141 2137/2137/2137
f 2140/2140/2140 2144/2144/2144 2141/2141/2141
f 2141/2141/2141 2146/2146/2146 2142/2142/2142
f 2141/2141/2141 2145/2145/2145 2146/2146/2146
f 2142/2142/2142 2147/2147/2147 2143/2143/2143
f 2142/2142/2142 2146/2146/2146 2147/2147/2147
f 2143/2143/2143 2148/2148/2148 2144/2144/2144
f 2143/2143/2143 2147/2147/2147 2148/2148/2148
f 2144/2144/2144 2145/2145/2145 2141/2141/2141
f 2144/2144/2144 2148/2148/2148 2145/2145/2145
f 2145/2145/2145 2150/2150/2150 2146/2146/2146
f 2145/2145/2145 2149/2149/2149 2150/2150/2150
f 2146/2146/2146 2151/2151/2151 2147/2147/2147
f 2146/2146/2146 2150/2150/2150 2151/2151/2151
f 2147/2147/2147 2152/2152/2152 2148/2148/2148
f 2147/2147/2147 2151/2151/2151 2152/2152/2152
f 2148/2148/2148 2149/2149/2149 2145/2145/2145
f 2148/2148/2148 2152/2152/2152 2149/2149/2149
f 2149/2149/2149 2106/2106/2106 2150/2150/2150
f 2149/2149/2149 2105/2105/2105 2106/2106/2106
f 2150/2150/2150 2107/2107/2107 2151/2151/2151
f 2150/2150/2150 2106/2106/2106 2107/2107/2107
f 2151/2151/2151 2108/2108/2108 2152/2152/2152
f 2151/2151/2151 2107/2107/2107 2108/2108/2108
f 2152/2152/2152 2105/2105/2105 2149/2149/2149
f 2152/2152/2152 2108/2108/2108 2105/2105/2105
usemtl rope
v 0.25839385 0.30317677 -0.005 0.84 0.76 0.61
v 0.27588244 0.28545864 -0.005 0.84 0.76 0.61
v 0.25839385 0.26774052 -0.005 0.84 0.76 0.61
v 0.24090527 0.28545864 -0.005 0.84 0.76 0.61
v 0.24555203 0.30877769 0.027268293 0.84 0.76 0.61
v 0.25246426 0.28755914 0.03434912 0.84 0.76 0.61
v 0.23400759 0.27532725 0.027268293 0.84 0.76 0.61
v 0.22709536 0.29654581 0.020187465 0.84 0.76 0.61
v 0.19469752 0.32679237 0.050890322 0.84 0.76 0.61
v 0.1950587 0.30789446 0.061161835 0.84 0.76 0.61
v 0.18315309 0.29334193 0.050890322 0.84 0.76 0.61
v 0.18279191 0.31223984 0.040618809 0.84 0.76 0.61
v 0.12522898 0.35140087 0.059536585 0.84 0.76 0.61
v 0.11945676 0.33467565 0.0706 0.84 0.76 0.61
v 0.11368454 0.31795043 0.059536585 0.84 0.76 0.61
v 0.11945676 0.33467565 0.048473171 0.84 0.76 0.61
v 0.055760427 0.37600938 0.050890322 0.84 0.76 0.61
v 0.043854813 0.36145685 0.061161835 0.84 0.76 0.61
v 0.044215988 0.34255894 0.050890322 0.84 0.76 0.61
v 0.056121601 0.35711147 0.040618809 0.84 0.76 0.61
v 0.0049059194 0.39402405 0.027268293 0.84 0.76 0.61
v -0.013550752 0.38179217 0.03434912 0.84 0.76 0.61
v -0.0066385189 0.36057361 0.027268293 0.84 0.76 0.61
v 0.011818152 0.3728055 0.020187465 0.84 0.76 0.61
v -0.019480341 0.36617454 -0.005 0.84 0.76 0.61
v -0.0019917556 0.38389266 -0.005 0.84 0.76 0.61
v -0.019480341 0.40161078 -0.005 0.84 0.76 0.61
v -0.036968927 0.38389266 -0.005 0.84 0.76 0.61
v -0.0066385189 0.36057361 -0.037268293 0.84 0.76 0.61
v 0.011818152 0.3728055 -0.030187465 0.84 0.76 0.61
v 0.0049059194 0.39402405 -0.037268293 0.84 0.76 0.61
v -0.013550752 0.38179217 -0.04434912 0.84 0.76 0.61
v 0.044215988 0.34255894 -0.060890322 0.84 0.76 0.61
v 0.056121601 0.35711147 -0.050618809 0.84 0.76 0.61
v 0.055760427 0.37600938 -0.060890322 0.84 0.76 0.61
v 0.043854813 0.36145685 -0.071161835 0.84 0.76 0.61
v 0.11368454 0.31795043 -0.069536585 0.84 0.76 0.61
v 0.11945676 0.33467565 -0.058473171 0.84 0.76 0.61
v 0.12522898 0.35140087 -0.069536585 0.84 0.76 0.61
v 0.11945676 0.33467565 -0.0806 0.84 0.76 0.61
v 0.18315309 0.29334193 -0.060890322 0.84 0.76 0.61
v 0.18279191 0.31223984 -0.050618809 0.84 0.76 0.61
v 0.19469752 0.32679237 -0.060890322 0.84 0.76 0.61
v 0.1950587 0.30789446 -0.071161835 0.84 0.76 0.61
v 0.23400759 0.27532725 -0.037268293 0.84 0.76 0.61
v 0.22709536 0.29654581 -0.030187465 0.84 0.76 0.61
v 0.24555203 0.30877769 -0.037268293 0.84 0.76 0.61
v 0.25246426 0.28755914 -0.04434912 0.84 0.76 0.61
vt 0 0
vt 0 0
vt 0 0
vt 0 0
vt 0 0
vt 0 0
vt 0 0
vt 0 0
vt 0 0
vt 0 0
vt 0 0
vt 0 0
vt 0 0
vt 0 0
vt 0 0
vt 0 0
vt 0 0
vt 0 0
vt 0 0
vt 0 0
vt 0 0
vt 0 0
vt 0 0
vt 0 0
vt 0 0
vt 0 0
vt 0 0
vt 0 0
vt 0 0
vt 0 0
vt 0 0
vt 0 0
vt 0 0
vt 0 0
vt 0 0
vt 0 0
vt 0 0
vt 0 0
vt 0 0
vt 0 0
vt 0 0
vt 0 0
vt 0 0
vt 0 0
vt 0 0
vt 0 0
vt 0 0
vt 0 0
vn 0.5252331 0.81831341 -0.2334381
vn 0.87394411 -0.47524949 0.10178217
vn -0.42091975 -0.85872615 -0.2922601
vn -0.73822287 0.44313063 -0.50858848
vn 0.30810603 0.93593939 0.17055246
vn 0.57676805 -0.19653973 0.79291282
vn -0.19188379 -0.97533173 -0.10912665
vn -0.53218023 0.1806393 -0.82713581
vn 0.29079397 0.94814022 0.12833154
vn 0.22894558 -0.095331018 0.96875999
vn -0.26401162 -0.96421446 -0.024255638
vn -0.2228976 0.095737205 -0.9701294
vn 0.27403705 0.96057071 0.046985105
vn 1.1481497e-16 7.8156933e-17 1
vn -0.27403705 -0.96057071 0.046985105
vn -1.4253941e-16 -3.5173205e-17 -1
vn 0.26401162 0.96421446 -0.024255638
vn -0.22894558 0.095331018 0.96875999
vn -0.29079397 -0.94814022 0.12833154
vn 0.2228976 -0.095737205 -0.9701294
vn 0.50316145 0.70667998 -0.49742534
vn -0.42120942 0.49879617 0.75748598
vn -0.67160878 -0.66579667 0.32504838
vn 0.27162073 -0.46237246 -0.84405799
vn 0.33450676 -0.91332379 0.23226037
vn 0.83004077 0.39702419 0.39166837
vn -0.39993205 0.89914395 0.17774847
vn -0.94247988 -0.32434643 -0.080815073
vn -0.35030205 -0.92887755 0.120312
vn 0.6065546 -0.1244794 0.78523652
vn 0.27428227 0.93049788 -0.24278164
vn -0.6002398 0.14007388 -0.78745888
vn -0.40174182 -0.91543245 0.024226943
vn 0.23475633 -0.062209934 0.97006154
vn 0.37086911 0.91978782 -0.1282438
vn -0.23923175 0.066247659 -0.96869986
vn -0.39168002 -0.91890349 -0.046937627
vn 1.9599169e-16 -2.9897224e-16 1
vn 0.39168002 0.91890349 -0.046937627
vn -1.821203e-16 2.9699635e-16 -1
vn -0.37086911 -0.91978782 -0.1282438
vn -0.23475633 0.062209934 0.97006154
vn 0.40174182 0.91543245 0.024226943
vn 0.23923175 -0.066247659 -0.96869986
vn 0.086033017 -0.95974266 -0.26738051
vn -0.41472002 -0.14870358 0.8977163
vn 0.17882574 0.8247422 0.53649013
vn 0.62730791 0.091469185 -0.773381
f 2153/2153/2153 2158/2158/2158 2154/2154/2154
f 2153/2153/2153 2157/2157/2157 2158/2158/2158
f 2154/2154/2154 2159/2159/2159 2155/2155/2155
f 2154/2154/2154 2158/2158/2158 2159/2159/2159
f 2155/2155/2155 2160/2160/2160 2156/2156/2156
f 2155/2155/2155 2159/2159/2159 2160/2160/2160
f 2156/2156/2156 2157/2157/2157 2153/2153/2153
f 2156/2156/2156 2160/2160/2160 2157/2157/2157
f 2157/2157/2157 2162/2162/2162 2158/2158/2158
f 2157/2157/2157 2161/2161/2161 2162/2162/2162
f 2158/2158/2158 2163/2163/2163 2159/2159/2159
f 2158/2158/2158 2162/2162/2162 2163/2163/2163
f 2159/2159/2159 2164/2164/2164 2160/2160/2160
f 2159/2159/2159 2163/2163/2163 2164/2164/2164
f 2160/2160/2160 2161/2161/2161 2157/2157/2157
f 2160/2160/2160 2164/2164/2164 2161/2161/2161
f 2161/2161/2161 2166/2166/2166 2162/2162/2162
f 2161/2161/2161 2165/2165/2165 2166/2166/2166
f 2162/2162/2162 2167/2167/2167 2163/2163/2163
f 2162/2162/2162 2166/2166/2166 2167/2167/2167
f 2163/2163/2163 2168/2168/2168 2164/2164/2164
f 2163/2163/2163 2167/2167/2167 2168/2168/2168
f 2164/2164/2164 2165/2165/2165 2161/2161/2161
f 2164/2164/2164 2168/2168/2168 2165/2165/2165
f 2165/2165/2165 2170/2170/2170 2166/2166/2166
f 2165/2165/2165 2169/2169/2169 2170/2170/2170
f 2166/2166/2166 2171/2171/2171 2167/2167/2167
f 2166/2166/2166 2170/2170/2170 2171/2171/2171
f 2167/2167/2167 2172/2172/2172 2168/2168/2168
f 2167/2167/2167 2171/2171/2171 2172/2172/2172
f 2168/2168/2168 2169/2169/2169 2165/2165/2165
f 2168/2168/2168 2172/2172/2172 2169/2169/2169
f 2169/2169/2169 2174/2174/2174 2170/2170/2170
f 2169/2169/2169 2173/2173/2173 2174/2174/2174
f 2170/2170/2170 2175/2175/2175 2171/2171/2171
f 2170/2170/2170 2174/2174/2174 2175/2175/2175
f 2171/2171/2171 2176/2176/2176 2172/2172/2172
f 2171/2171/2171 2175/2175/2175 2176/2176/2176
f 2172/2172/2172 2173/2173/2173 2169/2169/2169
f 2172/2172/2172 2176/2176/2176 2173/2173/2173
f 2173/2173/2173 2178/2178/2178 2174/2174/2174
f 2173/2173/2173 2177/2177/2177 2178/2178/2178
f 2174/2174/2174 2179/2179/2179 2175/2175/2175
f 2174/2174/2174 2178/2178/2178 2179/2179/2179
f 2175/2175/2175 2180/2180/2180 2176/2176/2176
f 2175/2175/2175 2179/2179/2179 2180/2180/2180
f 2176/2176/2176 2177/2177/2177 2173/2173/2173
f 2176/2176/2176 2180/2180/2180 2177/2177/2177
f 2177/2177/2177 2182/2182/2182 2178/2178/2178
f 2177/2177/2177 2181/2181/2181 2182/2182/2182
f 2178/2178/2178 2183/2183/2183 2179/2179/2179
f 2178/2178/2178 2182/2182/2182 2183/2183/2183
f 2179/2179/2179 2184/2184/2184 2180/2180/2180
f 2179/2179/2179 2183/2183/2183 2184/2184/2184
f 2180/2180/2180 2181/2181/2181 2177/2177/2177
f 2180/2180/2180 2184/2184/2184 2181/2181/2181
f 2181/2181/2181 2186/2186/2186 2182/2182/2182
f 2181/2181/2181 2185/2185/2185 2186/2186/2186
f 2182/2182/2182 2187/2187/2187 2183/2183/2183
f 2182/2182/2182 2186/2186/2186 2187/2187/2187
f 2183/2183/2183 2188/2188/2188 2184/2184/2184
f 2183/2183/2183 2187/2187/2187 2188/2188/2188
f 2184/2184/2184 2185/2185/2185 2181/2181/2181
f 2184/2184/2184 2188/2188/2188 2185/2185/2185
f 2185/2185/2185 2190/2190/2190 2186/2186/2186
f 2185/2185/2185 2189/2189/2189 2190/2190/2190
f 2186/2186/2186 2191/2191/2191 2187/2187/2187
f 2186/2186/2186 2190/2190/2190 2191/2191/2191
f 2187/2187/2187 2192/2192/2192 2188/2188/2188
f 2187/2187/2187 2191/2191/2191 2192/2192/2192
f 2188/2188/2188 2189/2189/2189 2185/2185/2185
f 2188/2188/2188 2192/2192/2192 2189/2189/2189
f 2189/2189/2189 2194/2194/2194 2190/2190/2190
f 2189/2189/2189 2193/2193/2193 2194/2194/2194
f 2190/2190/2190 2195/2195/2195 2191/2191/2191
f 2190/2190/2190 2194/2194/2194 2195/2195/2195
f 2191/2191/2191 2196/2196/2196 2192/2192/2192
f 2191/2191/2191 2195/2195/2195 2196/2196/2196
f 2192/2192/2192 2193/2193/2193 2189/2189/2189
f 2192/2192/2192 2196/2196/2196 2193/2193/2193
f 2193/2193/2193 2198/2198/2198 2194/2194/2194
f 2193/2193/2193 2197/2197/2197 2198/2198/2198
f 2194/2194/2194 2199/2199/2199 2195/2195/2195
f 2194/2194/2194 2198/2198/2198 2199/2199/2199
f 2195/2195/2195 2200/2200/2200 2196/2196/2196
f 2195/2195/2195 2199/2199/2199 2200/2200/2200
f 2196/2196/2196 2197/2197/2197 2193/2193/2193
f 2196/2196/2196 2200/2200/2200 2197/2197/2197
f 2197/2197/2197 2154/2154/2154 2198/2198/2198
f 2197/2197/2197 2153/2153/2153 2154/2154/2154
f 2198/2198/2198 2155/2155/2155 2199/2199/2199
f 2198/2198/2198 2154/2154/2154 2155/2155/2155
f 2199/2199/2199 2156/2156/2156 2200/2200/2200
f 2199/2199/2199 2155/2155/2155 2156/2156/2156
f 2200/2200/2200 2153/2153/2153 2197/2197/2197
f 2200/2200/2200 2156/2156/2156 2153/2153/2153
usemtl rope
v 0.25256432 0.95284127 -0.005 0.84 0.76 0.61
v 0.27005291 0.93512315 -0.005 0.84 0.76 0.61
v 0.25256432 0.91740502 -0.005 0.84 0.76 0.61
v 0.23507574 0.93512315 -0.005 0.84 0.76 0.61
v 0.22873544 0.94517359 0.02542439 0.84 0.76 0.61
v 0.24724579 0.9331566 0.032592072 0.84 0.76 0.61
v 0.24072715 0.91188505 0.02542439 0.84 0.76 0.61
v 0.22221679 0.92390204 0.018256709 0.84 0.76 0.61
v 0.18001468 0.92715891 0.04769659 0.84 0.76 0.61
v 0.19200534 0.91273124 0.05799715 0.84 0.76 0.61
v 0.1920064 0.89387037 0.04769659 0.84 0.76 0.61
v 0.18001574 0.90829804 0.03739603 0.84 0.76 0.61
v 0.1134609 0.90255041 0.05584878 0.84 0.76 0.61
v 0.11945676 0.88590614 0.066912195 0.84 0.76 0.61
v 0.12545261 0.86926187 0.05584878 0.84 0.76 0.61
v 0.11945676 0.88590614 0.044785366 0.84 0.76 0.61
v 0.046907116 0.8779419 0.04769659 0.84 0.76 0.61
v 0.046908176 0.85908104 0.05799715 0.84 0.76 0.61
v 0.058898827 0.84465337 0.04769659 0.84 0.76 0.61
v 0.058897768 0.86351423 0.03739603 0.84 0.76 0.61
v -0.0018136354 0.85992723 0.02542439 0.84 0.76 0.61
v -0.0083322804 0.83865568 0.032592072 0.84 0.76 0.61
v 0.010178076 0.82663869 0.02542439 0.84 0.76 0.61
v 0.016696721 0.84791024 0.018256709 0.84 0.76 0.61
v -0.013650813 0.81897101 -0.005 0.84 0.76 0.61
v 0.003837773 0.83668913 -0.005 0.84 0.76 0.61
v -0.013650813 0.85440725 -0.005 0.84 0.76 0.61
v -0.031139398 0.83668913 -0.005 0.84 0.76 0.61
v 0.010178076 0.82663869 -0.03542439 0.84 0.76 0.61
v 0.016696721 0.84791024 -0.028256709 0.84 0.76 0.61
v -0.0018136354 0.85992723 -0.03542439 0.84 0.76 0.61
v -0.0083322804 0.83865568 -0.042592072 0.84 0.76 0.61
v 0.058898827 0.84465337 -0.05769659 0.84 0.76 0.61
v 0.058897768 0.86351423 -0.04739603 0.84 0.76 0.61
v 0.046907116 0.8779419 -0.05769659 0.84 0.76 0.61
v 0.046908176 0.85908104 -0.06799715 0.84 0.76 0.61
v 0.12545261 0.86926187 -0.06584878 0.84 0.76 0.61
v 0.11945676 0.88590614 -0.054785366 0.84 0.76 0.61
v 0.1134609 0.90255041 -0.06584878 0.84 0.76 0.61
v 0.11945676 0.88590614 -0.076912195 0.84 0.76 0.61
v 0.1920064 0.89387037 -0.05769659 0.84 0.76 0.61
v 0.18001574 0.90829804 -0.04739603 0.84 0.76 0.61
v 0.18001468 0.92715891 -0.05769659 0.84 0.76 0.61
v 0.19200534 0.91273124 -0.06799715 0.84 0.76 0.61
v 0.24072715 0.91188505 -0.03542439 0.84 0.76 0.61
v 0.22221679 0.92390204 -0.028256709 0.84 0.76 0.61
v 0.22873544 0.94517359 -0.03542439 0.84 0.76 0.61
v 0.24724579 0.9331566 -0.042592072 0.84 0.76 0.61
vt 0 0
vt 0 0
vt 0 0
vt 0 0
vt 0 0
vt 0 0
vt 0 0
vt 0 0
vt 0 0
vt 0 0
vt 0 0
vt 0 0
vt 0 0
vt 0 0
vt 0 0
vt 0 0
vt 0 0
vt 0 0
vt 0 0
vt 0 0
vt 0 0
vt 0 0
vt 0 0
vt 0 0
vt 0 0
vt 0 0
vt 0 0
vt 0 0
vt 0 0
vt 0 0
vt 0 0
vt 0 0
vt 0 0
vt 0 0
vt 0 0
vt 0 0
vt 0 0
vt 0 0
vt 0 0
vt 0 0
vt 0 0
vt 0 0
vt 0 0
vt 0 0
vt 0 0
vt 0 0
vt 0 0
vt 0 0
vn 0.39746048 0.89879626 -0.18490658
vn 0.9450059 -0.31757155 0.078180283
vn -0.32747994 -0.91220264 -0.24625845
vn -0.82532719 0.39691001 -0.40161856
vn -0.28289754 0.92605034 0.24979944
vn 0.59208208 0.14350027 0.79299841
vn 0.3624029 -0.92428675 -0.11982549
vn -0.59837997 -0.12610301 -0.79122654
vn -0.3821403 0.9148899 0.13017398
vn 0.23417908 0.067331786 0.96985906
vn 0.4135693 -0.91018866 -0.022738626
vn -0.22948152 -0.062953734 -0.97127497
vn -0.40304213 0.91392797 0.047882194
vn 5.7510788e-17 3.2437565e-17 1
vn 0.40304213 -0.91392797 0.047882194
vn -6.4859052e-17 -3.6582176e-17 -1
vn -0.4135693 0.91018866 -0.022738626
vn -0.23417908 -0.067331786 0.96985906
vn 0.3821403 -0.9148899 0.13017398
vn 0.22948152 0.062953734 -0.97127497
vn -0.20481117 0.81459331 -0.54266945
vn -0.62547486 0.080498925 0.77608062
vn -0.074969445 -0.96144244 0.26459029
vn 0.40329671 -0.14340533 -0.90376251
vn 0.41416083 -0.85526338 0.31144077
vn 0.72755995 0.43948365 0.52679279
vn -0.52772612 0.81316086 0.24550877
vn -0.87321543 -0.47714 -0.099157619
vn 0.20072051 -0.97357498 0.10891757
vn 0.51818385 0.18511055 0.83499676
vn -0.32419682 0.92998891 -0.17325431
vn -0.56737477 -0.20310494 -0.79801895
vn 0.27796524 -0.96032131 0.022766176
vn 0.21663271 0.097753874 0.97134672
vn -0.30494612 0.94341898 -0.13026315
vn -0.22308159 -0.097390822 -0.96992249
vn 0.2884165 -0.95630462 -0.047931221
vn 2.4090505e-16 -7.3164352e-17 1
vn -0.2884165 0.95630462 -0.047931221
vn -2.2182732e-16 6.4875131e-17 -1
vn 0.30494612 -0.94341898 -0.13026315
vn -0.21663271 -0.097753874 0.97134672
vn -0.27796524 0.96032131 0.022766176
vn 0.22308159 0.097390822 -0.96992249
vn 0.68008123 -0.65623855 -0.32686463
vn -0.25704287 -0.46139332 0.84914378
vn -0.50455064 0.70187736 0.50278904
vn 0.41225597 0.50051905 -0.76126585
f 2201/2201/2201 2206/2206/2206 2202/2202/2202
f 2201/2201/2201 2205/2205/2205 2206/2206/2206
f 2202/2202/2202 2207/2207/2207 2203/2203/2203
f 2202/2202/2202 2206/2206/2206 2207/2207/2207
f 2203/2203/2203 2208/2208/2208 2204/2204/2204
f 2203/2203/2203 2207/2207/2207 2208/2208/2208
f 2204/2204/2204 2205/2205/2205 2201/2201/2201
f 2204/2204/2204 2208/2208/2208 2205/2205/2205
f 2205/2205/2205 2210/2210/2210 2206/2206/2206
f 2205/2205/2205 2209/2209/2209 2210/2210/2210
f 2206/2206/2206 2211/2211/2211 2207/2207/2207
f 2206/2206/2206 2210/2210/2210 2211/2211/2211
f 2207/2207/2207 2212/2212/2212 2208/2208/2208
f 2207/2207/2207 2211/2211/2211 2212/2212/2212
f 2208/2208/2208 2209/2209/2209 2205/2205/2205
f 2208/2208/2208 2212/2212/2212 2209/2209/2209
f 2209/2209/2209 2214/2214/2214 2210/2210/2210
f 2209/2209/2209 2213/2213/2213 2214/2214/2214
f 2210/2210/2210 2215/2215/2215 2211/2211/2211
f 2210/2210/2210 2214/2214/2214 2215/2215/2215
f 2211/2211/2211 2216/2216/2216 2212/2212/2212
f 2211/2211/2211 2215/2215/2215 2216/2216/2216
f 2212/2212/2212 2213/2213/2213 2209/2209/2209
f 2212/2212/2212 2216/2216/2216 2213/2213/2213
f 2213/2213/2213 2218/2218/2218 2214/2214/2214
f 2213/2213/2213 2217/2217/2217 2218/2218/2218
f 2214/2214/2214 2219/2219/2219 2215/2215/2215
f 2214/2214/2214 2218/2218/2218 2219/2219/2219
f 2215/2215/2215 2220/2220/2220 2216/2216/2216
f 2215/2215/2215 2219/2219/2219 2220/2220/2220
f 2216/2216/2216 2217/2217/2217 2213/2213/2213
f 2216/2216/2216 2220/2220/2220 2217/2217/2217
f 2217/2217/2217 2222/2222/2222 2218/2218/2218
f 2217/2217/2217 2221/2221/2221 2222/2222/2222
f 2218/2218/2218 2223/2223/2223 2219/2219/2219
f 2218/2218/2218 2222/2222/2222 2223/2223/2223
f 2219/2219/2219 2224/2224/2224 2220/2220/2220
f 2219/2219/2219 2223/2223/2223 2224/2224/2224
f 2220/2220/2220 2221/2221/2221 2217/2217/2217
f 2220/2220/2220 2224/2224/2224 2221/2221/2221
f 2221/2221/2221 2226/2226/2226 2222/2222/2222
f 2221/2221/2221 2225/2225/2225 2226/2226/2226
f 2222/2222/2222 2227/2227/2227 2223/2223/2223
f 2222/2222/2222 2226/2226/2226 2227/2227/2227
f 2223/2223/2223 2228/2228/2228 2224/2224/2224
f 2223/2223/2223 2227/2227/2227 2228/2228/2228
f 2224/2224/2224 2225/2225/2225 2221/2221/2221
f 2224/2224/2224 2228/2228/2228 2225/2225/2225
f 2225/2225/2225 2230/2230/2230 2226/2226/2226
f 2225/2225/2225 2229/2229/2229 2230/2230/2230
f 2226/2226/2226 2231/2231/2231 2227/2227/2227
f 2226/2226/2226 2230/2230/2230 2231/2231/2231
f 2227/2227/2227 2232/2232/2232 2228/2228/2228
f 2227/2227/2227 2231/2231/2231 2232/2232/2232
f 2228/2228/2228 2229/2229/2229 2225/2225/2225
f 2228/2228/2228 2232/2232/2232 2229/2229/2229
f 2229/2229/2229 2234/2234/2234 2230/2230/2230
f 2229/2229/2229 2233/2233/2233 2234/2234/2234
f 2230/2230/2230 2235/2235/2235 2231/2231/2231
f 2230/2230/2230 2234/2234/2234 2235/2235/2235
f 2231/2231/2231 2236/2236/2236 2232/2232/2232
f 2231/2231/2231 2235/2235/2235 2236/2236/2236
f 2232/2232/2232 2233/2233/2233 2229/2229/2229
f 2232/2232/2232 2236/2236/2236 2233/2233/2233
f 2233/2233/2233 2238/2238/2238 2234/2234/2234
f 2233/2233/2233 2237/2237/2237 2238/2238/2238
f 2234/2234/2234 2239/2239/2239 2235/2235/2235
f 2234/2234/2234 2238/2238/2238 2239/2239/2239
f 2235/2235/2235 2240/2240/2240 2236/2236/2236
f 2235/2235/2235 2239/2239/2239 2240/2240/2240
f 2236/2236/2236 2237/2237/2237 2233/2233/2233
f 2236/2236/2236 2240/2240/2240 2237/2237/2237
f 2237/2237/2237 2242/2242/2242 2238/2238/2238
f 2237/2237/2237 2241/2241/2241 2242/2242/2242
f 2238/2238/2238 2243/2243/2243 2239/2239/2239
f 2238/2238/2238 2242/2242/2242 2243/2243/2243
f 2239/2239/2239 2244/2244/2244 2240/2240/2240
f 2239/2239/2239 2243/2243/2243 2244/2244/2244
f 2240/2240/2240 2241/2241/2241 2237/2237/2237
f 2240/2240/2240 2244/2244/2244 2241/2241/2241
f 2241/2241/2241 2246/2246/2246 2242/2242/2242
f 2241/2241/2241 2245/2245/2245 2246/2246/2246
f 2242/2242/2242 2247/2247/2247 2243/2243/2243
f 2242/2242/2242 2246/2246/2246 2247/2247/2247
f 2243/2243/2243 2248/2248/2248 2244/2244/2244
f 2243/2243/2243 2247/2247/2247 2248/2248/2248
f 2244/2244/2244 2245/2245/2245 2241/2241/2241
f 2244/2244/2244 2248/2248/2248 2245/2245/2245
f 2245/2245/2245 2202/2202/2202 2246/2246/2246
f 2245/2245/2245 2201/2201/2201 2202/2202/2202
f 2246/2246/2246 2203/2203/2203 2247/2247/2247
f 2246/2246/2246 2202/2202/2202 2203/2203/2203
f 2247/2247/2247 2204/2204/2204 2248/2248/2248
f 2247/2247/2247 2203/2203/2203 2204/2204/2204
f 2248/2248/2248 2201/2201/2201 2245/2245/2245
f 2248/2248/2248 2204/2204/2204 2201/2201/2201
usemtl rope
v 0.25839385 0.85440725 -0.005 0.84 0.76 0.61
v 0.27588244 0.83668913 -0.005 0.84 0.76 0.61
v 0.25839385 0.81897101 -0.005 0.84 0.76 0.61
v 0.24090527 0.83668913 -0.005 0.84 0.76 0.61
v 0.24555203 0.86000818 0.027268293 0.84 0.76 0.61
v 0.25246426 0.83878963 0.03434912 0.84 0.76 0.61
v 0.23400759 0.82655774 0.027268293 0.84 0.76 0.61
v 0.22709536 0.84777629 0.020187465 0.84 0.76 0.61
v 0.19469752 0.87802286 0.050890322 0.84 0.76 0.61
v 0.1950587 0.85912494 0.061161835 0.84 0.76 0.61
v 0.18315309 0.84457241 0.050890322 0.84 0.76 0.61
v 0.18279191 0.86347033 0.040618809 0.84 0.76 0.61
v 0.12522898 0.90263136 0.059536585 0.84 0.76 0.61
v 0.11945676 0.88590614 0.0706 0.84 0.76 0.61
v 0.11368454 0.86918092 0.059536585 0.84 0.76 0.61
v 0.11945676 0.88590614 0.048473171 0.84 0.76 0.61
v 0.055760427 0.92723986 0.050890322 0.84 0.76 0.61
v 0.043854813 0.91268733 0.061161835 0.84 0.76 0.61
v 0.044215988 0.89378942 0.050890322 0.84 0.76 0.61
v 0.056121601 0.90834195 0.040618809 0.84 0.76 0.61
v 0.0049059194 0.94525454 0.027268293 0.84 0.76 0.61
v -0.013550752 0.93302265 0.03434912 0.84 0.76 0.61
v -0.0066385189 0.9118041 0.027268293 0.84 0.76 0.61
v 0.011818152 0.92403598 0.020187465 0.84 0.76 0.61
v -0.019480341 0.91740502 -0.005 0.84 0.76 0.61
v -0.0019917556 0.93512315 -0.005 0.84 0.76 0.61
v -0.019480341 0.95284127 -0.005 0.84 0.76 0.61
v -0.036968927 0.93512315 -0.005 0.84 0.76 0.61
v -0.0066385189 0.9118041 -0.037268293 0.84 0.76 0.61
v 0.011818152 0.92403598 -0.030187465 0.84 0.76 0.61
v 0.0049059194 0.94525454 -0.037268293 0.84 0.76 0.61
v -0.013550752 0.93302265 -0.04434912 0.84 0.76 0.61
v 0.044215988 0.89378942 -0.060890322 0.84 0.76 0.61
v 0.056121601 0.90834195 -0.050618809 0.84 0.76 0.61
v 0.055760427 0.92723986 -0.060890322 0.84 0.76 0.61
v 0.043854813 0.91268733 -0.071161835 0.84 0.76 0.61
v 0.11368454 0.86918092 -0.069536585 0.84 0.76 0.61
v 0.11945676 0.88590614 -0.058473171 0.84 0.76 0.61
v 0.12522898 0.90263136 -0.069536585 0.84 0.76 0.61
v 0.11945676 0.88590614 -0.0806 0.84 0.76 0.61
v 0.18315309 0.84457241 -0.060890322 0.84 0.76 0.61
v 0.18279191 0.86347033 -0.050618809 0.84 0.76 0.61
v 0.19469752 0.87802286 -0.060890322 0.84 0.76 0.61
v 0.1950587 0.85912494 -0.071161835 0.84 0.76 0.61
v 0.23400759 0.82655774 -0.037268293 0.84 0.76 0.61
v 0.22709536 0.84777629 -0.030187465 0.84 0.76 0.61
v 0.24555203 0.86000818 -0.037268293 0.84 0.76 0.61
v 0.25246426 0.83878963 -0.04434912 0.84 0.76 0.61
vt 0 0
vt 0 0
vt 0 0
vt 0 0
vt 0 0
vt 0 0
vt 0 0
vt 0 0
vt 0 0
vt 0 0
vt 0 0
vt 0 0
vt 0 0
vt 0 0
vt 0 0
vt 0 0
vt 0 0
vt 0 0
vt 0 0
vt 0 0
vt 0 0
vt 0 0
vt 0 0
vt 0 0
vt 0 0
vt 0 0
vt 0 0
vt 0 0
vt 0 0
vt 0 0
vt 0 0
vt 0 0
vt 0 0
vt 0 0
vt 0 0
vt 0 0
vt 0 0
vt 0 0
vt 0 0
vt 0 0
vt 0 0
vt 0 0
vt 0 0
vt 0 0
vt 0 0
vt 0 0
vt 0 0
vt 0 0
vn 0.5252331 0.81831341 -0.2334381
vn 0.87394411 -0.47524949 0.10178217
vn -0.42091975 -0.85872615 -0.2922601
vn -0.73822287 0.44313063 -0.50858848
vn 0.30810603 0.93593939 0.17055246
vn 0.57676805 -0.19653973 0.79291282
vn -0.19188379 -0.97533173 -0.10912665
vn -0.53218023 0.1806393 -0.82713581
vn 0.29079397 0.94814022 0.12833154
vn 0.22894558 -0.095331018 0.96875999
vn -0.26401162 -0.96421446 -0.024255638
vn -0.2228976 0.095737205 -0.9701294
vn 0.27403705 0.96057071 0.046985105
vn 5.9387055e-17 4.689416e-17 1
vn -0.27403705 -0.96057071 0.046985105
vn -3.5634852e-17 3.5173205e-17 -1
vn 0.26401162 0.96421446 -0.024255638
vn -0.22894558 0.095331018 0.96875999
vn -0.29079397 -0.94814022 0.12833154
vn 0.2228976 -0.095737205 -0.9701294
vn 0.50316145 0.70667998 -0.49742534
vn -0.42120942 0.49879617 0.75748598
vn -0.67160878 -0.66579667 0.32504838
vn 0.27162073 -0.46237246 -0.84405799
vn 0.33450676 -0.91332379 0.23226037
vn 0.83004077 0.39702419 0.39166837
vn -0.39993205 0.89914395 0.17774847
vn -0.94247988 -0.32434643 -0.080815073
vn -0.35030205 -0.92887755 0.120312
vn 0.6065546 -0.1244794 0.78523652
vn 0.27428227 0.93049788 -0.24278164
vn -0.6002398 0.14007388 -0.78745888
vn -0.40174182 -0.91543245 0.024226943
vn 0.23475633 -0.062209934 0.97006154
vn 0.37086911 0.91978782 -0.1282438
vn -0.23923175 0.066247659 -0.96869986
vn -0.39168002 -0.91890349 -0.046937627
vn 2.761701e-16 -2.9897224e-16 1
vn 0.39168002 0.91890349 -0.046937627
vn -2.4546649e-16 2.6573357e-16 -1
vn -0.37086911 -0.91978782 -0.1282438
vn -0.23475633 0.062209934 0.97006154
vn 0.40174182 0.91543245 0.024226943
vn 0.23923175 -0.066247659 -0.96869986
vn 0.086033017 -0.95974266 -0.26738051
vn -0.41472002 -0.14870358 0.8977163
vn 0.17882574 0.8247422 0.53649013
vn 0.62730791 0.091469185 -0.773381
f 2249/2249/2249 2254/2254/2254 2250/2250/2250
f 2249/2249/2249 2253/2253/2253 2254/2254/2254
f 2250/2250/2250 2255/2255/2255 2251/2251/2251
f 2250/2250/2250 2254/2254/2254 2255/2255/2255
f 2251/2251/2251 2256/2256/2256 2252/2252/2252
f 2251/2251/2251 2255/2255/2255 2256/2256/2256
f 2252/2252/2252 2253/2253/2253 2249/2249/2249
f 2252/2252/2252 2256/2256/2256 2253/2253/2253
f 2253/2253/2253 2258/2258/2258 2254/2254/2254
f 2253/2253/2253 2257/2257/2257 2258/2258/2258
f 2254/2254/2254 2259/2259/2259 2255/2255/2255
f 2254/2254/2254 2258/2258/2258 2259/2259/2259
f 2255/2255/2255 2260/2260/2260 2256/2256/2256
f 2255/2255/2255 2259/2259/2259 2260/2260/2260
f 2256/2256/2256 2257/2257/2257 2253/2253/2253
f 2256/2256/2256 2260/2260/2260 2257/2257/2257
f 2257/2257/2257 2262/2262/2262 2258/2258/2258
f 2257/2257/2257 2261/2261/2261 2262/2262/2262
f 2258/2258/2258 2263/2263/2263 2259/2259/2259
f 2258/2258/2258 2262/2262/2262 2263/2263/2263
f 2259/2259/2259 2264/2264/2264 2260/2260/2260
f 2259/2259/2259 2263/2263/2263 2264/2264/2264
f 2260/2260/2260 2261/2261/2261 2257/2257/2257
f 2260/2260/2260 2264/2264/2264 2261/2261/2261
f 2261/2261/2261 2266/2266/2266 2262/2262/2262
f 2261/2261/2261 2265/2265/2265 2266/2266/2266
f 2262/2262/2262 2267/2267/2267 2263/2263/2263
f 2262/2262/2262 2266/2266/2266 2267/2267/2267
f 2263/2263/2263 2268/2268/2268 2264/2264/2264
f 2263/2263/2263 2267/2267/2267 2268/2268/2268
f 2264/2264/2264 2265/2265/2265 2261/2261/2261
f 2264/2264/2264 2268/2268/2268 2265/2265/2265
f 2265/2265/2265 2270/2270/2270 2266/2266/2266
f 2265/2265/2265 2269/2269/2269 2270/2270/2270
f 2266/2266/2266 2271/2271/2271 2267/2267/2267
f 2266/2266/2266 2270/2270/2270 2271/2271/2271
f 2267/2267/2267 2272/2272/2272 2268/2268/2268
f 2267/2267/2267 2271/2271/2271 2272/2272/2272
f 2268/2268/2268 2269/2269/2269 2265/2265/2265
f 2268/2268/2268 2272/2272/2272 2269/2269/2269
f 2269/2269/2269 2274/2274/2274 2270/2270/2270
f 2269/2269/2269 2273/2273/2273 2274/2274/2274
f 2270/2270/2270 2275/2275/2275 2271/2271/2271
f 2270/2270/2270 2274/2274/2274 2275/2275/2275
f 2271/2271/2271 2276/2276/2276 2272/2272/2272
f 2271/2271/2271 2275/2275/2275 2276/2276/2276
f 2272/2272/2272 2273/2273/2273 2269/2269/2269
f 2272/2272/2272 2276/2276/2276 2273/2273/2273
f 2273/2273/2273 2278/2278/2278 2274/2274/2274
f 2273/2273/2273 2277/2277/2277 2278/2278/2278
f 2274/2274/2274 2279/2279/2279 2275/2275/2275
f 2274/2274/2274 2278/2278/2278 2279/2279/2279
f 2275/2275/2275 2280/2280/2280 2276/2276/2276
f 2275/2275/2275 2279/2279/2279 2280/2280/2280
f 2276/2276/2276 2277/2277/2277 2273/2273/2273
f 2276/2276/2276 2280/2280/2280 2277/2277/2277
f 2277/2277/2277 2282/2282/2282 2278/2278/2278
f 2277/2277/2277 2281/2281/2281 2282/2282/2282
f 2278/2278/2278 2283/2283/2283 2279/2279/2279
f 2278/2278/2278 2282/2282/2282 2283/2283/2283
f 2279/2279/2279 2284/2284/2284 2280/2280/2280
f 2279/2279/2279 2283/2283/2283 2284/2284/2284
f 2280/2280/2280 2281/2281/2281 2277/2277/2277
f 2280/2280/2280 2284/2284/2284 2281/2281/2281
f 2281/2281/2281 2286/2286/2286 2282/2282/2282
f 2281/2281/2281 2285/2285/2285 2286/2286/2286
f 2282/2282/2282 2287/2287/2287 2283/2283/2283
f 2282/2282/2282 2286/2286/2286 2287/2287/2287
f 2283/2283/2283 2288/2288/2288 2284/2284/2284
f 2283/2283/2283 2287/2287/2287 2288/2288/2288
f 2284/2284/2284 2285/2285/2285 2281/2281/2281
f 2284/2284/2284 2288/2288/2288 2285/2285/2285
f 2285/2285/2285 2290/2290/2290 2286/2286/2286
f 2285/2285/2285 2289/2289/2289 2290/2290/2290
f 2286/2286/2286 2291/2291/2291 2287/2287/2287
f 2286/2286/2286 2290/2290/2290 2291/2291/2291
f 2287/2287/2287 2292/2292/2292 2288/2288/2288
f 2287/2287/2287 2291/2291/2291 2292/2292/2292
f 2288/2288/2288 2289/2289/2289 2285/2285/2285
f 2288/2288/2288 2292/2292/2292 2289/2289/2289
f 2289/2289/2289 2294/2294/2294 2290/2290/2290
f 2289/2289/2289 2293/2293/2293 2294/2294/2294
f 2290/2290/2290 2295/2295/2295 2291/2291/2291
f 2290/2290/2290 2294/2294/2294 2295/2295/2295
f 2291/2291/2291 2296/2296/2296 2292/2292/2292
f 2291/2291/2291 2295/2295/2295 2296/2296/2296
f 2292/2292/2292 2293/2293/2293 2289/2289/2289
f 2292/2292/2292 2296/2296/2296 2293/2293/2293
f 2293/2293/2293 2250/2250/2250 2294/2294/2294
f 2293/2293/2293 2249/2249/2249 2250/2250/2250
f 2294/2294/2294 2251/2251/2251 2295/2295/2295
f 2294/2294/2294 2250/2250/2250 2251/2251/2251
f 2295/2295/2295 2252/2252/2252 2296/2296/2296
f 2295/2295/2295 2251/2251/2251 2252/2252/2252
f 2296/2296/2296 2249/2249/2249 2293/2293/2293
f 2296/2296/2296 2252/2252/2252 2249/2249/2249
usemtl timber
v 0.47263708 0 -0.005 1 1 1
v 0.46159305 0 0.020559799 1 1 1
v 0.41329639 0 0.035802052 1 1 1
v 0.35837027 0 0.044776812 1 1 1
v 0.30122017 0 0.037454145 1 1 1
v 0.25775205 0 0.019914861 1 1 1
v 0.24334229 0 -0.005 1 1 1
v 0.26301794 0 -0.028610933 1 1 1
v 0.29864899 0 -0.049364153 1 1 1
v 0.35837027 0 -0.053564651 1 1 1
v 0.41586756 0 -0.047712061 1 1 1
v 0.45632716 0 -0.02925587 1 1 1
v 0.47329196 0.20569464 -0.005 1 1 1
v 0.46064805 0.20569464 0.020325799 1 1 1
v 0.41296894 0.20569464 0.035558812 1 1 1
v 0.35837027 0.20569464 0.045244811 1 1 1
v 0.30089273 0.20569464 0.037697385 1 1 1
v 0.25869705 0.20569464 0.019680862 1 1 1
v 0.24399717 0.20569464 -0.005 1 1 1
v 0.26207294 0.20569464 -0.028844932 1 1 1
v 0.29832155 0.20569464 -0.049607394 1 1 1
v 0.35837027 0.20569464 -0.053096653 1 1 1
v 0.41554012 0.20569464 -0.04746882 1 1 1
v 0.45727217 0.20569464 -0.02948987 1 1 1
v 0.47318218 0.41138928 -0.005 1 1 1
v 0.45955003 0.41138928 0.020053911 1 1 1
v 0.41302383 0.41138928 0.035599587 1 1 1
v 0.35837027 0.41138928 0.045788588 1 1 1
v 0.30094762 0.41138928 0.03765661 1 1 1
v 0.25979507 0.41138928 0.019408973 1 1 1
v 0.24388739 0.41138928 -0.005 1 1 1
v 0.26097492 0.41138928 -0.029116821 1 1 1
v 0.29837644 0.41138928 -0.049566619 1 1 1
v 0.35837027 0.41138928 -0.052552875 1 1 1
v 0.41559501 0.41138928 -0.047509595 1 1 1
v 0.45837018 0.41138928 -0.029761759 1 1 1
v 0.47234949 0.61708392 -0.005 1 1 1
v 0.45871658 0.61708392 0.019847532 1 1 1
v 0.41344018 0.61708392 0.035908871 1 1 1
v 0.35837027 0.61708392 0.046201345 1 1 1
v 0.30136396 0.61708392 0.037347326 1 1 1
v 0.26062853 0.61708392 0.019202595 1 1 1
v 0.2430547 0.61708392 -0.005 1 1 1
v 0.26014147 0.61708392 -0.0293232 1 1 1
v 0.29879279 0.61708392 -0.049257334 1 1 1
v 0.35837027 0.61708392 -0.052140118 1 1 1
v 0.41601136 0.61708392 -0.04781888 1 1 1
v 0.45920364 0.61708392 -0.029968137 1 1 1
v 0.47111055 0.82277857 -0.005 1 1 1
v 0.45846465 0.82277857 0.01978515 1 1 1
v 0.41405965 0.82277857 0.036369043 1 1 1
v 0.35837027 0.82277857 0.04632611 1 1 1
v 0.30198343 0.82277857 0.036887154 1 1 1
v 0.26088046 0.82277857 0.019140212 1 1 1
v 0.24181576 0.82277857 -0.005 1 1 1
v 0.25988954 0.82277857 -0.029385582 1 1 1
v 0.29941225 0.82277857 -0.048797162 1 1 1
v 0.35837027 0.82277857 -0.052015354 1 1 1
v 0.41663083 0.82277857 -0.048279052 1 1 1
v 0.45945557 0.82277857 -0.030030519 1 1 1
v 0.46993655 1.0284732 -0.005 1 1 1
v 0.45889005 1.0284732 0.019890488 1 1 1
v 0.41464665 1.0284732 0.036805099 1 1 1
v 0.35837027 1.0284732 0.046115434 1 1 1
v 0.30257043 1.0284732 0.036451098 1 1 1
v 0.26045505 1.0284732 0.01924555 1 1 1
v 0.24064176 1.0284732 -0.005 1 1 1
v 0.26031494 1.0284732 -0.029280244 1 1 1
v 0.29999925 1.0284732 -0.048361106 1 1 1
v 0.35837027 1.0284732 -0.05222603 1 1 1
v 0.41721783 1.0284732 -0.048715108 1 1 1
v 0.45903016 1.0284732 -0.029925181 1 1 1
v 0.35837027 0 -0.005 1 1 1
v 0.35837027 1.4172876 -0.005 1 1 1
vt 1 1.211
vt 1.1666667 1.211
vt 1.3333333 1.211
vt 1.5 1.211
vt 1.6666667 1.211
vt 1.8333333 1.211
vt 2 1.211
vt 0.16666667 1.211
vt 0.33333333 1.211
vt 0.5 1.211
vt 0.66666667 1.211
vt 0.83333333 1.211
vt 1 1.5828711
vt 1.1666667 1.5828711
vt 1.3333333 1.5828711
vt 1.5 1.5828711
vt 1.6666667 1.5828711
vt 1.8333333 1.5828711
vt 2 1.5828711
vt 0.16666667 1.5828711
vt 0.33333333 1.5828711
vt 0.5 1.5828711
vt 0.66666667 1.5828711
vt 0.83333333 1.5828711
vt 1 1.9547422
vt 1.1666667 1.9547422
vt 1.3333333 1.9547422
vt 1.5 1.9547422
vt 1.6666667 1.9547422
vt 1.8333333 1.9547422
vt 2 1.9547422
vt 0.16666667 1.9547422
vt 0.33333333 1.9547422
vt 0.5 1.9547422
vt 0.66666667 1.9547422
vt 0.83333333 1.9547422
vt 1 2.3266133
vt 1.1666667 2.3266133
vt 1.3333333 2.3266133
vt 1.5 2.3266133
vt 1.6666667 2.3266133
vt 1.8333333 2.3266133
vt 2 2.3266133
vt 0.16666667 2.3266133
vt 0.33333333 2.3266133
vt 0.5 2.3266133
vt 0.66666667 2.3266133
vt 0.83333333 2.3266133
vt 1 2.6984844
vt 1.1666667 2.6984844
vt 1.3333333 2.6984844
vt 1.5 2.6984844
vt 1.6666667 2.6984844
vt 1.8333333 2.6984844
vt 2 2.6984844
vt 0.16666667 2.6984844
vt 0.33333333 2.6984844
vt 0.5 2.6984844
vt 0.66666667 2.6984844
vt 0.83333333 2.6984844
vt 1 3.0703554
vt 1.1666667 3.0703554
vt 1.3333333 3.0703554
vt 1.5 3.0703554
vt 1.6666667 3.0703554
vt 1.8333333 3.0703554
vt 2 3.0703554
vt 0.16666667 3.0703554
vt 0.33333333 3.0703554
vt 0.5 3.0703554
vt 0.66666667 3.0703554
vt 0.83333333 3.0703554
vt 1 1.211
vt 1 3.7732849
vn 0.9343152 -0.34444026 0.091738864
vn 0.45227578 -0.22207083 0.86378884
vn 0.20716927 -0.1644113 0.9643909
vn -0.034302391 -0.15975878 0.98655992
vn -0.28272125 -0.18265721 0.94165017
vn -0.65431473 -0.26741789 0.70736123
vn -0.89644796 -0.3358342 -0.28913049
vn -0.563307 -0.23575415 -0.79189974
vn -0.1773093 -0.17346607 -0.9687471
vn 0.041206954 -0.15470952 -0.98710027
vn 0.28486916 -0.18263225 -0.94100745
vn 0.65384333 -0.26633312 -0.70820588
vn 0.99800162 -0.00073871622 -0.063184015
vn 0.5655827 0.0021122218 0.82468888
vn 0.23775468 0.00036065018 0.97132517
vn 0.015213414 -0.0013623671 0.99988334
vn -0.24952885 -0.00035854432 0.9683673
vn -0.59243254 0.0021942958 0.80561707
vn -0.99792292 0.00073864401 -0.064415013
vn -0.6266834 -0.0022975579 -0.77927058
vn -0.24313116 -0.00035067377 -0.96999336
vn 0.014569227 0.0013846052 -0.9998929
vn 0.23113693 0.00035305763 -0.97292117
vn 0.60022073 -0.0022172219 -0.79983133
vn 0.99949194 0.0012795133 -0.03184679
vn 0.56667954 0.0020064136 0.82393585
vn 0.24468161 -0.00062705261 0.96960328
vn 0.014729342 -0.0012833917 0.99989069
vn -0.25670878 0.00062380247 0.9664886
vn -0.59140168 0.0020794148 0.80637443
vn -0.99947152 -0.0012787007 -0.032481313
vn -0.62569243 -0.0021628218 -0.78006686
vn -0.23580463 0.00060273446 -0.97180029
vn 0.014044748 0.0013133609 -0.99990051
vn 0.22407849 -0.00060651579 -0.97457091
vn 0.60128233 -0.0020912164 -0.79903391
vn 0.9999641 0.0028200767 -0.0079899393
vn 0.57457504 0.0011401275 0.81845111
vn 0.24999919 -0.0013814935 0.96824506
vn 0.010819865 -0.00071926383 0.9999412
vn -0.26217644 0.0013803969 0.96501897
vn -0.58358051 0.001162052 0.81205446
vn -0.99996267 -0.002805628 -0.0081724713
vn -0.61774926 -0.0012028654 -0.78637422
vn -0.23031009 0.0013217545 -0.97311639
vn 0.010283099 0.00073991905 -0.99994685
vn 0.21874121 -0.0013238925 -0.97578201
vn 0.60933085 -0.0011816445 -0.7929152
vn 0.99999426 0.0032956502 -0.00078606174
vn 0.58639962 -0.00018465808 0.81002188
vn 0.25163591 -0.0016061261 0.96782064
vn 0.0049678447 0.00011486918 0.99998765
vn -0.26379443 0.0016152642 0.96457757
vn -0.57207914 -0.0001836278 0.82019841
vn -0.99999437 -0.0032567875 -0.0008074265
vn -0.60597927 0.00018985517 -0.79548042
vn -0.22868117 0.0015427784 -0.97350015
vn 0.0047166861 -0.00011835452 -0.99998887
vn 0.21709449 -0.0015344974 -0.97614939
vn 0.62143028 0.00019099645 -0.78346944
vn 0.98502333 0.15946777 -0.06556731
vn 0.6405383 0.1194162 0.75858451
vn 0.26507539 0.078217908 0.96104994
vn 0.023464573 0.073066642 0.99705099
vn -0.24782836 0.077856487 0.96567048
vn -0.5271248 0.10366756 0.84344086
vn -0.97969461 0.16351035 0.11602944
vn -0.61562554 0.11373239 -0.77978852
vn -0.25572582 0.082076138 -0.96325895
vn -0.010638415 0.067539206 -0.9976599
vn 0.19109505 0.076885064 -0.97855576
vn 0.59139886 0.11351989 -0.79834868
vn 0 -1 0
vn 6.2082516e-17 1 -1.9627492e-16
f 2297/2297/2297 2310/2310/2310 2298/2298/2298
f 2297/2297/2297 2309/2309/2309 2310/2310/2310
f 2298/2298/2298 2311/2311/2311 2299/2299/2299
f 2298/2298/2298 2310/2310/2310 2311/2311/2311
f 2299/2299/2299 2312/2312/2312 2300/2300/2300
f 2299/2299/2299 2311/2311/2311 2312/2312/2312
f 2300/2300/2300 2313/2313/2313 2301/2301/2301
f 2300/2300/2300 2312/2312/2312 2313/2313/2313
f 2301/2301/2301 2314/2314/2314 2302/2302/2302
f 2301/2301/2301 2313/2313/2313 2314/2314/2314
f 2302/2302/2302 2315/2315/2315 2303/2303/2303
f 2302/2302/2302 2314/2314/2314 2315/2315/2315
f 2303/2303/2303 2316/2316/2316 2304/2304/2304
f 2303/2303/2303 2315/2315/2315 2316/2316/2316
f 2304/2304/2304 2317/2317/2317 2305/2305/2305
f 2304/2304/2304 2316/2316/2316 2317/2317/2317
f 2305/2305/2305 2318/2318/2318 2306/2306/2306
f 2305/2305/2305 2317/2317/2317 2318/2318/2318
f 2306/2306/2306 2319/2319/2319 2307/2307/2307
f 2306/2306/2306 2318/2318/2318 2319/2319/2319
f 2307/2307/2307 2320/2320/2320 2308/2308/2308
f 2307/2307/2307 2319/2319/2319 2320/2320/2320
f 2308/2308/2308 2309/2309/2309 2297/2297/2297
f 2308/2308/2308 2320/2320/2320 2309/2309/2309
f 2309/2309/2309 2322/2322/2322 2310/2310/2310
f 2309/2309/2309 2321/2321/2321 2322/2322/2322
f 2310/2310/2310 2323/2323/2323 2311/2311/2311
f 2310/2310/2310 2322/2322/2322 2323/2323/2323
f 2311/2311/2311 2324/2324/2324 2312/2312/2312
f 2311/2311/2311 2323/2323/2323 2324/2324/2324
f 2312/2312/2312 2325/2325/2325 2313/2313/2313
f 2312/2312/2312 2324/2324/2324 2325/2325/2325
f 2313/2313/2313 2326/2326/2326 2314/2314/2314
f 2313/2313/2313 2325/2325/2325 2326/2326/2326
f 2314/2314/2314 2327/2327/2327 2315/2315/2315
f 2314/2314/2314 2326/2326/2326 2327/2327/2327
f 2315/2315/2315 2328/2328/2328 2316/2316/2316
f 2315/2315/2315 2327/2327/2327 2328/2328/2328
f 2316/2316/2316 2329/2329/2329 2317/2317/2317
f 2316/2316/2316 2328/2328/2328 2329/2329/2329
f 2317/2317/2317 2330/2330/2330 2318/2318/2318
f 2317/2317/2317 2329/2329/2329 2330/2330/2330
f 2318/2318/2318 2331/2331/2331 2319/2319/2319
f 2318/2318/2318 2330/2330/2330 2331/2331/2331
f 2319/2319/2319 2332/2332/2332 2320/2320/2320
f 2319/2319/2319 2331/2331/2331 2332/2332/2332
f 2320/2320/2320 2321/2321/2321 2309/2309/2309
f 2320/2320/2320 2332/2332/2332 2321/2321/2321
f 2321/2321/2321 2334/2334/2334 2322/2322/2322
f 2321/2321/2321 2333/2333/2333 2334/2334/2334
f 2322/2322/2322 2335/2335/2335 2323/2323/2323
f 2322/2322/2322 2334/2334/2334 2335/2335/2335
f 2323/2323/2323 2336/2336/2336 2324/2324/2324
f 2323/2323/2323 2335/2335/2335 2336/2336/2336
f 2324/2324/2324 2337/2337/2337 2325/2325/2325
f 2324/2324/2324 2336/2336/2336 2337/2337/2337
f 2325/2325/2325 2338/2338/2338 2326/2326/2326
f 2325/2325/2325 2337/2337/2337 2338/2338/2338
f 2326/2326/2326 2339/2339/2339 2327/2327/2327
f 2326/2326/2326 2338/2338/2338 2339/2339/2339
f 2327/2327/2327 2340/2340/2340 2328/2328/2328
f 2327/2327/2327 2339/2339/2339 2340/2340/2340
f 2328/2328/2328 2341/2341/2341 2329/2329/2329
f 2328/2328/2328 2340/2340/2340 2341/2341/2341
f 2329/2329/2329 2342/2342/2342 2330/2330/2330
f 2329/2329/2329 2341/2341/2341 2342/2342/2342
f 2330/2330/2330 2343/2343/2343 2331/2331/2331
f 2330/2330/2330 2342/2342/2342 2343/2343/2343
f 2331/2331/2331 2344/2344/2344 2332/2332/2332
f 2331/2331/2331 2343/2343/2343 2344/2344/2344
f 2332/2332/2332 2333/2333/2333 2321/2321/2321
f 2332/2332/2332 2344/2344/2344 2333/2333/2333
f 2333/2333/2333 2346/2346/2346 2334/2334/2334
f 2333/2333/2333 2345/2345/2345 2346/2346/2346
f 2334/2334/2334 2347/2347/2347 2335/2335/2335
f 2334/2334/2334 2346/2346/2346 2347/2347/2347
f 2335/2335/2335 2348/2348/2348 2336/2336/2336
f 2335/2335/2335 2347/2347/2347 2348/2348/2348
f 2336/2336/2336 2349/2349/2349 2337/2337/2337
f 2336/2336/2336 2348/2348/2348 2349/2349/2349
f 2337/2337/2337 2350/2350/2350 2338/2338/2338
f 2337/2337/2337 2349/2349/2349 2350/2350/2350
f 2338/2338/2338 2351/2351/2351 2339/2339/2339
f 2338/2338/2338 2350/2350/2350 2351/2351/2351
f 2339/2339/2339 2352/2352/2352 2340/2340/2340
f 2339/2339/2339 2351/2351/2351 2352/2352/2352
f 2340/2340/2340 2353/2353/2353 2341/2341/2341
f 2340/2340/2340 2352/2352/2352 2353/2353/2353
f 2341/2341/2341 2354/2354/2354 2342/2342/2342
f 2341/2341/2341 2353/2353/2353 2354/2354/2354
f 2342/2342/2342 2355/2355/2355 2343/2343/2343
f 2342/2342/2342 2354/2354/2354 2355/2355/2355
f 2343/2343/2343 2356/2356/2356 2344/2344/2344
f 2343/2343/2343 2355/2355/2355 2356/2356/2356
f 2344/2344/2344 2345/2345/2345 2333/2333/2333
f 2344/2344/2344 2356/2356/2356 2345/2345/2345
f 2345/2345/2345 2358/2358/2358 2346/2346/2346
f 2345/2345/2345 2357/2357/2357 2358/2358/2358
f 2346/2346/2346 2359/2359/2359 2347/2347/2347
f 2346/2346/2346 2358/2358/2358 2359/2359/2359
f 2347/2347/2347 2360/2360/2360 2348/2348/2348
f 2347/2347/2347 2359/2359/2359 2360/2360/2360
f 2348/2348/2348 2361/2361/2361 2349/2349/2349
f 2348/2348/2348 2360/2360/2360 2361/2361/2361
f 2349/2349/2349 2362/2362/2362 2350/2350/2350
f 2349/2349/2349 2361/2361/2361 2362/2362/2362
f 2350/2350/2350 2363/2363/2363 2351/2351/2351
f 2350/2350/2350 2362/2362/2362 2363/2363/2363
f 2351/2351/2351 2364/2364/2364 2352/2352/2352
f 2351/2351/2351 2363/2363/2363 2364/2364/2364
f 2352/2352/2352 2365/2365/2365 2353/2353/2353
f 2352/2352/2352 2364/2364/2364 2365/2365/2365
f 2353/2353/2353 2366/2366/2366 2354/2354/2354
f 2353/2353/2353 2365/2365/2365 2366/2366/2366
f 2354/2354/2354 2367/2367/2367 2355/2355/2355
f 2354/2354/2354 2366/2366/2366 2367/2367/2367
f 2355/2355/2355 2368/2368/2368 2356/2356/2356
f 2355/2355/2355 2367/2367/2367 2368/2368/2368
f 2356/2356/2356 2357/2357/2357 2345/2345/2345
f 2356/2356/2356 2368/2368/2368 2357/2357/2357
f 2369/2369/2369 2297/2297/2297 2298/2298/2298
f 2357/2357/2357 2370/2370/2370 2358/2358/2358
f 2369/2369/2369 2298/2298/2298 2299/2299/2299
f 2358/2358/2358 2370/2370/2370 2359/2359/2359
f 2369/2369/2369 2299/2299/2299 2300/2300/2300
f 2359/2359/2359 2370/2370/2370 2360/2360/2360
f 2369/2369/2369 2300/2300/2300 2301/2301/2301
f 2360/2360/2360 2370/2370/2370 2361/2361/2361
f 2369/2369/2369 2301/2301/2301 2302/2302/2302
f 2361/2361/2361 2370/2370/2370 2362/2362/2362
f 2369/2369/2369 2302/2302/2302 2303/2303/2303
f 2362/2362/2362 2370/2370/2370 2363/2363/2363
f 2369/2369/2369 2303/2303/2303 2304/2304/2304
f 2363/2363/2363 2370/2370/2370 2364/2364/2364
f 2369/2369/2369 2304/2304/2304 2305/2305/2305
f 2364/2364/2364 2370/2370/2370 2365/2365/2365
f 2369/2369/2369 2305/2305/2305 2306/2306/2306
f 2365/2365/2365 2370/2370/2370 2366/2366/2366
f 2369/2369/2369 2306/2306/2306 2307/2307/2307
f 2366/2366/2366 2370/2370/2370 2367/2367/2367
f 2369/2369/2369 2307/2307/2307 2308/2308/2308
f 2367/2367/2367 2370/2370/2370 2368/2368/2368
f 2369/2369/2369 2308/2308/2308 2297/2297/2297
f 2368/2368/2368 2370/2370/2370 2357/2357/2357
usemtl snow
v 0.49833181 1.0791211 -0.005 1 1 1
v 0.47958052 1.041044 0.025013815 1 1 1
v 0.42835104 1.0928815 0.046985452 1 1 1
v 0.35837027 1.0493141 0.055027629 1 1 1
v 0.2883895 1.0870009 0.046985452 1 1 1
v 0.23716002 1.0430889 0.025013815 1 1 1
v 0.21840873 1.0896005 -0.005 1 1 1
v 0.23716002 1.0670153 -0.035013815 1 1 1
v 0.2883895 1.0374185 -0.056985452 1 1 1
v 0.35837027 1.1194075 -0.065027629 1 1 1
v 0.42835104 1.0210585 -0.056985452 1 1 1
v 0.47958052 1.0872111 -0.035013815 1 1 1
v 0.48958421 1.15054 -0.005 1 1 1
v 0.47200488 1.1372131 0.023137951 1 1 1
v 0.42397724 1.1553562 0.043736361 1 1 1
v 0.35837027 1.1401076 0.051275902 1 1 1
v 0.2927633 1.153298 0.043736361 1 1 1
v 0.24473566 1.1379287 0.023137951 1 1 1
v 0.22715632 1.1542078 -0.005 1 1 1
v 0.24473566 1.146303 -0.033137951 1 1 1
v 0.2927633 1.1359441 -0.053736361 1 1 1
v 0.35837027 1.1646403 -0.061275902 1 1 1
v 0.42397724 1.1302181 -0.053736361 1 1 1
v 0.47200488 1.1533715 -0.033137951 1 1 1
v 0.4583428 1.245028 -0.005 1 1 1
v 0.44494902 1.245028 0.016438439 1 1 1
v 0.40835653 1.245028 0.032132466 1 1 1
v 0.35837027 1.245028 0.037876878 1 1 1
v 0.308384 1.245028 0.032132466 1 1 1
v 0.27179152 1.245028 0.016438439 1 1 1
v 0.25839774 1.245028 -0.005 1 1 1
v 0.27179152 1.245028 -0.026438439 1 1 1
v 0.308384 1.245028 -0.042132466 1 1 1
v 0.35837027 1.245028 -0.047876878 1 1 1
v 0.40835653 1.245028 -0.042132466 1 1 1
v 0.44494902 1.245028 -0.026438439 1 1 1
v 0.41460482 1.3533055 -0.005 1 1 1
v 0.40707081 1.3533055 0.007059122 1 1 1
v 0.38648754 1.3533055 0.015887012 1 1 1
v 0.35837027 1.3533055 0.019118244 1 1 1
v 0.33025299 1.3533055 0.015887012 1 1 1
v 0.30966972 1.3533055 0.007059122 1 1 1
v 0.30213572 1.3533055 -0.005 1 1 1
v 0.30966972 1.3533055 -0.017059122 1 1 1
v 0.33025299 1.3533055 -0.025887012 1 1 1
v 0.35837027 1.3533055 -0.029118244 1 1 1
v 0.38648754 1.3533055 -0.025887012 1 1 1
v 0.40707081 1.3533055 -0.017059122 1 1 1
v 0.37336615 1.4418961 -0.005 1 1 1
v 0.37135708 1.4418961 -0.0017842341 1 1 1
v 0.36586821 1.4418961 0.00056986984 1 1 1
v 0.35837027 1.4418961 0.0014315317 1 1 1
v 0.35087233 1.4418961 0.00056986984 1 1 1
v 0.34538346 1.4418961 -0.0017842341 1 1 1
v 0.34337439 1.4418961 -0.005 1 1 1
v 0.34538346 1.4418961 -0.0082157659 1 1 1
v 0.35087233 1.4418961 -0.01056987 1 1 1
v 0.35837027 1.4418961 -0.011431532 1 1 1
v 0.36586821 1.4418961 -0.01056987 1 1 1
v 0.37135708 1.4418961 -0.0082157659 1 1 1
v 0.35837027 1.0580034 -0.005 1 1 1
v 0.35837027 1.4645359 -0.005 1 1 1
vt 0 0
vt 0 0
vt 0 0
vt 0 0
vt 0 0
vt 0 0
vt 0 0
vt 0 0
vt 0 0
vt 0 0
vt 0 0
vt 0 0
vt 0 0
vt 0 0
vt 0 0
vt 0 0
vt 0 0
vt 0 0
vt 0 0
vt 0 0
vt 0 0
vt 0 0
vt 0 0
vt 0 0
vt 0 0
vt 0 0
vt 0 0
vt 0 0
vt 0 0
vt 0 0
vt 0 0
vt 0 0
vt 0 0
vt 0 0
vt 0 0
vt 0 0
vt 0 0
vt 0 0
vt 0 0
vt 0 0
vt 0 0
vt 0 0
vt 0 0
vt 0 0
vt 0 0
vt 0 0
vt 0 0
vt 0 0
vt 0 0
vt 0 0
vt 0 0
vt 0 0
vt 0 0
vt 0 0
vt 0 0
vt 0 0
vt 0 0
vt 0 0
vt 0 0
vt 0 0
vt 0 0
vt 0 0
vn 0.6857178 -0.63530903 -0.35520914
vn 0.3736766 -0.56167354 0.73816572
vn 0.15672601 -0.38009874 0.91157112
vn -0.0071480535 -0.43267223 0.90152296
vn -0.24342606 -0.40920068 0.87937396
vn -0.51463454 -0.64948967 0.559745
vn -0.66783579 -0.63768575 -0.38386486
vn -0.66125428 -0.62643781 -0.41269656
vn -0.013332961 -0.43367718 -0.90096966
vn 0.00061056461 -0.32853446 -0.94449179
vn 0.11801033 -0.46955845 -0.8749791
vn 0.74327618 -0.65938513 -0.11292374
vn 0.97182228 0.22661623 0.064857925
vn 0.59154471 0.13911512 0.79417998
vn 0.25382799 0.11319383 0.9606032
vn -0.0057573442 0.091003029 0.99583397
vn -0.23145112 0.10915673 0.96670326
vn -0.59690669 0.14198395 0.78964737
vn -0.97054007 0.2267535 0.081454441
vn -0.56020062 0.14650345 -0.81529872
vn -0.25229506 0.097185654 -0.96275758
vn -0.010403463 0.10999397 -0.99387781
vn 0.26141519 0.096291018 -0.96041144
vn 0.53576137 0.14541533 -0.83175365
vn 0.93747781 0.34390897 -0.053497465
vn 0.59311325 0.23551018 0.76990365
vn 0.26443558 0.17619201 0.94817203
vn 0.0048420413 0.14990694 0.98868825
vn -0.21331605 0.16828498 0.9623806
vn -0.56952781 0.23146635 0.78870869
vn -0.93436425 0.33875389 0.11049551
vn -0.59459628 0.24539166 -0.76566193
vn -0.24768241 0.1641308 -0.95483742
vn -0.0277816 0.1593793 -0.98682644
vn 0.24262498 0.16475107 -0.95602835
vn 0.53017494 0.22632055 -0.81712517
vn 0.90913501 0.38566532 -0.15727616
vn 0.63420814 0.29789764 0.71346831
vn 0.27422592 0.20616512 0.93930617
vn 0.031292136 0.17891239 0.98336726
vn -0.19880735 0.19354516 0.96073717
vn -0.51428166 0.2631883 0.81623911
vn -0.90913501 0.38566532 0.15727616
vn -0.63420814 0.29789764 -0.71346831
vn -0.27422592 0.20616512 -0.93930617
vn -0.031292136 0.17891239 -0.98336726
vn 0.19880735 0.19354516 -0.96073717
vn 0.51428166 0.2631883 -0.81623911
vn 0.85375823 0.41114271 -0.31946606
vn 0.69838033 0.35541501 0.62124479
vn 0.31961277 0.24087528 0.91642063
vn 0.067254204 0.20181099 0.97711268
vn -0.1578592 0.2105719 0.96474864
vn -0.44853869 0.27488738 0.85044105
vn -0.85375823 0.41114271 0.31946606
vn -0.69838033 0.35541501 -0.62124479
vn -0.31961277 0.24087528 -0.91642063
vn -0.067254204 0.20181099 -0.97711268
vn 0.1578592 0.2105719 -0.96474864
vn 0.44853869 0.27488738 -0.85044105
vn 2.9668518e-16 -1 -6.582282e-17
vn 0 1 -5.5995107e-17
f 2371/2371/2371 2384/2384/2384 2372/2372/2372
f 2371/2371/2371 2383/2383/2383 2384/2384/2384
f 2372/2372/2372 2385/2385/2385 2373/2373/2373
f 2372/2372/2372 2384/2384/2384 2385/2385/2385
f 2373/2373/2373 2386/2386/2386 2374/2374/2374
f 2373/2373/2373 2385/2385/2385 2386/2386/2386
f 2374/2374/2374 2387/2387/2387 2375/2375/2375
f 2374/2374/2374 2386/2386/2386 2387/2387/2387
f 2375/2375/2375 2388/2388/2388 2376/2376/2376
f 2375/2375/2375 2387/2387/2387 2388/2388/2388
f 2376/2376/2376 2389/2389/2389 2377/2377/2377
f 2376/2376/2376 2388/2388/2388 2389/2389/2389
f 2377/2377/2377 2390/2390/2390 2378/2378/2378
f 2377/2377/2377 2389/2389/2389 2390/2390/2390
f 2378/2378/2378 2391/2391/2391 2379/2379/2379
f 2378/2378/2378 2390/2390/2390 2391/2391/2391
f 2379/2379/2379 2392/2392/2392 2380/2380/2380
f 2379/2379/2379 2391/2391/2391 2392/2392/2392
f 2380/2380/2380 2393/2393/2393 2381/2381/2381
f 2380/2380/2380 2392/2392/2392 2393/2393/2393
f 2381/2381/2381 2394/2394/2394 2382/2382/2382
f 2381/2381/2381 2393/2393/2393 2394/2394/2394
f 2382/2382/2382 2383/2383/2383 2371/2371/2371
f 2382/2382/2382 2394/2394/2394 2383/2383/2383
f 2383/2383/2383 2396/2396/2396 2384/2384/2384
f 2383/2383/2383 2395/2395/2395 2396/2396/2396
f 2384/2384/2384 2397/2397/2397 2385/2385/2385
f 2384/2384/2384 2396/2396/2396 2397/2397/2397
f 2385/2385/2385 2398/2398/2398 2386/2386/2386
f 2385/2385/2385 2397/2397/2397 2398/2398/2398
f 2386/2386/2386 2399/2399/2399 2387/2387/2387
f 2386/2386/2386 2398/2398/2398 2399/2399/2399
f 2387/2387/2387 2400/2400/2400 2388/2388/2388
f 2387/2387/2387 2399/2399/2399 2400/2400/2400
f 2388/2388/2388 2401/2401/2401 2389/2389/2389
f 2388/2388/2388 2400/2400/2400 2401/2401/2401
f 2389/2389/2389 2402/2402/2402 2390/2390/2390
f 2389/2389/2389 2401/2401/2401 2402/2402/2402
f 2390/2390/2390 2403/2403/2403 2391/2391/2391
f 2390/2390/2390 2402/2402/2402 2403/2403/2403
f 2391/2391/2391 2404/2404/2404 2392/2392/2392
f 2391/2391/2391 2403/2403/2403 2404/2404/2404
f 2392/2392/2392 2405/2405/2405 2393/2393/2393
f 2392/2392/2392 2404/2404/2404 2405/2405/2405
f 2393/2393/2393 2406/2406/2406 2394/2394/2394
f 2393/2393/2393 2405/2405/2405 2406/2406/2406
f 2394/2394/2394 2395/2395/2395 2383/2383/2383
f 2394/2394/2394 2406/2406/2406 2395/2395/2395
f 2395/2395/2395 2408/2408/2408 2396/2396/2396
f 2395/2395/2395 2407/2407/2407 2408/2408/2408
f 2396/2396/2396 2409/2409/2409 2397/2397/2397
f 2396/2396/2396 2408/2408/2408 2409/2409/2409
f 2397/2397/2397 2410/2410/2410 2398/2398/2398
f 2397/2397/2397 2409/2409/2409 2410/2410/2410
f 2398/2398/2398 2411/2411/2411 2399/2399/2399
f 2398/2398/2398 2410/2410/2410 2411/2411/2411
f 2399/2399/2399 2412/2412/2412 2400/2400/2400
f 2399/2399/2399 2411/2411/2411 2412/2412/2412
f 2400/2400/2400 2413/2413/2413 2401/2401/2401
f 2400/2400/2400 2412/2412/2412 2413/2413/2413
f 2401/2401/2401 2414/2414/2414 2402/2402/2402
f 2401/2401/2401 2413/2413/2413 2414/2414/2414
f 2402/2402/2402 2415/2415/2415 2403/2403/2403
f 2402/2402/2402 2414/2414/2414 2415/2415/2415
f 2403/2403/2403 2416/2416/2416 2404/2404/2404
f 2403/2403/2403 2415/2415/2415 2416/2416/2416
f 2404/2404/2404 2417/2417/2417 2405/2405/2405
f 2404/2404/2404 2416/2416/2416 2417/2417/2417
f 2405/2405/2405 2418/2418/2418 2406/2406/2406
f 2405/2405/2405 2417/2417/2417 2418/2418/2418
f 2406/2406/2406 2407/2407/2407 2395/2395/2395
f 2406/2406/2406 2418/2418/2418 2407/2407/2407
f 2407/2407/2407 2420/2420/2420 2408/2408/2408
f 2407/2407/2407 2419/2419/2419 2420/2420/2420
f 2408/2408/2408 2421/2421/2421 2409/2409/2409
f 2408/2408/2408 2420/2420/2420 2421/2421/2421
f 2409/2409/2409 2422/2422/2422 2410/2410/2410
f 2409/2409/2409 2421/2421/2421 2422/2422/2422
f 2410/2410/2410 2423/2423/2423 2411/2411/2411
f 2410/2410/2410 2422/2422/2422 2423/2423/2423
f 2411/2411/2411 2424/2424/2424 2412/2412/2412
f 2411/2411/2411 2423/2423/2423 2424/2424/2424
f 2412/2412/2412 2425/2425/2425 2413/2413/2413
f 2412/2412/2412 2424/2424/2424 2425/2425/2425
f 2413/2413/2413 2426/2426/2426 2414/2414/2414
f 2413/2413/2413 2425/2425/2425 2426/2426/2426
f 2414/2414/2414 2427/2427/2427 2415/2415/2415
f 2414/2414/2414 2426/2426/2426 2427/2427/2427
f 2415/2415/2415 2428/2428/2428 2416/2416/2416
f 2415/2415/2415 2427/2427/2427 2428/2428/2428
f 2416/2416/2416 2429/2429/2429 2417/2417/2417
f 2416/2416/2416 2428/2428/2428 2429/2429/2429
f 2417/2417/2417 2430/2430/2430 2418/2418/2418
f 2417/2417/2417 2429/2429/2429 2430/2430/2430
f 2418/2418/2418 2419/2419/2419 2407/2407/2407
f 2418/2418/2418 2430/2430/2430 2419/2419/2419
f 2431/2431/2431 2371/2371/2371 2372/2372/2372
f 2419/2419/2419 2432/2432/2432 2420/2420/2420
f 2431/2431/2431 2372/2372/2372 2373/2373/2373
f 2420/2420/2420 2432/2432/2432 2421/2421/2421
f 2431/2431/2431 2373/2373/2373 2374/2374/2374
f 2421/2421/2421 2432/2432/2432 2422/2422/2422
f 2431/2431/2431 2374/2374/2374 2375/2375/2375
f 2422/2422/2422 2432/2432/2432 2423/2423/2423
f 2431/2431/2431 2375/2375/2375 2376/2376/2376
f 2423/2423/2423 2432/2432/2432 2424/2424/2424
f 2431/2431/2431 2376/2376/2376 2377/2377/2377
f 2424/2424/2424 2432/2432/2432 2425/2425/2425
f 2431/2431/2431 2377/2377/2377 2378/2378/2378
f 2425/2425/2425 2432/2432/2432 2426/2426/2426
f 2431/2431/2431 2378/2378/2378 2379/2379/2379
f 2426/2426/2426 2432/2432/2432 2427/2427/2427
f 2431/2431/2431 2379/2379/2379 2380/2380/2380
f 2427/2427/2427 2432/2432/2432 2428/2428/2428
f 2431/2431/2431 2380/2380/2380 2381/2381/2381
f 2428/2428/2428 2432/2432/2432 2429/2429/2429
f 2431/2431/2431 2381/2381/2381 2382/2382/2382
f 2429/2429/2429 2432/2432/2432 2430/2430/2430
f 2431/2431/2431 2382/2382/2382 2371/2371/2371
f 2430/2430/2430 2432/2432/2432 2419/2419/2419
usemtl rope
v 0.49147784 0.40161078 -0.005 0.84 0.76 0.61
v 0.50896642 0.38389266 -0.005 0.84 0.76 0.61
v 0.49147784 0.36617454 -0.005 0.84 0.76 0.61
v 0.47398925 0.38389266 -0.005 0.84 0.76 0.61
v 0.46764895 0.3939431 0.02542439 0.84 0.76 0.61
v 0.4861593 0.38192611 0.032592072 0.84 0.76 0.61
v 0.47964066 0.36065456 0.02542439 0.84 0.76 0.61
v 0.4611303 0.37267155 0.018256709 0.84 0.76 0.61
v 0.4189282 0.37592843 0.04769659 0.84 0.76 0.61
v 0.43091885 0.36150075 0.05799715 0.84 0.76 0.61
v 0.43091991 0.34263989 0.04769659 0.84 0.76 0.61
v 0.41892926 0.35706756 0.03739603 0.84 0.76 0.61
v 0.35237441 0.35131992 0.05584878 0.84 0.76 0.61
v 0.35837027 0.33467565 0.066912195 0.84 0.76 0.61
v 0.36436612 0.31803138 0.05584878 0.84 0.76 0.61
v 0.35837027 0.33467565 0.044785366 0.84 0.76 0.61
v 0.28582063 0.32671142 0.04769659 0.84 0.76 0.61
v 0.28582169 0.30785055 0.05799715 0.84 0.76 0.61
v 0.29781234 0.29342288 0.04769659 0.84 0.76 0.61
v 0.29781128 0.31228375 0.03739603 0.84 0.76 0.61
v 0.23709988 0.30869674 0.02542439 0.84 0.76 0.61
v 0.23058123 0.28742519 0.032592072 0.84 0.76 0.61
v 0.24909159 0.2754082 0.02542439 0.84 0.76 0.61
v 0.25561023 0.29667976 0.018256709 0.84 0.76 0.61
v 0.2252627 0.26774052 -0.005 0.84 0.76 0.61
v 0.24275129 0.28545864 -0.005 0.84 0.76 0.61
v 0.2252627 0.30317677 -0.005 0.84 0.76 0.61
v 0.20777411 0.28545864 -0.005 0.84 0.76 0.61
v 0.24909159 0.2754082 -0.03542439 0.84 0.76 0.61
v 0.25561023 0.29667976 -0.028256709 0.84 0.76 0.61
v 0.23709988 0.30869674 -0.03542439 0.84 0.76 0.61
v 0.23058123 0.28742519 -0.042592072 0.84 0.76 0.61
v 0.29781234 0.29342288 -0.05769659 0.84 0.76 0.61
v 0.29781128 0.31228375 -0.04739603 0.84 0.76 0.61
v 0.28582063 0.32671142 -0.05769659 0.84 0.76 0.61
v 0.28582169 0.30785055 -0.06799715 0.84 0.76 0.61
v 0.36436612 0.31803138 -0.06584878 0.84 0.76 0.61
v 0.35837027 0.33467565 -0.054785366 0.84 0.76 0.61
v 0.35237441 0.35131992 -0.06584878 0.84 0.76 0.61
v 0.35837027 0.33467565 -0.076912195 0.84 0.76 0.61
v 0.43091991 0.34263989 -0.05769659 0.84 0.76 0.61
v 0.41892926 0.35706756 -0.04739603 0.84 0.76 0.61
v 0.4189282 0.37592843 -0.05769659 0.84 0.76 0.61
v 0.43091885 0.36150075 -0.06799715 0.84 0.76 0.61
v 0.47964066 0.36065456 -0.03542439 0.84 0.76 0.61
v 0.4611303 0.37267155 -0.028256709 0.84 0.76 0.61
v 0.46764895 0.3939431 -0.03542439 0.84 0.76 0.61
v 0.4861593 0.38192611 -0.042592072 0.84 0.76 0.61
vt 0 0
vt 0 0
vt 0 0
vt 0 0
vt 0 0
vt 0 0
vt 0 0
vt 0 0
vt 0 0
vt 0 0
vt 0 0
vt 0 0
vt 0 0
vt 0 0
vt 0 0
vt 0 0
vt 0 0
vt 0 0
vt 0 0
vt 0 0
vt 0 0
vt 0 0
vt 0 0
vt 0 0
vt 0 0
vt 0 0
vt 0 0
vt 0 0
vt 0 0
vt 0 0
vt 0 0
vt 0 0
vt 0 0
vt 0 0
vt 0 0
vt 0 0
vt 0 0
vt 0 0
vt 0 0
vt 0 0
vt 0 0
vt 0 0
vt 0 0
vt 0 0
vt 0 0
vt 0 0
vt 0 0
vt 0 0
vn 0.39746048 0.89879626 -0.18490658
vn 0.9450059 -0.31757155 0.078180283
vn -0.32747994 -0.91220264 -0.24625845
vn -0.82532719 0.39691001 -0.40161856
vn -0.28289754 0.92605034 0.24979944
vn 0.59208208 0.14350027 0.79299841
vn 0.3624029 -0.92428675 -0.11982549
vn -0.59837997 -0.12610301 -0.79122654
vn -0.3821403 0.9148899 0.13017398
vn 0.23417908 0.067331786 0.96985906
vn 0.4135693 -0.91018866 -0.022738626
vn -0.22948152 -0.062953734 -0.97127497
vn -0.40304213 0.91392797 0.047882194
vn -1.6431654e-17 9.7312696e-17 1
vn 0.40304213 -0.91392797 0.047882194
vn 1.8531158e-17 -1.2803762e-16 -1
vn -0.4135693 0.91018866 -0.022738626
vn -0.23417908 -0.067331786 0.96985906
vn 0.3821403 -0.9148899 0.13017398
vn 0.22948152 0.062953734 -0.97127497
vn -0.20481117 0.81459331 -0.54266945
vn -0.62547486 0.080498925 0.77608062
vn -0.074969445 -0.96144244 0.26459029
vn 0.40329671 -0.14340533 -0.90376251
vn 0.41416083 -0.85526338 0.31144077
vn 0.72755995 0.43948365 0.52679279
vn -0.52772612 0.81316086 0.24550877
vn -0.87321543 -0.47714 -0.099157619
vn 0.20072051 -0.97357498 0.10891757
vn 0.51818385 0.18511055 0.83499676
vn -0.32419682 0.92998891 -0.17325431
vn -0.56737477 -0.20310494 -0.79801895
vn 0.27796524 -0.96032131 0.022766176
vn 0.21663271 0.097753874 0.97134672
vn -0.30494612 0.94341898 -0.13026315
vn -0.22308159 -0.097390822 -0.96992249
vn 0.2884165 -0.95630462 -0.047931221
vn 3.2429526e-16 -1.6461979e-16 1
vn -0.2884165 0.95630462 -0.047931221
vn -2.9576977e-16 1.1353148e-16 -1
vn 0.30494612 -0.94341898 -0.13026315
vn -0.21663271 -0.097753874 0.97134672
vn -0.27796524 0.96032131 0.022766176
vn 0.22308159 0.097390822 -0.96992249
vn 0.68008123 -0.65623855 -0.32686463
vn -0.25704287 -0.46139332 0.84914378
vn -0.50455064 0.70187736 0.50278904
vn 0.41225597 0.50051905 -0.76126585
f 2433/2433/2433 2438/2438/2438 2434/2434/2434
f 2433/2433/2433 2437/2437/2437 2438/2438/2438
f 2434/2434/2434 2439/2439/2439 2435/2435/2435
f 2434/2434/2434 2438/2438/2438 2439/2439/2439
f 2435/2435/2435 2440/2440/2440 2436/2436/2436
f 2435/2435/2435 2439/2439/2439 2440/2440/2440
f 2436/2436/2436 2437/2437/2437 2433/2433/2433
f 2436/2436/2436 2440/2440/2440 2437/2437/2437
f 2437/2437/2437 2442/2442/2442 2438/2438/2438
f 2437/2437/2437 2441/2441/2441 2442/2442/2442
f 2438/2438/2438 2443/2443/2443 2439/2439/2439
f 2438/2438/2438 2442/2442/2442 2443/2443/2443
f 2439/2439/2439 2444/2444/2444 2440/2440/2440
f 2439/2439/2439 2443/2443/2443 2444/2444/2444
f 2440/2440/2440 2441/2441/2441 2437/2437/2437
f 2440/2440/2440 2444/2444/2444 2441/2441/2441
f 2441/2441/2441 2446/2446/2446 2442/2442/2442
f 2441/2441/2441 2445/2445/2445 2446/2446/2446
f 2442/2442/2442 2447/2447/2447 2443/2443/2443
f 2442/2442/2442 2446/2446/2446 2447/2447/2447
f 2443/2443/2443 2448/2448/2448 2444/2444/2444
f 2443/2443/2443 2447/2447/2447 2448/2448/2448
f 2444/2444/2444 2445/2445/2445 2441/2441/2441
f 2444/2444/2444 2448/2448/2448 2445/2445/2445
f 2445/2445/2445 2450/2450/2450 2446/2446/2446
f 2445/2445/2445 2449/2449/2449 2450/2450/2450
f 2446/2446/2446 2451/2451/2451 2447/2447/2447
f 2446/2446/2446 2450/2450/2450 2451/2451/2451
f 2447/2447/2447 2452/2452/2452 2448/2448/2448
f 2447/2447/2447 2451/2451/2451 2452/2452/2452
f 2448/2448/2448 2449/2449/2449 2445/2445/2445
f 2448/2448/2448 2452/2452/2452 2449/2449/2449
f 2449/2449/2449 2454/2454/2454 2450/2450/2450
f 2449/2449/2449 2453/2453/2453 2454/2454/2454
f 2450/2450/2450 2455/2455/2455 2451/2451/2451
f 2450/2450/2450 2454/2454/2454 2455/2455/2455
f 2451/2451/2451 2456/2456/2456 2452/2452/2452
f 2451/2451/2451 2455/2455/2455 2456/2456/2456
f 2452/2452/2452 2453/2453/2453 2449/2449/2449
f 2452/2452/2452 2456/2456/2456 2453/2453/2453
f 2453/2453/2453 2458/2458/2458 2454/2454/2454
f 2453/2453/2453 2457/2457/2457 2458/2458/2458
f 2454/2454/2454 2459/2459/2459 2455/2455/2455
f 2454/2454/2454 2458/2458/2458 2459/2459/2459
f 2455/2455/2455 2460/2460/2460 2456/2456/2456
f 2455/2455/2455 2459/2459/2459 2460/2460/2460
f 2456/2456/2456 2457/2457/2457 2453/2453/2453
f 2456/2456/2456 2460/2460/2460 2457/2457/2457
f 2457/2457/2457 2462/2462/2462 2458/2458/2458
f 2457/2457/2457 2461/2461/2461 2462/2462/2462
f 2458/2458/2458 2463/2463/2463 2459/2459/2459
f 2458/2458/2458 2462/2462/2462 2463/2463/2463
f 2459/2459/2459 2464/2464/2464 2460/2460/2460
f 2459/2459/2459 2463/2463/2463 2464/2464/2464
f 2460/2460/2460 2461/2461/2461 2457/2457/2457
f 2460/2460/2460 2464/2464/2464 2461/2461/2461
f 2461/2461/2461 2466/2466/2466 2462/2462/2462
f 2461/2461/2461 2465/2465/2465 2466/2466/2466
f 2462/2462/2462 2467/2467/2467 2463/2463/2463
f 2462/2462/2462 2466/2466/2466 2467/2467/2467
f 2463/2463/2463 2468/2468/2468 2464/2464/2464
f 2463/2463/2463 2467/2467/2467 2468/2468/2468
f 2464/2464/2464 2465/2465/2465 2461/2461/2461
f 2464/2464/2464 2468/2468/2468 2465/2465/2465
f 2465/2465/2465 2470/2470/2470 2466/2466/2466
f 2465/2465/2465 2469/2469/2469 2470/2470/2470
f 2466/2466/2466 2471/2471/2471 2467/2467/2467
f 2466/2466/2466 2470/2470/2470 2471/2471/2471
f 2467/2467/2467 2472/2472/2472 2468/2468/2468
f 2467/2467/2467 2471/2471/2471 2472/2472/2472
f 2468/2468/2468 2469/2469/2469 2465/2465/2465
f 2468/2468/2468 2472/2472/2472 2469/2469/2469
f 2469/2469/2469 2474/2474/2474 2470/2470/2470
f 2469/2469/2469 2473/2473/2473 2474/2474/2474
f 2470/2470/2470 2475/2475/2475 2471/2471/2471
f 2470/2470/2470 2474/2474/2474 2475/2475/2475
f 2471/2471/2471 2476/2476/2476 2472/2472/2472
f 2471/2471/2471 2475/2475/2475 2476/2476/2476
f 2472/2472/2472 2473/2473/2473 2469/2469/2469
f 2472/2472/2472 2476/2476/2476 2473/2473/2473
f 2473/2473/2473 2478/2478/2478 2474/2474/2474
f 2473/2473/2473 2477/2477/2477 2478/2478/2478
f 2474/2474/2474 2479/2479/2479 2475/2475/2475
f 2474/2474/2474 2478/2478/2478 2479/2479/2479
f 2475/2475/2475 2480/2480/2480 2476/2476/2476
f 2475/2475/2475 2479/2479/2479 2480/2480/2480
f 2476/2476/2476 2477/2477/2477 2473/2473/2473
f 2476/2476/2476 2480/2480/2480 2477/2477/2477
f 2477/2477/2477 2434/2434/2434 2478/2478/2478
f 2477/2477/2477 2433/2433/2433 2434/2434/2434
f 2478/2478/2478 2435/2435/2435 2479/2479/2479
f 2478/2478/2478 2434/2434/2434 2435/2435/2435
f 2479/2479/2479 2436/2436/2436 2480/2480/2480
f 2479/2479/2479 2435/2435/2435 2436/2436/2436
f 2480/2480/2480 2433/2433/2433 2477/2477/2477
f 2480/2480/2480 2436/2436/2436 2433/2433/2433
usemtl rope
v 0.49730737 0.30317677 -0.005 0.84 0.76 0.61
v 0.51479595 0.28545864 -0.005 0.84 0.76 0.61
v 0.49730737 0.26774052 -0.005 0.84 0.76 0.61
v 0.47981878 0.28545864 -0.005 0.84 0.76 0.61
v 0.48446554 0.30877769 0.027268293 0.84 0.76 0.61
v 0.49137778 0.28755914 0.03434912 0.84 0.76 0.61
v 0.4729211 0.27532725 0.027268293 0.84 0.76 0.61
v 0.46600887 0.29654581 0.020187465 0.84 0.76 0.61
v 0.43361104 0.32679237 0.050890322 0.84 0.76 0.61
v 0.43397221 0.30789446 0.061161835 0.84 0.76 0.61
v 0.4220666 0.29334193 0.050890322 0.84 0.76 0.61
v 0.42170542 0.31223984 0.040618809 0.84 0.76 0.61
v 0.36414249 0.35140087 0.059536585 0.84 0.76 0.61
v 0.35837027 0.33467565 0.0706 0.84 0.76 0.61
v 0.35259805 0.31795043 0.059536585 0.84 0.76 0.61
v 0.35837027 0.33467565 0.048473171 0.84 0.76 0.61
v 0.29467394 0.37600938 0.050890322 0.84 0.76 0.61
v 0.28276833 0.36145685 0.061161835 0.84 0.76 0.61
v 0.2831295 0.34255894 0.050890322 0.84 0.76 0.61
v 0.29503511 0.35711147 0.040618809 0.84 0.76 0.61
v 0.24381943 0.39402405 0.027268293 0.84 0.76 0.61
v 0.22536276 0.38179217 0.03434912 0.84 0.76 0.61
v 0.23227499 0.36057361 0.027268293 0.84 0.76 0.61
v 0.25073166 0.3728055 0.020187465 0.84 0.76 0.61
v 0.21943317 0.36617454 -0.005 0.84 0.76 0.61
v 0.23692176 0.38389266 -0.005 0.84 0.76 0.61
v 0.21943317 0.40161078 -0.005 0.84 0.76 0.61
v 0.20194459 0.38389266 -0.005 0.84 0.76 0.61
v 0.23227499 0.36057361 -0.037268293 0.84 0.76 0.61
v 0.25073166 0.3728055 -0.030187465 0.84 0.76 0.61
v 0.24381943 0.39402405 -0.037268293 0.84 0.76 0.61
v 0.22536276 0.38179217 -0.04434912 0.84 0.76 0.61
v 0.2831295 0.34255894 -0.060890322 0.84 0.76 0.61
v 0.29503511 0.35711147 -0.050618809 0.84 0.76 0.61
v 0.29467394 0.37600938 -0.060890322 0.84 0.76 0.61
v 0.28276833 0.36145685 -0.071161835 0.84 0.76 0.61
v 0.35259805 0.31795043 -0.069536585 0.84 0.76 0.61
v 0.35837027 0.33467565 -0.058473171 0.84 0.76 0.61
v 0.36414249 0.35140087 -0.069536585 0.84 0.76 0.61
v 0.35837027 0.33467565 -0.0806 0.84 0.76 0.61
v 0.4220666 0.29334193 -0.060890322 0.84 0.76 0.61
v 0.42170542 0.31223984 -0.050618809 0.84 0.76 0.61
v 0.43361104 0.32679237 -0.060890322 0.84 0.76 0.61
v 0.43397221 0.30789446 -0.071161835 0.84 0.76 0.61
v 0.4729211 0.27532725 -0.037268293 0.84 0.76 0.61
v 0.46600887 0.29654581 -0.030187465 0.84 0.76 0.61
v 0.48446554 0.30877769 -0.037268293 0.84 0.76 0.61
v 0.49137778 0.28755914 -0.04434912 0.84 0.76 0.61
vt 0 0
vt 0 0
vt 0 0
vt 0 0
vt 0 0
vt 0 0
vt 0 0
vt 0 0
vt 0 0
vt 0 0
vt 0 0
vt 0 0
vt 0 0
vt 0 0
vt 0 0
vt 0 0
vt 0 0
vt 0 0
vt 0 0
vt 0 0
vt 0 0
vt 0 0
vt 0 0
vt 0 0
vt 0 0
vt 0 0
vt 0 0
vt 0 0
vt 0 0
vt 0 0
vt 0 0
vt 0 0
vt 0 0
vt 0 0
vt 0 0
vt 0 0
vt 0 0
vt 0 0
vt 0 0
vt 0 0
vt 0 0
vt 0 0
vt 0 0
vt 0 0
vt 0 0
vt 0 0
vt 0 0
vt 0 0
vn 0.5252331 0.81831341 -0.2334381
vn 0.87394411 -0.47524949 0.10178217
vn -0.42091975 -0.85872615 -0.2922601
vn -0.73822287 0.44313063 -0.50858848
vn 0.30810603 0.93593939 0.17055246
vn 0.57676805 -0.19653973 0.79291282
vn -0.19188379 -0.97533173 -0.10912665
vn -0.53218023 0.1806393 -0.82713581
vn 0.29079397 0.94814022 0.12833154
vn 0.22894558 -0.095331018 0.96875999
vn -0.26401162 -0.96421446 -0.024255638
vn -0.2228976 0.095737205 -0.9701294
vn 0.27403705 0.96057071 0.046985105
vn 1.1481497e-16 1.2505109e-16 1
vn -0.27403705 -0.96057071 0.046985105
vn -1.4253941e-16 -1.2310622e-16 -1
vn 0.26401162 0.96421446 -0.024255638
vn -0.22894558 0.095331018 0.96875999
vn -0.29079397 -0.94814022 0.12833154
vn 0.2228976 -0.095737205 -0.9701294
vn 0.50316145 0.70667998 -0.49742534
vn -0.42120942 0.49879617 0.75748598
vn -0.67160878 -0.66579667 0.32504838
vn 0.27162073 -0.46237246 -0.84405799
vn 0.33450676 -0.91332379 0.23226037
vn 0.83004077 0.39702419 0.39166837
vn -0.39993205 0.89914395 0.17774847
vn -0.94247988 -0.32434643 -0.080815073
vn -0.35030205 -0.92887755 0.120312
vn 0.6065546 -0.1244794 0.78523652
vn 0.27428227 0.93049788 -0.24278164
vn -0.6002398 0.14007388 -0.78745888
vn -0.40174182 -0.91543245 0.024226943
vn 0.23475633 -0.062209934 0.97006154
vn 0.37086911 0.91978782 -0.1282438
vn -0.23923175 0.066247659 -0.96869986
vn -0.39168002 -0.91890349 -0.046937627
vn 2.1380911e-16 -4.2207846e-16 1
vn 0.39168002 0.91890349 -0.046937627
vn -1.9795685e-16 3.7515328e-16 -1
vn -0.37086911 -0.91978782 -0.1282438
vn -0.23475633 0.062209934 0.97006154
vn 0.40174182 0.91543245 0.024226943
vn 0.23923175 -0.066247659 -0.96869986
vn 0.086033017 -0.95974266 -0.26738051
vn -0.41472002 -0.14870358 0.8977163
vn 0.17882574 0.8247422 0.53649013
vn 0.62730791 0.091469185 -0.773381
f 2481/2481/2481 2486/2486/2486 2482/2482/2482
f 2481/2481/2481 2485/2485/2485 2486/2486/2486
f 2482/2482/2482 2487/2487/2487 2483/2483/2483
f 2482/2482/2482 2486/2486/2486 2487/2487/2487
f 2483/2483/2483 2488/2488/2488 2484/2484/2484
f 2483/2483/2483 2487/2487/2487 2488/2488/2488
f 2484/2484/2484 2485/2485/2485 2481/2481/2481
f 2484/2484/2484 2488/2488/2488 2485/2485/2485
f 2485/2485/2485 2490/2490/2490 2486/2486/2486
f 2485/2485/2485 2489/2489/2489 2490/2490/2490
f 2486/2486/2486 2491/2491/2491 2487/2487/2487
f 2486/2486/2486 2490/2490/2490 2491/2491/2491
f 2487/2487/2487 2492/2492/2492 2488/2488/2488
f 2487/2487/2487 2491/2491/2491 2492/2492/2492
f 2488/2488/2488 2489/2489/2489 2485/2485/2485
f 2488/2488/2488 2492/2492/2492 2489/2489/2489
f 2489/2489/2489 2494/2494/2494 2490/2490/2490
f 2489/2489/2489 2493/2493/2493 2494/2494/2494
f 2490/2490/2490 2495/2495/2495 2491/2491/2491
f 2490/2490/2490 2494/2494/2494 2495/2495/2495
f 2491/2491/2491 2496/2496/2496 2492/2492/2492
f 2491/2491/2491 2495/2495/2495 2496/2496/2496
f 2492/2492/2492 2493/2493/2493 2489/2489/2489
f 2492/2492/2492 2496/2496/2496 2493/2493/2493
f 2493/2493/2493 2498/2498/2498 2494/2494/2494
f 2493/2493/2493 2497/2497/2497 2498/2498/2498
f 2494/2494/2494 2499/2499/2499 2495/2495/2495
f 2494/2494/2494 2498/2498/2498 2499/2499/2499
f 2495/2495/2495 2500/2500/2500 2496/2496/2496
f 2495/2495/2495 2499/2499/2499 2500/2500/2500
f 2496/2496/2496 2497/2497/2497 2493/2493/2493
f 2496/2496/2496 2500/2500/2500 2497/2497/2497
f 2497/2497/2497 2502/2502/2502 2498/2498/2498
f 2497/2497/2497 2501/2501/2501 2502/2502/2502
f 2498/2498/2498 2503/2503/2503 2499/2499/2499
f 2498/2498/2498 2502/2502/2502 2503/2503/2503
f 2499/2499/2499 2504/2504/2504 2500/2500/2500
f 2499/2499/2499 2503/2503/2503 2504/2504/2504
f 2500/2500/2500 2501/2501/2501 2497/2497/2497
f 2500/2500/2500 2504/2504/2504 2501/2501/2501
f 2501/2501/2501 2506/2506/2506 2502/2502/2502
f 2501/2501/2501 2505/2505/2505 2506/2506/2506
f 2502/2502/2502 2507/2507/2507 2503/2503/2503
f 2502/2502/2502 2506/2506/2506 2507/2507/2507
f 2503/2503/2503 2508/2508/2508 2504/2504/2504
f 2503/2503/2503 2507/2507/2507 2508/2508/2508
f 2504/2504/2504 2505/2505/2505 2501/2501/2501
f 2504/2504/2504 2508/2508/2508 2505/2505/2505
f 2505/2505/2505 2510/2510/2510 2506/2506/2506
f 2505/2505/2505 2509/2509/2509 2510/2510/2510
f 2506/2506/2506 2511/2511/2511 2507/2507/2507
f 2506/2506/2506 2510/2510/2510 2511/2511/2511
f 2507/2507/2507 2512/2512/2512 2508/2508/2508
f 2507/2507/2507 2511/2511/2511 2512/2512/2512
f 2508/2508/2508 2509/2509/2509 2505/2505/2505
f 2508/2508/2508 2512/2512/2512 2509/2509/2509
f 2509/2509/2509 2514/2514/2514 2510/2510/2510
f 2509/2509/2509 2513/2513/2513 2514/2514/2514
f 2510/2510/2510 2515/2515/2515 2511/2511/2511
f 2510/2510/2510 2514/2514/2514 2515/2515/2515
f 2511/2511/2511 2516/2516/2516 2512/2512/2512
f 2511/2511/2511 2515/2515/2515 2516/2516/2516
f 2512/2512/2512 2513/2513/2513 2509/2509/2509
f 2512/2512/2512 2516/2516/2516 2513/2513/2513
f 2513/2513/2513 2518/2518/2518 2514/2514/2514
f 2513/2513/2513 2517/2517/2517 2518/2518/2518
f 2514/2514/2514 2519/2519/2519 2515/2515/2515
f 2514/2514/2514 2518/2518/2518 2519/2519/2519
f 2515/2515/2515 2520/2520/2520 2516/2516/2516
f 2515/2515/2515 2519/2519/2519 2520/2520/2520
f 2516/2516/2516 2517/2517/2517 2513/2513/2513
f 2516/2516/2516 2520/2520/2520 2517/2517/2517
f 2517/2517/2517 2522/2522/2522 2518/2518/2518
f 2517/2517/2517 2521/2521/2521 2522/2522/2522
f 2518/2518/2518 2523/2523/2523 2519/2519/2519
f 2518/2518/2518 2522/2522/2522 2523/2523/2523
f 2519/2519/2519 2524/2524/2524 2520/2520/2520
f 2519/2519/2519 2523/2523/2523 2524/2524/2524
f 2520/2520/2520 2521/2521/2521 2517/2517/2517
f 2520/2520/2520 2524/2524/2524 2521/2521/2521
f 2521/2521/2521 2526/2526/2526 2522/2522/2522
f 2521/2521/2521 2525/2525/2525 2526/2526/2526
f 2522/2522/2522 2527/2527/2527 2523/2523/2523
f 2522/2522/2522 2526/2526/2526 2527/2527/2527
f 2523/2523/2523 2528/2528/2528 2524/2524/2524
f 2523/2523/2523 2527/2527/2527 2528/2528/2528
f 2524/2524/2524 2525/2525/2525 2521/2521/2521
f 2524/2524/2524 2528/2528/2528 2525/2525/2525
f 2525/2525/2525 2482/2482/2482 2526/2526/2526
f 2525/2525/2525 2481/2481/2481 2482/2482/2482
f 2526/2526/2526 2483/2483/2483 2527/2527/2527
f 2526/2526/2526 2482/2482/2482 2483/2483/2483
f 2527/2527/2527 2484/2484/2484 2528/2528/2528
f 2527/2527/2527 2483/2483/2483 2484/2484/2484
f 2528/2528/2528 2481/2481/2481 2525/2525/2525
f 2528/2528/2528 2484/2484/2484 2481/2481/2481
usemtl rope
v 0.49147784 0.95284127 -0.005 0.84 0.76 0.61
v 0.50896642 0.93512315 -0.005 0.84 0.76 0.61
v 0.49147784 0.91740502 -0.005 0.84 0.76 0.61
v 0.47398925 0.93512315 -0.005 0.84 0.76 0.61
v 0.46764895 0.94517359 0.02542439 0.84 0.76 0.61
v 0.4861593 0.9331566 0.032592072 0.84 0.76 0.61
v 0.47964066 0.91188505 0.02542439 0.84 0.76 0.61
v 0.4611303 0.92390204 0.018256709 0.84 0.76 0.61
v 0.4189282 0.92715891 0.04769659 0.84 0.76 0.61
v 0.43091885 0.91273124 0.05799715 0.84 0.76 0.61
v 0.43091991 0.89387037 0.04769659 0.84 0.76 0.61
v 0.41892926 0.90829804 0.03739603 0.84 0.76 0.61
v 0.35237441 0.90255041 0.05584878 0.84 0.76 0.61
v 0.35837027 0.88590614 0.066912195 0.84 0.76 0.61
v 0.36436612 0.86926187 0.05584878 0.84 0.76 0.61
v 0.35837027 0.88590614 0.044785366 0.84 0.76 0.61
v 0.28582063 0.8779419 0.04769659 0.84 0.76 0.61
v 0.28582169 0.85908104 0.05799715 0.84 0.76 0.61
v 0.29781234 0.84465337 0.04769659 0.84 0.76 0.61
v 0.29781128 0.86351423 0.03739603 0.84 0.76 0.61
v 0.23709988 0.85992723 0.02542439 0.84 0.76 0.61
v 0.23058123 0.83865568 0.032592072 0.84 0.76 0.61
v 0.24909159 0.82663869 0.02542439 0.84 0.76 0.61
v 0.25561023 0.84791024 0.018256709 0.84 0.76 0.61
v 0.2252627 0.81897101 -0.005 0.84 0.76 0.61
v 0.24275129 0.83668913 -0.005 0.84 0.76 0.61
v 0.2252627 0.85440725 -0.005 0.84 0.76 0.61
v 0.20777411 0.83668913 -0.005 0.84 0.76 0.61
v 0.24909159 0.82663869 -0.03542439 0.84 0.76 0.61
v 0.25561023 0.84791024 -0.028256709 0.84 0.76 0.61
v 0.23709988 0.85992723 -0.03542439 0.84 0.76 0.61
v 0.23058123 0.83865568 -0.042592072 0.84 0.76 0.61
v 0.29781234 0.84465337 -0.05769659 0.84 0.76 0.61
v 0.29781128 0.86351423 -0.04739603 0.84 0.76 0.61
v 0.28582063 0.8779419 -0.05769659 0.84 0.76 0.61
v 0.28582169 0.85908104 -0.06799715 0.84 0.76 0.61
v 0.36436612 0.86926187 -0.06584878 0.84 0.76 0.61
v 0.35837027 0.88590614 -0.054785366 0.84 0.76 0.61
v 0.35237441 0.90255041 -0.06584878 0.84 0.76 0.61
v 0.35837027 0.88590614 -0.076912195 0.84 0.76 0.61
v 0.43091991 0.89387037 -0.05769659 0.84 0.76 0.61
v 0.41892926 0.90829804 -0.04739603 0.84 0.76 0.61
v 0.4189282 0.92715891 -0.05769659 0.84 0.76 0.61
v 0.43091885 0.91273124 -0.06799715 0.84 0.76 0.61
v 0.47964066 0.91188505 -0.03542439 0.84 0.76 0.61
v 0.4611303 0.92390204 -0.028256709 0.84 0.76 0.61
v 0.46764895 0.94517359 -0.03542439 0.84 0.76 0.61
v 0.4861593 0.9331566 -0.042592072 0.84 0.76 0.61
vt 0 0
vt 0 0
vt 0 0
vt 0 0
vt 0 0
vt 0 0
vt 0 0
vt 0 0
vt 0 0
vt 0 0
vt 0 0
vt 0 0
vt 0 0
vt 0 0
vt 0 0
vt 0 0
vt 0 0
vt 0 0
vt 0 0
vt 0 0
vt 0 0
vt 0 0
vt 0 0
vt 0 0
vt 0 0
vt 0 0
vt 0 0
vt 0 0
vt 0 0
vt 0 0
vt 0 0
vt 0 0
vt 0 0
vt 0 0
vt 0 0
vt 0 0
vt 0 0
vt 0 0
vt 0 0
vt 0 0
vt 0 0
vt 0 0
vt 0 0
vt 0 0
vt 0 0
vt 0 0
vt 0 0
vt 0 0
vn 0.39746048 0.89879626 -0.18490658
vn 0.9450059 -0.31757155 0.078180283
vn -0.32747994 -0.91220264 -0.24625845
vn -0.82532719 0.39691001 -0.40161856
vn -0.28289754 0.92605034 0.24979944
vn 0.59208208 0.14350027 0.79299841
vn 0.3624029 -0.92428675 -0.11982549
vn -0.59837997 -0.12610301 -0.79122654
vn -0.3821403 0.9148899 0.13017398
vn 0.23417908 0.067331786 0.96985906
vn 0.4135693 -0.91018866 -0.022738626
vn -0.22948152 -0.062953734 -0.97127497
vn -0.40304213 0.91392797 0.047882194
vn 5.7510788e-17 9.7312696e-17 1
vn 0.40304213 -0.91392797 0.047882194
vn -6.4859052e-17 -1.2803762e-16 -1
vn -0.4135693 0.91018866 -0.022738626
vn -0.23417908 -0.067331786 0.96985906
vn 0.3821403 -0.9148899 0.13017398
vn 0.22948152 0.062953734 -0.97127497
vn -0.20481117 0.81459331 -0.54266945
vn -0.62547486 0.080498925 0.77608062
vn -0.074969445 -0.96144244 0.26459029
vn 0.40329671 -0.14340533 -0.90376251
vn 0.41416083 -0.85526338 0.31144077
vn 0.72755995 0.43948365 0.52679279
vn -0.52772612 0.81316086 0.24550877
vn -0.87321543 -0.47714 -0.099157619
vn 0.20072051 -0.97357498 0.10891757
vn 0.51818385 0.18511055 0.83499676
vn -0.32419682 0.92998891 -0.17325431
vn -0.56737477 -0.20310494 -0.79801895
vn 0.27796524 -0.96032131 0.022766176
vn 0.21663271 0.097753874 0.97134672
vn -0.30494612 0.94341898 -0.13026315
vn -0.22308159 -0.097390822 -0.96992249
vn 0.2884165 -0.95630462 -0.047931221
vn 2.4090505e-16 -1.6461979e-16 1
vn -0.2884165 0.95630462 -0.047931221
vn -2.2182732e-16 1.1353148e-16 -1
vn 0.30494612 -0.94341898 -0.13026315
vn -0.21663271 -0.097753874 0.97134672
vn -0.27796524 0.96032131 0.022766176
vn 0.22308159 0.097390822 -0.96992249
vn 0.68008123 -0.65623855 -0.32686463
vn -0.25704287 -0.46139332 0.84914378
vn -0.50455064 0.70187736 0.50278904
vn 0.41225597 0.50051905 -0.76126585
f 2529/2529/2529 2534/2534/2534 2530/2530/2530
f 2529/2529/2529 2533/2533/2533 2534/2534/2534
f 2530/2530/2530 2535/2535/2535 2531/2531/2531
f 2530/2530/2530 2534/2534/2534 2535/2535/2535
f 2531/2531/2531 2536/2536/2536 2532/2532/2532
f 2531/2531/2531 2535/2535/2535 2536/2536/2536
f 2532/2532/2532 2533/2533/2533 2529/2529/2529
f 2532/2532/2532 2536/2536/2536 2533/2533/2533
f 2533/2533/2533 2538/2538/2538 2534/2534/2534
f 2533/2533/2533 2537/2537/2537 2538/2538/2538
f 2534/2534/2534 2539/2539/2539 2535/2535/2535
f 2534/2534/2534 2538/2538/2538 2539/2539/2539
f 2535/2535/2535 2540/2540/2540 2536/2536/2536
f 2535/2535/2535 2539/2539/2539 2540/2540/2540
f 2536/2536/2536 2537/2537/2537 2533/2533/2533
f 2536/2536/2536 2540/2540/2540 2537/2537/2537
f 2537/2537/2537 2542/2542/2542 2538/2538/2538
f 2537/2537/2537 2541/2541/2541 2542/2542/2542
f 2538/2538/2538 2543/2543/2543 2539/2539/2539
f 2538/2538/2538 2542/2542/2542 2543/2543/2543
f 2539/2539/2539 2544/2544/2544 2540/2540/2540
f 2539/2539/2539 2543/2543/2543 2544/2544/2544
f 2540/2540/2540 2541/2541/2541 2537/2537/2537
f 2540/2540/2540 2544/2544/2544 2541/2541/2541
f 2541/2541/2541 2546/2546/2546 2542/2542/2542
f 2541/2541/2541 2545/2545/2545 2546/2546/2546
f 2542/2542/2542 2547/2547/2547 2543/2543/2543
f 2542/2542/2542 2546/2546/2546 2547/2547/2547
f 2543/2543/2543 2548/2548/2548 2544/2544/2544
f 2543/2543/2543 2547/2547/2547 2548/2548/2548
f 2544/2544/2544 2545/2545/2545 2541/2541/2541
f 2544/2544/2544 2548/2548/2548 2545/2545/2545
f 2545/2545/2545 2550/2550/2550 2546/2546/2546
f 2545/2545/2545 2549/2549/2549 2550/2550/2550
f 2546/2546/2546 2551/2551/2551 2547/2547/2547
f 2546/2546/2546 2550/2550/2550 2551/2551/2551
f 2547/2547/2547 2552/2552/2552 2548/2548/2548
f 2547/2547/2547 2551/2551/2551 2552/2552/2552
f 2548/2548/2548 2549/2549/2549 2545/2545/2545
f 2548/2548/2548 2552/2552/2552 2549/2549/2549
f 2549/2549/2549 2554/2554/2554 2550/2550/2550
f 2549/2549/2549 2553/2553/2553 2554/2554/2554
f 2550/2550/2550 2555/2555/2555 2551/2551/2551
f 2550/2550/2550 2554/2554/2554 2555/2555/2555
f 2551/2551/2551 2556/2556/2556 2552/2552/2552
f 2551/2551/2551 2555/2555/2555 2556/2556/2556
f 2552/2552/2552 2553/2553/2553 2549/2549/2549
f 2552/2552/2552 2556/2556/2556 2553/2553/2553
f 2553/2553/2553 2558/2558/2558 2554/2554/2554
f 2553/2553/2553 2557/2557/2557 2558/2558/2558
f 2554/2554/2554 2559/2559/2559 2555/2555/2555
f 2554/2554/2554 2558/2558/2558 2559/2559/2559
f 2555/2555/2555 2560/2560/2560 2556/2556/2556
f 2555/2555/2555 2559/2559/2559 2560/2560/2560
f 2556/2556/2556 2557/2557/2557 2553/2553/2553
f 2556/2556/2556 2560/2560/2560 2557/2557/2557
f 2557/2557/2557 2562/2562/2562 2558/2558/2558
f 2557/2557/2557 2561/2561/2561 2562/2562/2562
f 2558/2558/2558 2563/2563/2563 2559/2559/2559
f 2558/2558/2558 2562/2562/2562 2563/2563/2563
f 2559/2559/2559 2564/2564/2564 2560/2560/2560
f 2559/2559/2559 2563/2563/2563 2564/2564/2564
f 2560/2560/2560 2561/2561/2561 2557/2557/2557
f 2560/2560/2560 2564/2564/2564 2561/2561/2561
f 2561/2561/2561 2566/2566/2566 2562/2562/2562
f 2561/2561/2561 2565/2565/2565 2566/2566/2566
f 2562/2562/2562 2567/2567/2567 2563/2563/2563
f 2562/2562/2562 2566/2566/2566 2567/2567/2567
f 2563/2563/2563 2568/2568/2568 2564/2564/2564
f 2563/2563/2563 2567/2567/2567 2568/2568/2568
f 2564/2564/2564 2565/2565/2565 2561/2561/2561
f 2564/2564/2564 2568/2568/2568 2565/2565/2565
f 2565/2565/2565 2570/2570/2570 2566/2566/2566
f 2565/2565/2565 2569/2569/2569 2570/2570/2570
f 2566/2566/2566 2571/2571/2571 2567/2567/2567
f 2566/2566/2566 2570/2570/2570 2571/2571/2571
f 2567/2567/2567 2572/2572/2572 2568/2568/2568
f 2567/2567/2567 2571/2571/2571 2572/2572/2572
f 2568/2568/2568 2569/2569/2569 2565/2565/2565
f 2568/2568/2568 2572/2572/2572 2569/2569/2569
f 2569/2569/2569 2574/2574/2574 2570/2570/2570
f 2569/2569/2569 2573/2573/2573 2574/2574/2574
f 2570/2570/2570 2575/2575/2575 2571/2571/2571
f 2570/2570/2570 2574/2574/2574 2575/2575/2575
f 2571/2571/2571 2576/2576/2576 2572/2572/2572
f 2571/2571/2571 2575/2575/2575 2576/2576/2576
f 2572/2572/2572 2573/2573/2573 2569/2569/2569
f 2572/2572/2572 2576/2576/2576 2573/2573/2573
f 2573/2573/2573 2530/2530/2530 2574/2574/2574
f 2573/2573/2573 2529/2529/2529 2530/2530/2530
f 2574/2574/2574 2531/2531/2531 2575/2575/2575
f 2574/2574/2574 2530/2530/2530 2531/2531/2531
f 2575/2575/2575 2532/2532/2532 2576/2576/2576
f 2575/2575/2575 2531/2531/2531 2532/2532/2532
f 2576/2576/2576 2529/2529/2529 2573/2573/2573
f 2576/2576/2576 2532/2532/2532 2529/2529/2529
usemtl rope
v 0.49730737 0.85440725 -0.005 0.84 0.76 0.61
v 0.51479595 0.83668913 -0.005 0.84 0.76 0.61
v 0.49730737 0.81897101 -0.005 0.84 0.76 0.61
v 0.47981878 0.83668913 -0.005 0.84 0.76 0.61
v 0.48446554 0.86000818 0.027268293 0.84 0.76 0.61
v 0.49137778 0.83878963 0.03434912 0.84 0.76 0.61
v 0.4729211 0.82655774 0.027268293 0.84 0.76 0.61
v 0.46600887 0.84777629 0.020187465 0.84 0.76 0.61
v 0.43361104 0.87802286 0.050890322 0.84 0.76 0.61
v 0.43397221 0.85912494 0.061161835 0.84 0.76 0.61
v 0.4220666 0.84457241 0.050890322 0.84 0.76 0.61
v 0.42170542 0.86347033 0.040618809 0.84 0.76 0.61
v 0.36414249 0.90263136 0.059536585 0.84 0.76 0.61
v 0.35837027 0.88590614 0.0706 0.84 0.76 0.61
v 0.35259805 0.86918092 0.059536585 0.84 0.76 0.61
v 0.35837027 0.88590614 0.048473171 0.84 0.76 0.61
v 0.29467394 0.92723986 0.050890322 0.84 0.76 0.61
v 0.28276833 0.91268733 0.061161835 0.84 0.76 0.61
v 0.2831295 0.89378942 0.050890322 0.84 0.76 0.61
v 0.29503511 0.90834195 0.040618809 0.84 0.76 0.61
v 0.24381943 0.94525454 0.027268293 0.84 0.76 0.61
v 0.22536276 0.93302265 0.03434912 0.84 0.76 0.61
v 0.23227499 0.9118041 0.027268293 0.84 0.76 0.61
v 0.25073166 0.92403598 0.020187465 0.84 0.76 0.61
v 0.21943317 0.91740502 -0.005 0.84 0.76 0.61
v 0.23692176 0.93512315 -0.005 0.84 0.76 0.61
v 0.21943317 0.95284127 -0.005 0.84 0.76 0.61
v 0.20194459 0.93512315 -0.005 0.84 0.76 0.61
v 0.23227499 0.9118041 -0.037268293 0.84 0.76 0.61
v 0.25073166 0.92403598 -0.030187465 0.84 0.76 0.61
v 0.24381943 0.94525454 -0.037268293 0.84 0.76 0.61
v 0.22536276 0.93302265 -0.04434912 0.84 0.76 0.61
v 0.2831295 0.89378942 -0.060890322 0.84 0.76 0.61
v 0.29503511 0.90834195 -0.050618809 0.84 0.76 0.61
v 0.29467394 0.92723986 -0.060890322 0.84 0.76 0.61
v 0.28276833 0.91268733 -0.071161835 0.84 0.76 0.61
v 0.35259805 0.86918092 -0.069536585 0.84 0.76 0.61
v 0.35837027 0.88590614 -0.058473171 0.84 0.76 0.61
v 0.36414249 0.90263136 -0.069536585 0.84 0.76 0.61
v 0.35837027 0.88590614 -0.0806 0.84 0.76 0.61
v 0.4220666 0.84457241 -0.060890322 0.84 0.76 0.61
v 0.42170542 0.86347033 -0.050618809 0.84 0.76 0.61
v 0.43361104 0.87802286 -0.060890322 0.84 0.76 0.61
v 0.43397221 0.85912494 -0.071161835 0.84 0.76 0.61
v 0.4729211 0.82655774 -0.037268293 0.84 0.76 0.61
v 0.46600887 0.84777629 -0.030187465 0.84 0.76 0.61
v 0.48446554 0.86000818 -0.037268293 0.84 0.76 0.61
v 0.49137778 0.83878963 -0.04434912 0.84 0.76 0.61
vt 0 0
vt 0 0
vt 0 0
vt 0 0
vt 0 0
vt 0 0
vt 0 0
vt 0 0
vt 0 0
vt 0 0
vt 0 0
vt 0 0
vt 0 0
vt 0 0
vt 0 0
vt 0 0
vt 0 0
vt 0 0
vt 0 0
vt 0 0
vt 0 0
vt 0 0
vt 0 0
vt 0 0
vt 0 0
vt 0 0
vt 0 0
vt 0 0
vt 0 0
vt 0 0
vt 0 0
vt 0 0
vt 0 0
vt 0 0
vt 0 0
vt 0 0
vt 0 0
vt 0 0
vt 0 0
vt 0 0
vt 0 0
vt 0 0
vt 0 0
vt 0 0
vt 0 0
vt 0 0
vt 0 0
vt 0 0
vn 0.5252331 0.81831341 -0.2334381
vn 0.87394411 -0.47524949 0.10178217
vn -0.42091975 -0.85872615 -0.2922601
vn -0.73822287 0.44313063 -0.50858848
vn 0.30810603 0.93593939 0.17055246
vn 0.57676805 -0.19653973 0.79291282
vn -0.19188379 -0.97533173 -0.10912665
vn -0.53218023 0.1806393 -0.82713581
vn 0.29079397 0.94814022 0.12833154
vn 0.22894558 -0.095331018 0.96875999
vn -0.26401162 -0.96421446 -0.024255638
vn -0.2228976 0.095737205 -0.9701294
vn 0.27403705 0.96057071 0.046985105
vn 5.9387055e-17 1.2505109e-16 1
vn -0.27403705 -0.96057071 0.046985105
vn -3.5634852e-17 -1.2310622e-16 -1
vn 0.26401162 0.96421446 -0.024255638
vn -0.22894558 0.095331018 0.96875999
vn -0.29079397 -0.94814022 0.12833154
vn 0.2228976 -0.095737205 -0.9701294
vn 0.50316145 0.70667998 -0.49742534
vn -0.42120942 0.49879617 0.75748598
vn -0.67160878 -0.66579667 0.32504838
vn 0.27162073 -0.46237246 -0.84405799
vn 0.33450676 -0.91332379 0.23226037
vn 0.83004077 0.39702419 0.39166837
vn -0.39993205 0.89914395 0.17774847
vn -0.94247988 -0.32434643 -0.080815073
vn -0.35030205 -0.92887755 0.120312
vn 0.6065546 -0.1244794 0.78523652
vn 0.27428227 0.93049788 -0.24278164
vn -0.6002398 0.14007388 -0.78745888
vn -0.40174182 -0.91543245 0.024226943
vn 0.23475633 -0.062209934 0.97006154
vn 0.37086911 0.91978782 -0.1282438
vn -0.23923175 0.066247659 -0.96869986
vn -0.39168002 -0.91890349 -0.046937627
vn 2.761701e-16 -3.8690525e-16 1
vn 0.39168002 0.91890349 -0.046937627
vn -2.4546649e-16 3.7515328e-16 -1
vn -0.37086911 -0.91978782 -0.1282438
vn -0.23475633 0.062209934 0.97006154
vn 0.40174182 0.91543245 0.024226943
vn 0.23923175 -0.066247659 -0.96869986
vn 0.086033017 -0.95974266 -0.26738051
vn -0.41472002 -0.14870358 0.8977163
vn 0.17882574 0.8247422 0.53649013
vn 0.62730791 0.091469185 -0.773381
f 2577/2577/2577 2582/2582/2582 2578/2578/2578
f 2577/2577/2577 2581/2581/2581 2582/2582/2582
f 2578/2578/2578 2583/2583/2583 2579/2579/2579
f 2578/2578/2578 2582/2582/2582 2583/2583/2583
f 2579/2579/2579 2584/2584/2584 2580/2580/2580
f 2579/2579/2579 2583/2583/2583 2584/2584/2584
f 2580/2580/2580 2581/2581/2581 2577/2577/2577
f 2580/2580/2580 2584/2584/2584 2581/2581/2581
f 2581/2581/2581 2586/2586/2586 2582/2582/2582
f 2581/2581/2581 2585/2585/2585 2586/2586/2586
f 2582/2582/2582 2587/2587/2587 2583/2583/2583
f 2582/2582/2582 2586/2586/2586 2587/2587/2587
f 2583/2583/2583 2588/2588/2588 2584/2584/2584
f 2583/2583/2583 2587/2587/2587 2588/2588/2588
f 2584/2584/2584 2585/2585/2585 2581/2581/2581
f 2584/2584/2584 2588/2588/2588 2585/2585/2585
f 2585/2585/2585 2590/2590/2590 2586/2586/2586
f 2585/2585/2585 2589/2589/2589 2590/2590/2590
f 2586/2586/2586 2591/2591/2591 2587/2587/2587
f 2586/2586/2586 2590/2590/2590 2591/2591/2591
f 2587/2587/2587 2592/2592/2592 2588/2588/2588
f 2587/2587/2587 2591/2591/2591 2592/2592/2592
f 2588/2588/2588 2589/2589/2589 2585/2585/2585
f 2588/2588/2588 2592/2592/2592 2589/2589/2589
f 2589/2589/2589 2594/2594/2594 2590/2590/2590
f 2589/2589/2589 2593/2593/2593 2594/2594/2594
f 2590/2590/2590 2595/2595/2595 2591/2591/2591
f 2590/2590/2590 2594/2594/2594 2595/2595/2595
f 2591/2591/2591 2596/2596/2596 2592/2592/2592
f 2591/2591/2591 2595/2595/2595 2596/2596/2596
f 2592/2592/2592 2593/2593/2593 2589/2589/2589
f 2592/2592/2592 2596/2596/2596 2593/2593/2593
f 2593/2593/2593 2598/2598/2598 2594/2594/2594
f 2593/2593/2593 2597/2597/2597 2598/2598/2598
f 2594/2594/2594 2599/2599/2599 2595/2595/2595
f 2594/2594/2594 2598/2598/2598 2599/2599/2599
f 2595/2595/2595 2600/2600/2600 2596/2596/2596
f 2595/2595/2595 2599/2599/2599 2600/2600/2600
f 2596/2596/2596 2597/2597/2597 2593/2593/2593
f 2596/2596/2596 2600/2600/2600 2597/2597/2597
f 2597/2597/2597 2602/2602/2602 2598/2598/2598
f 2597/2597/2597 2601/2601/2601 2602/2602/2602
f 2598/2598/2598 2603/2603/2603 2599/2599/2599
f 2598/2598/2598 2602/2602/2602 2603/2603/2603
f 2599/2599/2599 2604/2604/2604 2600/2600/2600
f 2599/2599/2599 2603/2603/2603 2604/2604/2604
f 2600/2600/2600 2601/2601/2601 2597/2597/2597
f 2600/2600/2600 2604/2604/2604 2601/2601/2601
f 2601/2601/2601 2606/2606/2606 2602/2602/2602
f 2601/2601/2601 2605/2605/2605 2606/2606/2606
f 2602/2602/2602 2607/2607/2607 2603/2603/2603
f 2602/2602/2602 2606/2606/2606 2607/2607/2607
f 2603/2603/2603 2608/2608/2608 2604/2604/2604
f 2603/2603/2603 2607/2607/2607 2608/2608/2608
f 2604/2604/2604 2605/2605/2605 2601/2601/2601
f 2604/2604/2604 2608/2608/2608 2605/2605/2605
f 2605/2605/2605 2610/2610/2610 2606/2606/2606
f 2605/2605/2605 2609/2609/2609 2610/2610/2610
f 2606/2606/2606 2611/2611/2611 2607/2607/2607
f 2606/2606/2606 2610/2610/2610 2611/2611/2611
f 2607/2607/2607 2612/2612/2612 2608/2608/2608
f 2607/2607/2607 2611/2611/2611 2612/2612/2612
f 2608/2608/2608 2609/2609/2609 2605/2605/2605
f 2608/2608/2608 2612/2612/2612 2609/2609/2609
f 2609/2609/2609 2614/2614/2614 2610/2610/2610
f 2609/2609/2609 2613/2613/2613 2614/2614/2614
f 2610/2610/2610 2615/2615/2615 2611/2611/2611
f 2610/2610/2610 2614/2614/2614 2615/2615/2615
f 2611/2611/2611 2616/2616/2616 2612/2612/2612
f 2611/2611/2611 2615/2615/2615 2616/2616/2616
f 2612/2612/2612 2613/2613/2613 2609/2609/2609
f 2612/2612/2612 2616/2616/2616 2613/2613/2613
f 2613/2613/2613 2618/2618/2618 2614/2614/2614
f 2613/2613/2613 2617/2617/2617 2618/2618/2618
f 2614/2614/2614 2619/2619/2619 2615/2615/2615
f 2614/2614/2614 2618/2618/2618 2619/2619/2619
f 2615/2615/2615 2620/2620/2620 2616/2616/2616
f 2615/2615/2615 2619/2619/2619 2620/2620/2620
f 2616/2616/2616 2617/2617/2617 2613/2613/2613
f 2616/2616/2616 2620/2620/2620 2617/2617/2617
f 2617/2617/2617 2622/2622/2622 2618/2618/2618
f 2617/2617/2617 2621/2621/2621 2622/2622/2622
f 2618/2618/2618 2623/2623/2623 2619/2619/2619
f 2618/2618/2618 2622/2622/2622 2623/2623/2623
f 2619/2619/2619 2624/2624/2624 2620/2620/2620
f 2619/2619/2619 2623/2623/2623 2624/2624/2624
f 2620/2620/2620 2621/2621/2621 2617/2617/2617
f 2620/2620/2620 2624/2624/2624 2621/2621/2621
f 2621/2621/2621 2578/2578/2578 2622/2622/2622
f 2621/2621/2621 2577/2577/2577 2578/2578/2578
f 2622/2622/2622 2579/2579/2579 2623/2623/2623
f 2622/2622/2622 2578/2578/2578 2579/2579/2579
f 2623/2623/2623 2580/2580/2580 2624/2624/2624
f 2623/2623/2623 2579/2579/2579 2580/2580/2580
f 2624/2624/2624 2577/2577/2577 2621/2621/2621
f 2624/2624/2624 2580/2580/2580 2577/2577/2577
usemtl timber
v 0.71143666 0 -0.005 1 1 1
v 0.69921944 0 0.020241082 1 1 1
v 0.6519466 0 0.035606463 1 1 1
v 0.59728378 0 0.0452959 1 1 1
v 0.53931116 0 0.038065157 1 1 1
v 0.49915244 0 0.019299067 1 1 1
v 0.48214187 0 -0.005 1 1 1
v 0.50064432 0 -0.02892965 1 1 1
v 0.53729921 0 -0.049559742 1 1 1
v 0.59728378 0 -0.053045563 1 1 1
v 0.65395856 0 -0.047101049 1 1 1
v 0.69772755 0 -0.029871665 1 1 1
v 0.71091216 0.19648132 -0.005 1 1 1
v 0.69826802 0.19648132 0.020005496 1 1 1
v 0.65220885 0.19648132 0.035801277 1 1 1
v 0.59728378 0.19648132 0.045767073 1 1 1
v 0.53957341 0.19648132 0.037870343 1 1 1
v 0.50010385 0.19648132 0.019063481 1 1 1
v 0.48161737 0.19648132 -0.005 1 1 1
v 0.49969291 0.19648132 -0.029165236 1 1 1
v 0.53756146 0.19648132 -0.049364928 1 1 1
v 0.59728378 0.19648132 -0.052574391 1 1 1
v 0.65422081 0.19648132 -0.047295863 1 1 1
v 0.69867896 0.19648132 -0.030107251 1 1 1
v 0.70985968 0.39296264 -0.005 1 1 1
v 0.6977382 0.39296264 0.019874301 1 1 1
v 0.6527351 0.39296264 0.036192197 1 1 1
v 0.59728378 0.39296264 0.046029463 1 1 1
v 0.54009965 0.39296264 0.037479423 1 1 1
v 0.50063368 0.39296264 0.018932286 1 1 1
v 0.48056489 0.39296264 -0.005 1 1 1
v 0.49916308 0.39296264 -0.029296431 1 1 1
v 0.5380877 0.39296264 -0.048974008 1 1 1
v 0.59728378 0.39296264 -0.052312001 1 1 1
v 0.65474705 0.39296264 -0.047686783 1 1 1
v 0.69920879 0.39296264 -0.030238446 1 1 1
v 0.70864548 0.58944396 -0.005 1 1 1
v 0.69781433 0.58944396 0.019893153 1 1 1
v 0.6533422 0.58944396 0.036643184 1 1 1
v 0.59728378 0.58944396 0.045991759 1 1 1
v 0.54070675 0.58944396 0.037028436 1 1 1
v 0.50055754 0.58944396 0.018951137 1 1 1
v 0.47935069 0.58944396 -0.005 1 1 1
v 0.49923922 0.58944396 -0.029277579 1 1 1
v 0.5386948 0.58944396 -0.048523022 1 1 1
v 0.59728378 0.58944396 -0.052349704 1 1 1
v 0.65535415 0.58944396 -0.048137769 1 1 1
v 0.69913266 0.58944396 -0.030219594 1 1 1
v 0.7076921 0.78592528 -0.005 1 1 1
v 0.69846993 0.78592528 0.020055491 1 1 1
v 0.65381888 0.78592528 0.036997294 1 1 1
v 0.59728378 0.78592528 0.045667083 1 1 1
v 0.54118344 0.78592528 0.036674326 1 1 1
v 0.49990194 0.78592528 0.019113475 1 1 1
v 0.47839731 0.78592528 -0.005 1 1 1
v 0.49989482 0.78592528 -0.029115241 1 1 1
v 0.53917149 0.78592528 -0.048168912 1 1 1
v 0.59728378 0.78592528 -0.05267438 1 1 1
v 0.65583084 0.78592528 -0.048491879 1 1 1
v 0.69847706 0.78592528 -0.030057256 1 1 1
v 0.70733132 0.9824066 -0.005 1 1 1
v 0.69947685 0.9824066 0.020304822 1 1 1
v 0.65399928 0.9824066 0.037131297 1 1 1
v 0.59728378 0.9824066 0.045168421 1 1 1
v 0.54136383 0.9824066 0.036540323 1 1 1
v 0.49889503 0.9824066 0.019362807 1 1 1
v 0.47803653 0.9824066 -0.005 1 1 1
v 0.50090173 0.9824066 -0.02886591 1 1 1
v 0.53935188 0.9824066 -0.048034908 1 1 1
v 0.59728378 0.9824066 -0.053173043 1 1 1
v 0.65601123 0.9824066 -0.048625883 1 1 1
v 0.69747014 0.9824066 -0.029807925 1 1 1
v 0.59728378 0 -0.005 1 1 1
v 0.59728378 1.371221 -0.005 1 1 1
vt 1 1.384
vt 1.1666667 1.384
vt 1.3333333 1.384
vt 1.5 1.384
vt 1.6666667 1.384
vt 1.8333333 1.384
vt 2 1.384
vt 0.16666667 1.384
vt 0.33333333 1.384
vt 0.5 1.384
vt 0.66666667 1.384
vt 0.83333333 1.384
vt 1 1.7514556
vt 1.1666667 1.7514556
vt 1.3333333 1.7514556
vt 1.5 1.7514556
vt 1.6666667 1.7514556
vt 1.8333333 1.7514556
vt 2 1.7514556
vt 0.16666667 1.7514556
vt 0.33333333 1.7514556
vt 0.5 1.7514556
vt 0.66666667 1.7514556
vt 0.83333333 1.7514556
vt 1 2.1189112
vt 1.1666667 2.1189112
vt 1.3333333 2.1189112
vt 1.5 2.1189112
vt 1.6666667 2.1189112
vt 1.8333333 2.1189112
vt 2 2.1189112
vt 0.16666667 2.1189112
vt 0.33333333 2.1189112
vt 0.5 2.1189112
vt 0.66666667 2.1189112
vt 0.83333333 2.1189112
vt 1 2.4863669
vt 1.1666667 2.4863669
vt 1.3333333 2.4863669
vt 1.5 2.4863669
vt 1.6666667 2.4863669
vt 1.8333333 2.4863669
vt 2 2.4863669
vt 0.16666667 2.4863669
vt 0.33333333 2.4863669
vt 0.5 2.4863669
vt 0.66666667 2.4863669
vt 0.83333333 2.4863669
vt 1 2.8538225
vt 1.1666667 2.8538225
vt 1.3333333 2.8538225
vt 1.5 2.8538225
vt 1.6666667 2.8538225
vt 1.8333333 2.8538225
vt 2 2.8538225
vt 0.16666667 2.8538225
vt 0.33333333 2.8538225
vt 0.5 2.8538225
vt 0.66666667 2.8538225
vt 0.83333333 2.8538225
vt 1 3.2212781
vt 1.1666667 3.2212781
vt 1.3333333 3.2212781
vt 1.5 3.2212781
vt 1.6666667 3.2212781
vt 1.8333333 3.2212781
vt 2 3.2212781
vt 0.16666667 3.2212781
vt 0.33333333 3.2212781
vt 0.5 3.2212781
vt 0.66666667 3.2212781
vt 0.83333333 3.2212781
vt 1 1.384
vt 1 3.9484313
vn 0.92470158 -0.35507774 0.13728359
vn 0.45847054 -0.23173047 0.85796606
vn 0.2145928 -0.17343332 0.96118199
vn -0.031454078 -0.16794164 0.985295
vn -0.30360847 -0.19589737 0.93244095
vn -0.63903994 -0.27003357 0.72021513
vn -0.90226714 -0.35558286 -0.24387462
vn -0.55368096 -0.24667743 -0.79535378
vn -0.16934387 -0.17977134 -0.96902266
vn 0.043946556 -0.16080019 -0.98600811
vn 0.26365257 -0.18599634 -0.94651608
vn 0.66487926 -0.2869336 -0.68964098
vn 0.99998439 0.0022704535 -0.0051059362
vn 0.57635586 0.0016440423 0.81719717
vn 0.24419052 -0.0011056384 0.96972665
vn 0.01565292 -0.0010409982 0.99987694
vn -0.26189695 0.0011053773 0.96509521
vn -0.5891831 0.0016883416 0.80799779
vn -0.99998353 -0.0022540888 -0.0052790664
vn -0.61581516 -0.0017339677 -0.78788875
vn -0.2363346 0.0010686493 -0.97167115
vn 0.015043989 0.001063146 -0.99988627
vn 0.21933968 -0.0010698214 -0.97564797
vn 0.60366479 -0.0016908489 -0.79723646
vn 0.99994217 0.0032719665 0.010244898
vn 0.58665765 0.0005098766 0.80983488
vn 0.24764176 -0.001589672 0.96885037
vn 0.010620571 -0.00031835023 0.99994355
vn -0.26546227 0.0015977516 0.96411993
vn -0.57921492 0.00051255533 0.81517471
vn -0.99993829 -0.0032307479 0.010628861
vn -0.6056686 -0.00052492536 -0.79571683
vn -0.232775 0.0015357136 -0.9725294
vn 0.010186903 0.00032615237 -0.99994806
vn 0.21589924 -0.0015288583 -0.97641445
vn 0.6141609 -0.00052254936 -0.78918066
vn 0.99996288 0.0031384938 0.0080248584
vn 0.59867637 -0.00083241351 0.80099058
vn 0.247159 -0.0015149775 0.96897375
vn 0.0047947956 0.00051358714 0.99998837
vn -0.26489408 0.0015319402 0.9642763
vn -0.5678534 -0.00081654004 0.8231293
vn -0.99996032 -0.0030795637 0.0083588414
vn -0.5940755 0.000836839 -0.80440885
vn -0.2333007 0.00147404 -0.97240352
vn 0.0046003198 -0.00052593299 -0.99998928
vn 0.21634019 -0.0014579591 -0.97631696
vn 0.62639451 0.00085321969 -0.77950573
vn 0.99993872 0.0019072755 -0.010905401
vn 0.60824334 -0.0019058602 0.79374833
vn 0.2428975 -0.00091303464 0.97005153
vn 0.00022103111 0.0011692728 0.99999929
vn -0.26041914 0.00092765033 0.96549522
vn -0.55900555 -0.0018340122 0.82916188
vn -0.99993334 -0.0018622506 -0.011394803
vn -0.58509238 0.0018872548 -0.81096445
vn -0.23771539 0.00089935488 -0.97133444
vn 0.00021259301 -0.0011926994 -0.99999927
vn 0.22053619 -0.00088499701 -0.97537839
vn 0.63604916 0.0019606944 -0.77164605
vn 0.98344783 0.15964111 -0.085703452
vn 0.6619179 0.12549109 0.73899708
vn 0.25147657 0.079731193 0.96457372
vn 0.017572302 0.073752292 0.99712176
vn -0.23804412 0.078675794 0.96806256
vn -0.52071478 0.10467305 0.8472896
vn -0.98128691 0.16979234 0.090810578
vn -0.59419739 0.11240221 -0.79642652
vn -0.26888073 0.083822231 -0.95951914
vn -0.015408047 0.06971359 -0.99744805
vn 0.20176958 0.079276287 -0.97621939
vn 0.60038409 0.11720065 -0.79107708
vn 0 -1 0
vn -6.2082516e-17 1 -3.6801547e-16
f 2625/2625/2625 2638/2638/2638 2626/2626/2626
f 2625/2625/2625 2637/2637/2637 2638/2638/2638
f 2626/2626/2626 2639/2639/2639 2627/2627/2627
f 2626/2626/2626 2638/2638/2638 2639/2639/2639
f 2627/2627/2627 2640/2640/2640 2628/2628/2628
f 2627/2627/2627 2639/2639/2639 2640/2640/2640
f 2628/2628/2628 2641/2641/2641 2629/2629/2629
f 2628/2628/2628 2640/2640/2640 2641/2641/2641
f 2629/2629/2629 2642/2642/2642 2630/2630/2630
f 2629/2629/2629 2641/2641/2641 2642/2642/2642
f 2630/2630/2630 2643/2643/2643 2631/2631/2631
f 2630/2630/2630 2642/2642/2642 2643/2643/2643
f 2631/2631/2631 2644/2644/2644 2632/2632/2632
f 2631/2631/2631 2643/2643/2643 2644/2644/2644
f 2632/2632/2632 2645/2645/2645 2633/2633/2633
f 2632/2632/2632 2644/2644/2644 2645/2645/2645
f 2633/2633/2633 2646/2646/2646 2634/2634/2634
f 2633/2633/2633 2645/2645/2645 2646/2646/2646
f 2634/2634/2634 2647/2647/2647 2635/2635/2635
f 2634/2634/2634 2646/2646/2646 2647/2647/2647
f 2635/2635/2635 2648/2648/2648 2636/2636/2636
f 2635/2635/2635 2647/2647/2647 2648/2648/2648
f 2636/2636/2636 2637/2637/2637 2625/2625/2625
f 2636/2636/2636 2648/2648/2648 2637/2637/2637
f 2637/2637/2637 2650/2650/2650 2638/2638/2638
f 2637/2637/2637 2649/2649/2649 2650/2650/2650
f 2638/2638/2638 2651/2651/2651 2639/2639/2639
f 2638/2638/2638 2650/2650/2650 2651/2651/2651
f 2639/2639/2639 2652/2652/2652 2640/2640/2640
f 2639/2639/2639 2651/2651/2651 2652/2652/2652
f 2640/2640/2640 2653/2653/2653 2641/2641/2641
f 2640/2640/2640 2652/2652/2652 2653/2653/2653
f 2641/2641/2641 2654/2654/2654 2642/2642/2642
f 2641/2641/2641 2653/2653/2653 2654/2654/2654
f 2642/2642/2642 2655/2655/2655 2643/2643/2643
f 2642/2642/2642 2654/2654/2654 2655/2655/2655
f 2643/2643/2643 2656/2656/2656 2644/2644/2644
f 2643/2643/2643 2655/2655/2655 2656/2656/2656
f 2644/2644/2644 2657/2657/2657 2645/2645/2645
f 2644/2644/2644 2656/2656/2656 2657/2657/2657
f 2645/2645/2645 2658/2658/2658 2646/2646/2646
f 2645/2645/2645 2657/2657/2657 2658/2658/2658
f 2646/2646/2646 2659/2659/2659 2647/2647/2647
f 2646/2646/2646 2658/2658/2658 2659/2659/2659
f 2647/2647/2647 2660/2660/2660 2648/2648/2648
f 2647/2647/2647 2659/2659/2659 2660/2660/2660
f 2648/2648/2648 2649/2649/2649 2637/2637/2637
f 2648/2648/2648 2660/2660/2660 2649/2649/2649
f 2649/2649/2649 2662/2662/2662 2650/2650/2650
f 2649/2649/2649 2661/2661/2661 2662/2662/2662
f 2650/2650/2650 2663/2663/2663 2651/2651/2651
f 2650/2650/2650 2662/2662/2662 2663/2663/2663
f 2651/2651/2651 2664/2664/2664 2652/2652/2652
f 2651/2651/2651 2663/2663/2663 2664/2664/2664
f 2652/2652/2652 2665/2665/2665 2653/2653/2653
f 2652/2652/2652 2664/2664/2664 2665/2665/2665
f 2653/2653/2653 2666/2666/2666 2654/2654/2654
f 2653/2653/2653 2665/2665/2665 2666/2666/2666
f 2654/2654/2654 2667/2667/2667 2655/2655/2655
f 2654/2654/2654 2666/2666/2666 2667/2667/2667
f 2655/2655/2655 2668/2668/2668 2656/2656/2656
f 2655/2655/2655 2667/2667/2667 2668/2668/2668
f 2656/2656/2656 2669/2669/2669 2657/2657/2657
f 2656/2656/2656 2668/2668/2668 2669/2669/2669
f 2657/2657/2657 2670/2670/2670 2658/2658/2658
f 2657/2657/2657 2669/2669/2669 2670/2670/2670
f 2658/2658/2658 2671/2671/2671 2659/2659/2659
f 2658/2658/2658 2670/2670/2670 2671/2671/2671
f 2659/2659/2659 2672/2672/2672 2660/2660/2660
f 2659/2659/2659 2671/2671/2671 2672/2672/2672
f 2660/2660/2660 2661/2661/2661 2649/2649/2649
f 2660/2660/2660 2672/2672/2672 2661/2661/2661
f 2661/2661/2661 2674/2674/2674 2662/2662/2662
f 2661/2661/2661 2673/2673/2673 2674/2674/2674
f 2662/2662/2662 2675/2675/2675 2663/2663/2663
f 2662/2662/2662 2674/2674/2674 2675/2675/2675
f 2663/2663/2663 2676/2676/2676 2664/2664/2664
f 2663/2663/2663 2675/2675/2675 2676/2676/2676
f 2664/2664/2664 2677/2677/2677 2665/2665/2665
f 2664/2664/2664 2676/2676/2676 2677/2677/2677
f 2665/2665/2665 2678/2678/2678 2666/2666/2666
f 2665/2665/2665 2677/2677/2677 2678/2678/2678
f 2666/2666/2666 2679/2679/2679 2667/2667/2667
f 2666/2666/2666 2678/2678/2678 2679/2679/2679
f 2667/2667/2667 2680/2680/2680 2668/2668/2668
f 2667/2667/2667 2679/2679/2679 2680/2680/2680
f 2668/2668/2668 2681/2681/2681 2669/2669/2669
f 2668/2668/2668 2680/2680/2680 2681/2681/2681
f 2669/2669/2669 2682/2682/2682 2670/2670/2670
f 2669/2669/2669 2681/2681/2681 2682/2682/2682
f 2670/2670/2670 2683/2683/2683 2671/2671/2671
f 2670/2670/2670 2682/2682/2682 2683/2683/2683
f 2671/2671/2671 2684/2684/2684 2672/2672/2672
f 2671/2671/2671 2683/2683/2683 2684/2684/2684
f 2672/2672/2672 2673/2673/2673 2661/2661/2661
f 2672/2672/2672 2684/2684/2684 2673/2673/2673
f 2673/2673/2673 2686/2686/2686 2674/2674/2674
f 2673/2673/2673 2685/2685/2685 2686/2686/2686
f 2674/2674/2674 2687/2687/2687 2675/2675/2675
f 2674/2674/2674 2686/2686/2686 2687/2687/2687
f 2675/2675/2675 2688/2688/2688 2676/2676/2676
f 2675/2675/2675 2687/2687/2687 2688/2688/2688
f 2676/2676/2676 2689/2689/2689 2677/2677/2677
f 2676/2676/2676 2688/2688/2688 2689/2689/2689
f 2677/2677/2677 2690/2690/2690 2678/2678/2678
f 2677/2677/2677 2689/2689/2689 2690/2690/2690
f 2678/2678/2678 2691/2691/2691 2679/2679/2679
f 2678/2678/2678 2690/2690/2690 2691/2691/2691
f 2679/2679/2679 2692/2692/2692 2680/2680/2680
f 2679/2679/2679 2691/2691/2691 2692/2692/2692
f 2680/2680/2680 2693/2693/2693 2681/2681/2681
f 2680/2680/2680 2692/2692/2692 2693/2693/2693
f 2681/2681/2681 2694/2694/2694 2682/2682/2682
f 2681/2681/2681 2693/2693/2693 2694/2694/2694
f 2682/2682/2682 2695/2695/2695 2683/2683/2683
f 2682/2682/2682 2694/2694/2694 2695/2695/2695
f 2683/2683/2683 2696/2696/2696 2684/2684/2684
f 2683/2683/2683 2695/2695/2695 2696/2696/2696
f 2684/2684/2684 2685/2685/2685 2673/2673/2673
f 2684/2684/2684 2696/2696/2696 2685/2685/2685
f 2697/2697/2697 2625/2625/2625 2626/2626/2626
f 2685/2685/2685 2698/2698/2698 2686/2686/2686
f 2697/2697/2697 2626/2626/2626 2627/2627/2627
f 2686/2686/2686 2698/2698/2698 2687/2687/2687
f 2697/2697/2697 2627/2627/2627 2628/2628/2628
f 2687/2687/2687 2698/2698/2698 2688/2688/2688
f 2697/2697/2697 2628/2628/2628 2629/2629/2629
f 2688/2688/2688 2698/2698/2698 2689/2689/2689
f 2697/2697/2697 2629/2629/2629 2630/2630/2630
f 2689/2689/2689 2698/2698/2698 2690/2690/2690
f 2697/2697/2697 2630/2630/2630 2631/2631/2631
f 2690/2690/2690 2698/2698/2698 2691/2691/2691
f 2697/2697/2697 2631/2631/2631 2632/2632/2632
f 2691/2691/2691 2698/2698/2698 2692/2692/2692
f 2697/2697/2697 2632/2632/2632 2633/2633/2633
f 2692/2692/2692 2698/2698/2698 2693/2693/2693
f 2697/2697/2697 2633/2633/2633 2634/2634/2634
f 2693/2693/2693 2698/2698/2698 2694/2694/2694
f 2697/2697/2697 2634/2634/2634 2635/2635/2635
f 2694/2694/2694 2698/2698/2698 2695/2695/2695
f 2697/2697/2697 2635/2635/2635 2636/2636/2636
f 2695/2695/2695 2698/2698/2698 2696/2696/2696
f 2697/2697/2697 2636/2636/2636 2625/2625/2625
f 2696/2696/2696 2698/2698/2698 2685/2685/2685
usemtl snow
v 0.73724532 1.0177504 -0.005 1 1 1
v 0.71849403 1.0113177 0.025013815 1 1 1
v 0.66726455 1.0338167 0.046985452 1 1 1
v 0.59728378 1.0094206 0.055027629 1 1 1
v 0.52730301 1.0432402 0.046985452 1 1 1
v 0.47607353 0.98685518 0.025013815 1 1 1
v 0.45732224 1.0588379 -0.005 1 1 1
v 0.47607353 1.0046084 -0.035013815 1 1 1
v 0.52730301 1.00435 -0.056985452 1 1 1
v 0.59728378 1.0671677 -0.065027629 1 1 1
v 0.66726455 0.97268597 -0.056985452 1 1 1
v 0.71849403 1.0513115 -0.035013815 1 1 1
v 0.72849772 1.099117 -0.005 1 1 1
v 0.71091839 1.0968655 0.023137951 1 1 1
v 0.66289075 1.1047402 0.043736361 1 1 1
v 0.59728378 1.0962016 0.051275902 1 1 1
v 0.53167681 1.1080384 0.043736361 1 1 1
v 0.48364917 1.0883037 0.023137951 1 1 1
v 0.46606984 1.1134976 -0.005 1 1 1
v 0.48364917 1.0945173 -0.033137951 1 1 1
v 0.53167681 1.0944269 -0.053736361 1 1 1
v 0.59728378 1.1164131 -0.061275902 1 1 1
v 0.66289075 1.0833444 -0.053736361 1 1 1
v 0.71091839 1.1108634 -0.033137951 1 1 1
v 0.69725631 1.1989614 -0.005 1 1 1
v 0.68386253 1.1989614 0.016438439 1 1 1
v 0.64727004 1.1989614 0.032132466 1 1 1
v 0.59728378 1.1989614 0.037876878 1 1 1
v 0.54729752 1.1989614 0.032132466 1 1 1
v 0.51070503 1.1989614 0.016438439 1 1 1
v 0.49731125 1.1989614 -0.005 1 1 1
v 0.51070503 1.1989614 -0.026438439 1 1 1
v 0.54729752 1.1989614 -0.042132466 1 1 1
v 0.59728378 1.1989614 -0.047876878 1 1 1
v 0.64727004 1.1989614 -0.042132466 1 1 1
v 0.68386253 1.1989614 -0.026438439 1 1 1
v 0.65351833 1.3072389 -0.005 1 1 1
v 0.64598433 1.3072389 0.007059122 1 1 1
v 0.62540105 1.3072389 0.015887012 1 1 1
v 0.59728378 1.3072389 0.019118244 1 1 1
v 0.56916651 1.3072389 0.015887012 1 1 1
v 0.54858323 1.3072389 0.007059122 1 1 1
v 0.54104923 1.3072389 -0.005 1 1 1
v 0.54858323 1.3072389 -0.017059122 1 1 1
v 0.56916651 1.3072389 -0.025887012 1 1 1
v 0.59728378 1.3072389 -0.029118244 1 1 1
v 0.62540105 1.3072389 -0.025887012 1 1 1
v 0.64598433 1.3072389 -0.017059122 1 1 1
v 0.61227966 1.3958295 -0.005 1 1 1
v 0.61027059 1.3958295 -0.0017842341 1 1 1
v 0.60478172 1.3958295 0.00056986984 1 1 1
v 0.59728378 1.3958295 0.0014315317 1 1 1
v 0.58978584 1.3958295 0.00056986984 1 1 1
v 0.58429697 1.3958295 -0.0017842341 1 1 1
v 0.5822879 1.3958295 -0.005 1 1 1
v 0.58429697 1.3958295 -0.0082157659 1 1 1
v 0.58978584 1.3958295 -0.01056987 1 1 1
v 0.59728378 1.3958295 -0.011431532 1 1 1
v 0.60478172 1.3958295 -0.01056987 1 1 1
v 0.61027059 1.3958295 -0.0082157659 1 1 1
v 0.59728378 1.0119368 -0.005 1 1 1
v 0.59728378 1.4184693 -0.005 1 1 1
vt 0 0
vt 0 0
vt 0 0
vt 0 0
vt 0 0
vt 0 0
vt 0 0
vt 0 0
vt 0 0
vt 0 0
vt 0 0
vt 0 0
vt 0 0
vt 0 0
vt 0 0
vt 0 0
vt 0 0
vt 0 0
vt 0 0
vt 0 0
vt 0 0
vt 0 0
vt 0 0
vt 0 0
vt 0 0
vt 0 0
vt 0 0
vt 0 0
vt 0 0
vt 0 0
vt 0 0
vt 0 0
vt 0 0
vt 0 0
vt 0 0
vt 0 0
vt 0 0
vt 0 0
vt 0 0
vt 0 0
vt 0 0
vt 0 0
vt 0 0
vt 0 0
vt 0 0
vt 0 0
vt 0 0
vt 0 0
vt 0 0
vt 0 0
vt 0 0
vt 0 0
vt 0 0
vt 0 0
vt 0 0
vt 0 0
vt 0 0
vt 0 0
vt 0 0
vt 0 0
vt 0 0
vt 0 0
vn 0.66865024 -0.66814101 -0.32633488
vn 0.37423805 -0.5240051 0.76509119
vn 0.18621014 -0.40594439 0.89472618
vn -0.054953223 -0.42769198 0.90225258
vn -0.19749927 -0.38528817 0.90141392
vn -0.55172863 -0.70791361 0.44096919
vn -0.70506767 -0.62624613 -0.33270914
vn -0.66720128 -0.66277256 -0.33996322
vn 0.0062989898 -0.40288325 -0.9152297
vn -0.036443996 -0.33098202 -0.94293305
vn 0.16871758 -0.50574461 -0.84602409
vn 0.72574923 -0.6364988 -0.26106957
vn 0.9733217 0.21759082 0.072794941
vn 0.60102936 0.14586687 0.78580313
vn 0.24486205 0.10901105 0.96341018
vn 0.00073289739 0.091901922 0.99576779
vn -0.23747992 0.11104322 0.96502471
vn -0.59394876 0.13768645 0.79263315
vn -0.96695044 0.2361073 0.09622985
vn -0.55227195 0.13961761 -0.82188966
vn -0.26050439 0.10049482 -0.96022823
vn -0.0025377037 0.10871868 -0.99406932
vn 0.25585143 0.09488015 -0.96204875
vn 0.53707327 0.15024633 -0.83004719
vn 0.94002446 0.33973907 -0.030518373
vn 0.60376257 0.24101532 0.75985681
vn 0.25756694 0.17384791 0.9504926
vn 0.0084861729 0.15001081 0.98864794
vn -0.21436848 0.16956262 0.96192238
vn -0.57351812 0.22973096 0.78632096
vn -0.92998656 0.34224838 0.13413072
vn -0.58389426 0.23965558 -0.77564985
vn -0.25406101 0.16623464 -0.95279539
vn -0.023897661 0.15927408 -0.98694512
vn 0.24140217 0.16354932 -0.9565441
vn 0.52579077 0.22794781 -0.81950221
vn 0.90913501 0.38566532 -0.15727616
vn 0.63420814 0.29789764 0.71346831
vn 0.27422592 0.20616512 0.93930617
vn 0.031292136 0.17891239 0.98336726
vn -0.19880735 0.19354516 0.96073717
vn -0.51428166 0.2631883 0.81623911
vn -0.90913501 0.38566532 0.15727616
vn -0.63420814 0.29789764 -0.71346831
vn -0.27422592 0.20616512 -0.93930617
vn -0.031292136 0.17891239 -0.98336726
vn 0.19880735 0.19354516 -0.96073717
vn 0.51428166 0.2631883 -0.81623911
vn 0.85375823 0.41114271 -0.31946606
vn 0.69838033 0.35541501 0.62124479
vn 0.31961277 0.24087528 0.91642063
vn 0.067254204 0.20181099 0.97711268
vn -0.1578592 0.2105719 0.96474864
vn -0.44853869 0.27488738 0.85044105
vn -0.85375823 0.41114271 0.31946606
vn -0.69838033 0.35541501 -0.62124479
vn -0.31961277 0.24087528 -0.91642063
vn -0.067254204 0.20181099 -0.97711268
vn 0.1578592 0.2105719 -0.96474864
vn 0.44853869 0.27488738 -0.85044105
vn 1.7501823e-16 -1 -4.1139262e-16
vn -1.4169175e-17 1 -8.9592171e-17
f 2699/2699/2699 2712/2712/2712 2700/2700/2700
f 2699/2699/2699 2711/2711/2711 2712/2712/2712
f 2700/2700/2700 2713/2713/2713 2701/2701/2701
f 2700/2700/2700 2712/2712/2712 2713/2713/2713
f 2701/2701/2701 2714/2714/2714 2702/2702/2702
f 2701/2701/2701 2713/2713/2713 2714/2714/2714
f 2702/2702/2702 2715/2715/2715 2703/2703/2703
f 2702/2702/2702 2714/2714/2714 2715/2715/2715
f 2703/2703/2703 2716/2716/2716 2704/2704/2704
f 2703/2703/2703 2715/2715/2715 2716/2716/2716
f 2704/2704/2704 2717/2717/2717 2705/2705/2705
f 2704/2704/2704 2716/2716/2716 2717/2717/2717
f 2705/2705/2705 2718/2718/2718 2706/2706/2706
f 2705/2705/2705 2717/2717/2717 2718/2718/2718
f 2706/2706/2706 2719/2719/2719 2707/2707/2707
f 2706/2706/2706 2718/2718/2718 2719/2719/2719
f 2707/2707/2707 2720/2720/2720 2708/2708/2708
f 2707/2707/2707 2719/2719/2719 2720/2720/2720
f 2708/2708/2708 2721/2721/2721 2709/2709/2709
f 2708/2708/2708 2720/2720/2720 2721/2721/2721
f 2709/2709/2709 2722/2722/2722 2710/2710/2710
f 2709/2709/2709 2721/2721/2721 2722/2722/2722
f 2710/2710/2710 2711/2711/2711 2699/2699/2699
f 2710/2710/2710 2722/2722/2722 2711/2711/2711
f 2711/2711/2711 2724/2724/2724 2712/2712/2712
f 2711/2711/2711 2723/2723/2723 2724/2724/2724
f 2712/2712/2712 2725/2725/2725 2713/2713/2713
f 2712/2712/2712 2724/2724/2724 2725/2725/2725
f 2713/2713/2713 2726/2726/2726 2714/2714/2714
f 2713/2713/2713 2725/2725/2725 2726/2726/2726
f 2714/2714/2714 2727/2727/2727 2715/2715/2715
f 2714/2714/2714 2726/2726/2726 2727/2727/2727
f 2715/2715/2715 2728/2728/2728 2716/2716/2716
f 2715/2715/2715 2727/2727/2727 2728/2728/2728
f 2716/2716/2716 2729/2729/2729 2717/2717/2717
f 2716/2716/2716 2728/2728/2728 2729/2729/2729
f 2717/2717/2717 2730/2730/2730 2718/2718/2718
f 2717/2717/2717 2729/2729/2729 2730/2730/2730
f 2718/2718/2718 2731/2731/2731 2719/2719/2719
f 2718/2718/2718 2730/2730/2730 2731/2731/2731
f 2719/2719/2719 2732/2732/2732 2720/2720/2720
f 2719/2719/2719 2731/2731/2731 2732/2732/2732
f 2720/2720/2720 2733/2733/2733 2721/2721/2721
f 2720/2720/2720 2732/2732/2732 2733/2733/2733
f 2721/2721/2721 2734/2734/2734 2722/2722/2722
f 2721/2721/2721 2733/2733/2733 2734/2734/2734
f 2722/2722/2722 2723/2723/2723 2711/2711/2711
f 2722/2722/2722 2734/2734/2734 2723/2723/2723
f 2723/2723/2723 2736/2736/2736 2724/2724/2724
f 2723/2723/2723 2735/2735/2735 2736/2736/2736
f 2724/2724/2724 2737/2737/2737 2725/2725/2725
f 2724/2724/2724 2736/2736/2736 2737/2737/2737
f 2725/2725/2725 2738/2738/2738 2726/2726/2726
f 2725/2725/2725 2737/2737/2737 2738/2738/2738
f 2726/2726/2726 2739/2739/2739 2727/2727/2727
f 2726/2726/2726 2738/2738/2738 2739/2739/2739
f 2727/2727/2727 2740/2740/2740 2728/2728/2728
f 2727/2727/2727 2739/2739/2739 2740/2740/2740
f 2728/2728/2728 2741/2741/2741 2729/2729/2729
f 2728/2728/2728 2740/2740/2740 2741/2741/2741
f 2729/2729/2729 2742/2742/2742 2730/2730/2730
f 2729/2729/2729 2741/2741/2741 2742/2742/2742
f 2730/2730/2730 2743/2743/2743 2731/2731/2731
f 2730/2730/2730 2742/2742/2742 2743/2743/2743
f 2731/2731/2731 2744/2744/2744 2732/2732/2732
f 2731/2731/2731 2743/2743/2743 2744/2744/2744
f 2732/2732/2732 2745/2745/2745 2733/2733/2733
f 2732/2732/2732 2744/2744/2744 2745/2745/2745
f 2733/2733/2733 2746/2746/2746 2734/2734/2734
f 2733/2733/2733 2745/2745/2745 2746/2746/2746
f 2734/2734/2734 2735/2735/2735 2723/2723/2723
f 2734/2734/2734 2746/2746/2746 2735/2735/2735
f 2735/2735/2735 2748/2748/2748 2736/2736/2736
f 2735/2735/2735 2747/2747/2747 2748/2748/2748
f 2736/2736/2736 2749/2749/2749 2737/2737/2737
f 2736/2736/2736 2748/2748/2748 2749/2749/2749
f 2737/2737/2737 2750/2750/2750 2738/2738/2738
f 2737/2737/2737 2749/2749/2749 2750/2750/2750
f 2738/2738/2738 2751/2751/2751 2739/2739/2739
f 2738/2738/2738 2750/2750/2750 2751/2751/2751
f 2739/2739/2739 2752/2752/2752 2740/2740/2740
f 2739/2739/2739 2751/2751/2751 2752/2752/2752
f 2740/2740/2740 2753/2753/2753 2741/2741/2741
f 2740/2740/2740 2752/2752/2752 2753/2753/2753
f 2741/2741/2741 2754/2754/2754 2742/2742/2742
f 2741/2741/2741 2753/2753/2753 2754/2754/2754
f 2742/2742/2742 2755/2755/2755 2743/2743/2743
f 2742/2742/2742 2754/2754/2754 2755/2755/2755
f 2743/2743/2743 2756/2756/2756 2744/2744/2744
f 2743/2743/2743 2755/2755/2755 2756/2756/2756
f 2744/2744/2744 2757/2757/2757 2745/2745/2745
f 2744/2744/2744 2756/2756/2756 2757/2757/2757
f 2745/2745/2745 2758/2758/2758 2746/2746/2746
f 2745/2745/2745 2757/2757/2757 2758/2758/2758
f 2746/2746/2746 2747/2747/2747 2735/2735/2735
f 2746/2746/2746 2758/2758/2758 2747/2747/2747
f 2759/2759/2759 2699/2699/2699 2700/2700/2700
f 2747/2747/2747 2760/2760/2760 2748/2748/2748
f 2759/2759/2759 2700/2700/2700 2701/2701/2701
f 2748/2748/2748 2760/2760/2760 2749/2749/2749
f 2759/2759/2759 2701/2701/2701 2702/2702/2702
f 2749/2749/2749 2760/2760/2760 2750/2750/2750
f 2759/2759/2759 2702/2702/2702 2703/2703/2703
f 2750/2750/2750 2760/2760/2760 2751/2751/2751
f 2759/2759/2759 2703/2703/2703 2704/2704/2704
f 2751/2751/2751 2760/2760/2760 2752/2752/2752
f 2759/2759/2759 2704/2704/2704 2705/2705/2705
f 2752/2752/2752 2760/2760/2760 2753/2753/2753
f 2759/2759/2759 2705/2705/2705 2706/2706/2706
f 2753/2753/2753 2760/2760/2760 2754/2754/2754
f 2759/2759/2759 2706/2706/2706 2707/2707/2707
f 2754/2754/2754 2760/2760/2760 2755/2755/2755
f 2759/2759/2759 2707/2707/2707 2708/2708/2708
f 2755/2755/2755 2760/2760/2760 2756/2756/2756
f 2759/2759/2759 2708/2708/2708 2709/2709/2709
f 2756/2756/2756 2760/2760/2760 2757/2757/2757
f 2759/2759/2759 2709/2709/2709 2710/2710/2710
f 2757/2757/2757 2760/2760/2760 2758/2758/2758
f 2759/2759/2759 2710/2710/2710 2699/2699/2699
f 2758/2758/2758 2760/2760/2760 2747/2747/2747
usemtl rope
v 0.73039135 0.40161078 -0.005 0.84 0.76 0.61
v 0.74787993 0.38389266 -0.005 0.84 0.76 0.61
v 0.73039135 0.36617454 -0.005 0.84 0.76 0.61
v 0.71290276 0.38389266 -0.005 0.84 0.76 0.61
v 0.70656246 0.3939431 0.02542439 0.84 0.76 0.61
v 0.72507282 0.38192611 0.032592072 0.84 0.76 0.61
v 0.71855417 0.36065456 0.02542439 0.84 0.76 0.61
v 0.70004382 0.37267155 0.018256709 0.84 0.76 0.61
v 0.65784171 0.37592843 0.04769659 0.84 0.76 0.61
v 0.66983236 0.36150075 0.05799715 0.84 0.76 0.61
v 0.66983342 0.34263989 0.04769659 0.84 0.76 0.61
v 0.65784277 0.35706756 0.03739603 0.84 0.76 0.61
v 0.59128792 0.35131992 0.05584878 0.84 0.76 0.61
v 0.59728378 0.33467565 0.066912195 0.84 0.76 0.61
v 0.60327964 0.31803138 0.05584878 0.84 0.76 0.61
v 0.59728378 0.33467565 0.044785366 0.84 0.76 0.61
v 0.52473414 0.32671142 0.04769659 0.84 0.76 0.61
v 0.5247352 0.30785055 0.05799715 0.84 0.76 0.61
v 0.53672585 0.29342288 0.04769659 0.84 0.76 0.61
v 0.53672479 0.31228375 0.03739603 0.84 0.76 0.61
v 0.47601339 0.30869674 0.02542439 0.84 0.76 0.61
v 0.46949474 0.28742519 0.032592072 0.84 0.76 0.61
v 0.4880051 0.2754082 0.02542439 0.84 0.76 0.61
v 0.49452374 0.29667976 0.018256709 0.84 0.76 0.61
v 0.46417621 0.26774052 -0.005 0.84 0.76 0.61
v 0.4816648 0.28545864 -0.005 0.84 0.76 0.61
v 0.46417621 0.30317677 -0.005 0.84 0.76 0.61
v 0.44668763 0.28545864 -0.005 0.84 0.76 0.61
v 0.4880051 0.2754082 -0.03542439 0.84 0.76 0.61
v 0.49452374 0.29667976 -0.028256709 0.84 0.76 0.61
v 0.47601339 0.30869674 -0.03542439 0.84 0.76 0.61
v 0.46949474 0.28742519 -0.042592072 0.84 0.76 0.61
v 0.53672585 0.29342288 -0.05769659 0.84 0.76 0.61
v 0.53672479 0.31228375 -0.04739603 0.84 0.76 0.61
v 0.52473414 0.32671142 -0.05769659 0.84 0.76 0.61
v 0.5247352 0.30785055 -0.06799715 0.84 0.76 0.61
v 0.60327964 0.31803138 -0.06584878 0.84 0.76 0.61
v 0.59728378 0.33467565 -0.054785366 0.84 0.76 0.61
v 0.59128792 0.35131992 -0.06584878 0.84 0.76 0.61
v 0.59728378 0.33467565 -0.076912195 0.84 0.76 0.61
v 0.66983342 0.34263989 -0.05769659 0.84 0.76 0.61
v 0.65784277 0.35706756 -0.04739603 0.84 0.76 0.61
v 0.65784171 0.37592843 -0.05769659 0.84 0.76 0.61
v 0.66983236 0.36150075 -0.06799715 0.84 0.76 0.61
v 0.71855417 0.36065456 -0.03542439 0.84 0.76 0.61
v 0.70004382 0.37267155 -0.028256709 0.84 0.76 0.61
v 0.70656246 0.3939431 -0.03542439 0.84 0.76 0.61
v 0.72507282 0.38192611 -0.042592072 0.84 0.76 0.61
vt 0 0
vt 0 0
vt 0 0
vt 0 0
vt 0 0
vt 0 0
vt 0 0
vt 0 0
vt 0 0
vt 0 0
vt 0 0
vt 0 0
vt 0 0
vt 0 0
vt 0 0
vt 0 0
vt 0 0
vt 0 0
vt 0 0
vt 0 0
vt 0 0
vt 0 0
vt 0 0
vt 0 0
vt 0 0
vt 0 0
vt 0 0
vt 0 0
vt 0 0
vt 0 0
vt 0 0
vt 0 0
vt 0 0
vt 0 0
vt 0 0
vt 0 0
vt 0 0
vt 0 0
vt 0 0
vt 0 0
vt 0 0
vt 0 0
vt 0 0
vt 0 0
vt 0 0
vt 0 0
vt 0 0
vt 0 0
vn 0.39746048 0.89879626 -0.18490658
vn 0.9450059 -0.31757155 0.078180283
vn -0.32747994 -0.91220264 -0.24625845
vn -0.82532719 0.39691001 -0.40161856
vn -0.28289754 0.92605034 0.24979944
vn 0.59208208 0.14350027 0.79299841
vn 0.3624029 -0.92428675 -0.11982549
vn -0.59837997 -0.12610301 -0.79122654
vn -0.3821403 0.9148899 0.13017398
vn 0.23417908 0.067331786 0.96985906
vn 0.4135693 -0.91018866 -0.022738626
vn -0.22948152 -0.062953734 -0.97127497
vn -0.40304213 0.91392797 0.047882194
vn -1.6431654e-17 4.8656348e-17 1
vn 0.40304213 -0.91392797 0.047882194
vn 1.8531158e-17 -5.4873264e-17 -1
vn -0.4135693 0.91018866 -0.022738626
vn -0.23417908 -0.067331786 0.96985906
vn 0.3821403 -0.9148899 0.13017398
vn 0.22948152 0.062953734 -0.97127497
vn -0.20481117 0.81459331 -0.54266945
vn -0.62547486 0.080498925 0.77608062
vn -0.074969445 -0.96144244 0.26459029
vn 0.40329671 -0.14340533 -0.90376251
vn 0.41416083 -0.85526338 0.31144077
vn 0.72755995 0.43948365 0.52679279
vn -0.52772612 0.81316086 0.24550877
vn -0.87321543 -0.47714 -0.099157619
vn 0.20072051 -0.97357498 0.10891757
vn 0.51818385 0.18511055 0.83499676
vn -0.32419682 0.92998891 -0.17325431
vn -0.56737477 -0.20310494 -0.79801895
vn 0.27796524 -0.96032131 0.022766176
vn 0.21663271 0.097753874 0.97134672
vn -0.30494612 0.94341898 -0.13026315
vn -0.22308159 -0.097390822 -0.96992249
vn 0.2884165 -0.95630462 -0.047931221
vn 3.2429526e-16 -7.3164352e-17 1
vn -0.2884165 0.95630462 -0.047931221
vn -2.9576977e-16 8.1093913e-17 -1
vn 0.30494612 -0.94341898 -0.13026315
vn -0.21663271 -0.097753874 0.97134672
vn -0.27796524 0.96032131 0.022766176
vn 0.22308159 0.097390822 -0.96992249
vn 0.68008123 -0.65623855 -0.32686463
vn -0.25704287 -0.46139332 0.84914378
vn -0.50455064 0.70187736 0.50278904
vn 0.41225597 0.50051905 -0.76126585
f 2761/2761/2761 2766/2766/2766 2762/2762/2762
f 2761/2761/2761 2765/2765/2765 2766/2766/2766
f 2762/2762/2762 2767/2767/2767 2763/2763/2763
f 2762/2762/2762 2766/2766/2766 2767/2767/2767
f 2763/2763/2763 2768/2768/2768 2764/2764/2764
f 2763/2763/2763 2767/2767/2767 2768/2768/2768
f 2764/2764/2764 2765/2765/2765 2761/2761/2761
f 2764/2764/2764 2768/2768/2768 2765/2765/2765
f 2765/2765/2765 2770/2770/2770 2766/2766/2766
f 2765/2765/2765 2769/2769/2769 2770/2770/2770
f 2766/2766/2766 2771/2771/2771 2767/2767/2767
f 2766/2766/2766 2770/2770/2770 2771/2771/2771
f 2767/2767/2767 2772/2772/2772 2768/2768/2768
f 2767/2767/2767 2771/2771/2771 2772/2772/2772
f 2768/2768/2768 2769/2769/2769 2765/2765/2765
f 2768/2768/2768 2772/2772/2772 2769/2769/2769
f 2769/2769/2769 2774/2774/2774 2770/2770/2770
f 2769/2769/2769 2773/2773/2773 2774/2774/2774
f 2770/2770/2770 2775/2775/2775 2771/2771/2771
f 2770/2770/2770 2774/2774/2774 2775/2775/2775
f 2771/2771/2771 2776/2776/2776 2772/2772/2772
f 2771/2771/2771 2775/2775/2775 2776/2776/2776
f 2772/2772/2772 2773/2773/2773 2769/2769/2769
f 2772/2772/2772 2776/2776/2776 2773/2773/2773
f 2773/2773/2773 2778/2778/2778 2774/2774/2774
f 2773/2773/2773 2777/2777/2777 2778/2778/2778
f 2774/2774/2774 2779/2779/2779 2775/2775/2775
f 2774/2774/2774 2778/2778/2778 2779/2779/2779
f 2775/2775/2775 2780/2780/2780 2776/2776/2776
f 2775/2775/2775 2779/2779/2779 2780/2780/2780
f 2776/2776/2776 2777/2777/2777 2773/2773/2773
f 2776/2776/2776 2780/2780/2780 2777/2777/2777
f 2777/2777/2777 2782/2782/2782 2778/2778/2778
f 2777/2777/2777 2781/2781/2781 2782/2782/2782
f 2778/2778/2778 2783/2783/2783 2779/2779/2779
f 2778/2778/2778 2782/2782/2782 2783/2783/2783
f 2779/2779/2779 2784/2784/2784 2780/2780/2780
f 2779/2779/2779 2783/2783/2783 2784/2784/2784
f 2780/2780/2780 2781/2781/2781 2777/2777/2777
f 2780/2780/2780 2784/2784/2784 2781/2781/2781
f 2781/2781/2781 2786/2786/2786 2782/2782/2782
f 2781/2781/2781 2785/2785/2785 2786/2786/2786
f 2782/2782/2782 2787/2787/2787 2783/2783/2783
f 2782/2782/2782 2786/2786/2786 2787/2787/2787
f 2783/2783/2783 2788/2788/2788 2784/2784/2784
f 2783/2783/2783 2787/2787/2787 2788/2788/2788
f 2784/2784/2784 2785/2785/2785 2781/2781/2781
f 2784/2784/2784 2788/2788/2788 2785/2785/2785
f 2785/2785/2785 2790/2790/2790 2786/2786/2786
f 2785/2785/2785 2789/2789/2789 2790/2790/2790
f 2786/2786/2786 2791/2791/2791 2787/2787/2787
f 2786/2786/2786 2790/2790/2790 2791/2791/2791
f 2787/2787/2787 2792/2792/2792 2788/2788/2788
f 2787/2787/2787 2791/2791/2791 2792/2792/2792
f 2788/2788/2788 2789/2789/2789 2785/2785/2785
f 2788/2788/2788 2792/2792/2792 2789/2789/2789
f 2789/2789/2789 2794/2794/2794 2790/2790/2790
f 2789/2789/2789 2793/2793/2793 2794/2794/2794
f 2790/2790/2790 2795/2795/2795 2791/2791/2791
f 2790/2790/2790 2794/2794/2794 2795/2795/2795
f 2791/2791/2791 2796/2796/2796 2792/2792/2792
f 2791/2791/2791 2795/2795/2795 2796/2796/2796
f 2792/2792/2792 2793/2793/2793 2789/2789/2789
f 2792/2792/2792 2796/2796/2796 2793/2793/2793
f 2793/2793/2793 2798/2798/2798 2794/2794/2794
f 2793/2793/2793 2797/2797/2797 2798/2798/2798
f 2794/2794/2794 2799/2799/2799 2795/2795/2795
f 2794/2794/2794 2798/2798/2798 2799/2799/2799
f 2795/2795/2795 2800/2800/2800 2796/2796/2796
f 2795/2795/2795 2799/2799/2799 2800/2800/2800
f 2796/2796/2796 2797/2797/2797 2793/2793/2793
f 2796/2796/2796 2800/2800/2800 2797/2797/2797
f 2797/2797/2797 2802/2802/2802 2798/2798/2798
f 2797/2797/2797 2801/2801/2801 2802/2802/2802
f 2798/2798/2798 2803/2803/2803 2799/2799/2799
f 2798/2798/2798 2802/2802/2802 2803/2803/2803
f 2799/2799/2799 2804/2804/2804 2800/2800/2800
f 2799/2799/2799 2803/2803/2803 2804/2804/2804
f 2800/2800/2800 2801/2801/2801 2797/2797/2797
f 2800/2800/2800 2804/2804/2804 2801/2801/2801
f 2801/2801/2801 2806/2806/2806 2802/2802/2802
f 2801/2801/2801 2805/2805/2805 2806/2806/2806
f 2802/2802/2802 2807/2807/2807 2803/2803/2803
f 2802/2802/2802 2806/2806/2806 2807/2807/2807
f 2803/2803/2803 2808/2808/2808 2804/2804/2804
f 2803/2803/2803 2807/2807/2807 2808/2808/2808
f 2804/2804/2804 2805/2805/2805 2801/2801/2801
f 2804/2804/2804 2808/2808/2808 2805/2805/2805
f 2805/2805/2805 2762/2762/2762 2806/2806/2806
f 2805/2805/2805 2761/2761/2761 2762/2762/2762
f 2806/2806/2806 2763/2763/2763 2807/2807/2807
f 2806/2806/2806 2762/2762/2762 2763/2763/2763
f 2807/2807/2807 2764/2764/2764 2808/2808/2808
f 2807/2807/2807 2763/2763/2763 2764/2764/2764
f 2808/2808/2808 2761/2761/2761 2805/2805/2805
f 2808/2808/2808 2764/2764/2764 2761/2761/2761
usemtl rope
v 0.73622088 0.30317677 -0.005 0.84 0.76 0.61
v 0.75370946 0.28545864 -0.005 0.84 0.76 0.61
v 0.73622088 0.26774052 -0.005 0.84 0.76 0.61
v 0.71873229 0.28545864 -0.005 0.84 0.76 0.61
v 0.72337906 0.30877769 0.027268293 0.84 0.76 0.61
v 0.73029129 0.28755914 0.03434912 0.84 0.76 0.61
v 0.71183462 0.27532725 0.027268293 0.84 0.76 0.61
v 0.70492238 0.29654581 0.020187465 0.84 0.76 0.61
v 0.67252455 0.32679237 0.050890322 0.84 0.76 0.61
v 0.67288572 0.30789446 0.061161835 0.84 0.76 0.61
v 0.66098011 0.29334193 0.050890322 0.84 0.76 0.61
v 0.66061894 0.31223984 0.040618809 0.84 0.76 0.61
v 0.603056 0.35140087 0.059536585 0.84 0.76 0.61
v 0.59728378 0.33467565 0.0706 0.84 0.76 0.61
v 0.59151156 0.31795043 0.059536585 0.84 0.76 0.61
v 0.59728378 0.33467565 0.048473171 0.84 0.76 0.61
v 0.53358745 0.37600938 0.050890322 0.84 0.76 0.61
v 0.52168184 0.36145685 0.061161835 0.84 0.76 0.61
v 0.52204301 0.34255894 0.050890322 0.84 0.76 0.61
v 0.53394863 0.35711147 0.040618809 0.84 0.76 0.61
v 0.48273294 0.39402405 0.027268293 0.84 0.76 0.61
v 0.46427627 0.38179217 0.03434912 0.84 0.76 0.61
v 0.47118851 0.36057361 0.027268293 0.84 0.76 0.61
v 0.48964518 0.3728055 0.020187465 0.84 0.76 0.61
v 0.45834668 0.36617454 -0.005 0.84 0.76 0.61
v 0.47583527 0.38389266 -0.005 0.84 0.76 0.61
v 0.45834668 0.40161078 -0.005 0.84 0.76 0.61
v 0.4408581 0.38389266 -0.005 0.84 0.76 0.61
v 0.47118851 0.36057361 -0.037268293 0.84 0.76 0.61
v 0.48964518 0.3728055 -0.030187465 0.84 0.76 0.61
v 0.48273294 0.39402405 -0.037268293 0.84 0.76 0.61
v 0.46427627 0.38179217 -0.04434912 0.84 0.76 0.61
v 0.52204301 0.34255894 -0.060890322 0.84 0.76 0.61
v 0.53394863 0.35711147 -0.050618809 0.84 0.76 0.61
v 0.53358745 0.37600938 -0.060890322 0.84 0.76 0.61
v 0.52168184 0.36145685 -0.071161835 0.84 0.76 0.61
v 0.59151156 0.31795043 -0.069536585 0.84 0.76 0.61
v 0.59728378 0.33467565 -0.058473171 0.84 0.76 0.61
v 0.603056 0.35140087 -0.069536585 0.84 0.76 0.61
v 0.59728378 0.33467565 -0.0806 0.84 0.76 0.61
v 0.66098011 0.29334193 -0.060890322 0.84 0.76 0.61
v 0.66061894 0.31223984 -0.050618809 0.84 0.76 0.61
v 0.67252455 0.32679237 -0.060890322 0.84 0.76 0.61
v 0.67288572 0.30789446 -0.071161835 0.84 0.76 0.61
v 0.71183462 0.27532725 -0.037268293 0.84 0.76 0.61
v 0.70492238 0.29654581 -0.030187465 0.84 0.76 0.61
v 0.72337906 0.30877769 -0.037268293 0.84 0.76 0.61
v 0.73029129 0.28755914 -0.04434912 0.84 0.76 0.61
vt 0 0
vt 0 0
vt 0 0
vt 0 0
vt 0 0
vt 0 0
vt 0 0
vt 0 0
vt 0 0
vt 0 0
vt 0 0
vt 0 0
vt 0 0
vt 0 0
vt 0 0
vt 0 0
vt 0 0
vt 0 0
vt 0 0
vt 0 0
vt 0 0
vt 0 0
vt 0 0
vt 0 0
vt 0 0
vt 0 0
vt 0 0
vt 0 0
vt 0 0
vt 0 0
vt 0 0
vt 0 0
vt 0 0
vt 0 0
vt 0 0
vt 0 0
vt 0 0
vt 0 0
vt 0 0
vt 0 0
vt 0 0
vt 0 0
vt 0 0
vt 0 0
vt 0 0
vt 0 0
vt 0 0
vt 0 0
vn 0.5252331 0.81831341 -0.2334381
vn 0.87394411 -0.47524949 0.10178217
vn -0.42091975 -0.85872615 -0.2922601
vn -0.73822287 0.44313063 -0.50858848
vn 0.30810603 0.93593939 0.17055246
vn 0.57676805 -0.19653973 0.79291282
vn -0.19188379 -0.97533173 -0.10912665
vn -0.53218023 0.1806393 -0.82713581
vn 0.29079397 0.94814022 0.12833154
vn 0.22894558 -0.095331018 0.96875999
vn -0.26401162 -0.96421446 -0.024255638
vn -0.2228976 0.095737205 -0.9701294
vn 0.27403705 0.96057071 0.046985105
vn 1.1481497e-16 -3.1262773e-17 1
vn -0.27403705 -0.96057071 0.046985105
vn -1.5144812e-16 -1.7586602e-17 -1
vn 0.26401162 0.96421446 -0.024255638
vn -0.22894558 0.095331018 0.96875999
vn -0.29079397 -0.94814022 0.12833154
vn 0.2228976 -0.095737205 -0.9701294
vn 0.50316145 0.70667998 -0.49742534
vn -0.42120942 0.49879617 0.75748598
vn -0.67160878 -0.66579667 0.32504838
vn 0.27162073 -0.46237246 -0.84405799
vn 0.33450676 -0.91332379 0.23226037
vn 0.83004077 0.39702419 0.39166837
vn -0.39993205 0.89914395 0.17774847
vn -0.94247988 -0.32434643 -0.080815073
vn -0.35030205 -0.92887755 0.120312
vn 0.6065546 -0.1244794 0.78523652
vn 0.27428227 0.93049788 -0.24278164
vn -0.6002398 0.14007388 -0.78745888
vn -0.40174182 -0.91543245 0.024226943
vn 0.23475633 -0.062209934 0.97006154
vn 0.37086911 0.91978782 -0.1282438
vn -0.23923175 0.066247659 -0.96869986
vn -0.39168002 -0.91890349 -0.046937627
vn 2.1380911e-16 -4.3966506e-16 1
vn 0.39168002 0.91890349 -0.046937627
vn -1.9795685e-16 3.7515328e-16 -1
vn -0.37086911 -0.91978782 -0.1282438
vn -0.23475633 0.062209934 0.97006154
vn 0.40174182 0.91543245 0.024226943
vn 0.23923175 -0.066247659 -0.96869986
vn 0.086033017 -0.95974266 -0.26738051
vn -0.41472002 -0.14870358 0.8977163
vn 0.17882574 0.8247422 0.53649013
vn 0.62730791 0.091469185 -0.773381
f 2809/2809/2809 2814/2814/2814 2810/2810/2810
f 2809/2809/2809 2813/2813/2813 2814/2814/2814
f 2810/2810/2810 2815/2815/2815 2811/2811/2811
f 2810/2810/2810 2814/2814/2814 2815/2815/2815
f 2811/2811/2811 2816/2816/2816 2812/2812/2812
f 2811/2811/2811 2815/2815/2815 2816/2816/2816
f 2812/2812/2812 2813/2813/2813 2809/2809/2809
f 2812/2812/2812 2816/2816/2816 2813/2813/2813
f 2813/2813/2813 2818/2818/2818 2814/2814/2814
f 2813/2813/2813 2817/2817/2817 2818/2818/2818
f 2814/2814/2814 2819/2819/2819 2815/2815/2815
f 2814/2814/2814 2818/2818/2818 2819/2819/2819
f 2815/2815/2815 2820/2820/2820 2816/2816/2816
f 2815/2815/2815 2819/2819/2819 2820/2820/2820
f 2816/2816/2816 2817/2817/2817 2813/2813/2813
f 2816/2816/2816 2820/2820/2820 2817/2817/2817
f 2817/2817/2817 2822/2822/2822 2818/2818/2818
f 2817/2817/2817 2821/2821/2821 2822/2822/2822
f 2818/2818/2818 2823/2823/2823 2819/2819/2819
f 2818/2818/2818 2822/2822/2822 2823/2823/2823
f 2819/2819/2819 2824/2824/2824 2820/2820/2820
f 2819/2819/2819 2823/2823/2823 2824/2824/2824
f 2820/2820/2820 2821/2821/2821 2817/2817/2817
f 2820/2820/2820 2824/2824/2824 2821/2821/2821
f 2821/2821/2821 2826/2826/2826 2822/2822/2822
f 2821/2821/2821 2825/2825/2825 2826/2826/2826
f 2822/2822/2822 2827/2827/2827 2823/2823/2823
f 2822/2822/2822 2826/2826/2826 2827/2827/2827
f 2823/2823/2823 2828/2828/2828 2824/2824/2824
f 2823/2823/2823 2827/2827/2827 2828/2828/2828
f 2824/2824/2824 2825/2825/2825 2821/2821/2821
f 2824/2824/2824 2828/2828/2828 2825/2825/2825
f 2825/2825/2825 2830/2830/2830 2826/2826/2826
f 2825/2825/2825 2829/2829/2829 2830/2830/2830
f 2826/2826/2826 2831/2831/2831 2827/2827/2827
f 2826/2826/2826 2830/2830/2830 2831/2831/2831
f 2827/2827/2827 2832/2832/2832 2828/2828/2828
f 2827/2827/2827 2831/2831/2831 2832/2832/2832
f 2828/2828/2828 2829/2829/2829 2825/2825/2825
f 2828/2828/2828 2832/2832/2832 2829/2829/2829
f 2829/2829/2829 2834/2834/2834 2830/2830/2830
f 2829/2829/2829 2833/2833/2833 2834/2834/2834
f 2830/2830/2830 2835/2835/2835 2831/2831/2831
f 2830/2830/2830 2834/2834/2834 2835/2835/2835
f 2831/2831/2831 2836/2836/2836 2832/2832/2832
f 2831/2831/2831 2835/2835/2835 2836/2836/2836
f 2832/2832/2832 2833/2833/2833 2829/2829/2829
f 2832/2832/2832 2836/2836/2836 2833/2833/2833
f 2833/2833/2833 2838/2838/2838 2834/2834/2834
f 2833/2833/2833 2837/2837/2837 2838/2838/2838
f 2834/2834/2834 2839/2839/2839 2835/2835/2835
f 2834/2834/2834 2838/2838/2838 2839/2839/2839
f 2835/2835/2835 2840/2840/2840 2836/2836/2836
f 2835/2835/2835 2839/2839/2839 2840/2840/2840
f 2836/2836/2836 2837/2837/2837 2833/2833/2833
f 2836/2836/2836 2840/2840/2840 2837/2837/2837
f 2837/2837/2837 2842/2842/2842 2838/2838/2838
f 2837/2837/2837 2841/2841/2841 2842/2842/2842
f 2838/2838/2838 2843/2843/2843 2839/2839/2839
f 2838/2838/2838 2842/2842/2842 2843/2843/2843
f 2839/2839/2839 2844/2844/2844 2840/2840/2840
f 2839/2839/2839 2843/2843/2843 2844/2844/2844
f 2840/2840/2840 2841/2841/2841 2837/2837/2837
f 2840/2840/2840 2844/2844/2844 2841/2841/2841
f 2841/2841/2841 2846/2846/2846 2842/2842/2842
f 2841/2841/2841 2845/2845/2845 2846/2846/2846
f 2842/2842/2842 2847/2847/2847 2843/2843/2843
f 2842/2842/2842 2846/2846/2846 2847/2847/2847
f 2843/2843/2843 2848/2848/2848 2844/2844/2844
f 2843/2843/2843 2847/2847/2847 2848/2848/2848
f 2844/2844/2844 2845/2845/2845 2841/2841/2841
f 2844/2844/2844 2848/2848/2848 2845/2845/2845
f 2845/2845/2845 2850/2850/2850 2846/2846/2846
f 2845/2845/2845 2849/2849/2849 2850/2850/2850
f 2846/2846/2846 2851/2851/2851 2847/2847/2847
f 2846/2846/2846 2850/2850/2850 2851/2851/2851
f 2847/2847/2847 2852/2852/2852 2848/2848/2848
f 2847/2847/2847 2851/2851/2851 2852/2852/2852
f 2848/2848/2848 2849/2849/2849 2845/2845/2845
f 2848/2848/2848 2852/2852/2852 2849/2849/2849
f 2849/2849/2849 2854/2854/2854 2850/2850/2850
f 2849/2849/2849 2853/2853/2853 2854/2854/2854
f 2850/2850/2850 2855/2855/2855 2851/2851/2851
f 2850/2850/2850 2854/2854/2854 2855/2855/2855
f 2851/2851/2851 2856/2856/2856 2852/2852/2852
f 2851/2851/2851 2855/2855/2855 2856/2856/2856
f 2852/2852/2852 2853/2853/2853 2849/2849/2849
f 2852/2852/2852 2856/2856/2856 2853/2853/2853
f 2853/2853/2853 2810/2810/2810 2854/2854/2854
f 2853/2853/2853 2809/2809/2809 2810/2810/2810
f 2854/2854/2854 2811/2811/2811 2855/2855/2855
f 2854/2854/2854 2810/2810/2810 2811/2811/2811
f 2855/2855/2855 2812/2812/2812 2856/2856/2856
f 2855/2855/2855 2811/2811/2811 2812/2812/2812
f 2856/2856/2856 2809/2809/2809 2853/2853/2853
f 2856/2856/2856 2812/2812/2812 2809/2809/2809
usemtl rope
v 0.73039135 0.95284127 -0.005 0.84 0.76 0.61
v 0.74787993 0.93512315 -0.005 0.84 0.76 0.61
v 0.73039135 0.91740502 -0.005 0.84 0.76 0.61
v 0.71290276 0.93512315 -0.005 0.84 0.76 0.61
v 0.70656246 0.94517359 0.02542439 0.84 0.76 0.61
v 0.72507282 0.9331566 0.032592072 0.84 0.76 0.61
v 0.71855417 0.91188505 0.02542439 0.84 0.76 0.61
v 0.70004382 0.92390204 0.018256709 0.84 0.76 0.61
v 0.65784171 0.92715891 0.04769659 0.84 0.76 0.61
v 0.66983236 0.91273124 0.05799715 0.84 0.76 0.61
v 0.66983342 0.89387037 0.04769659 0.84 0.76 0.61
v 0.65784277 0.90829804 0.03739603 0.84 0.76 0.61
v 0.59128792 0.90255041 0.05584878 0.84 0.76 0.61
v 0.59728378 0.88590614 0.066912195 0.84 0.76 0.61
v 0.60327964 0.86926187 0.05584878 0.84 0.76 0.61
v 0.59728378 0.88590614 0.044785366 0.84 0.76 0.61
v 0.52473414 0.8779419 0.04769659 0.84 0.76 0.61
v 0.5247352 0.85908104 0.05799715 0.84 0.76 0.61
v 0.53672585 0.84465337 0.04769659 0.84 0.76 0.61
v 0.53672479 0.86351423 0.03739603 0.84 0.76 0.61
v 0.47601339 0.85992723 0.02542439 0.84 0.76 0.61
v 0.46949474 0.83865568 0.032592072 0.84 0.76 0.61
v 0.4880051 0.82663869 0.02542439 0.84 0.76 0.61
v 0.49452374 0.84791024 0.018256709 0.84 0.76 0.61
v 0.46417621 0.81897101 -0.005 0.84 0.76 0.61
v 0.4816648 0.83668913 -0.005 0.84 0.76 0.61
v 0.46417621 0.85440725 -0.005 0.84 0.76 0.61
v 0.44668763 0.83668913 -0.005 0.84 0.76 0.61
v 0.4880051 0.82663869 -0.03542439 0.84 0.76 0.61
v 0.49452374 0.84791024 -0.028256709 0.84 0.76 0.61
v 0.47601339 0.85992723 -0.03542439 0.84 0.76 0.61
v 0.46949474 0.83865568 -0.042592072 0.84 0.76 0.61
v 0.53672585 0.84465337 -0.05769659 0.84 0.76 0.61
v 0.53672479 0.86351423 -0.04739603 0.84 0.76 0.61
v 0.52473414 0.8779419 -0.05769659 0.84 0.76 0.61
v 0.5247352 0.85908104 -0.06799715 0.84 0.76 0.61
v 0.60327964 0.86926187 -0.06584878 0.84 0.76 0.61
v 0.59728378 0.88590614 -0.054785366 0.84 0.76 0.61
v 0.59128792 0.90255041 -0.06584878 0.84 0.76 0.61
v 0.59728378 0.88590614 -0.076912195 0.84 0.76 0.61
v 0.66983342 0.89387037 -0.05769659 0.84 0.76 0.61
v 0.65784277 0.90829804 -0.04739603 0.84 0.76 0.61
v 0.65784171 0.92715891 -0.05769659 0.84 0.76 0.61
v 0.66983236 0.91273124 -0.06799715 0.84 0.76 0.61
v 0.71855417 0.91188505 -0.03542439 0.84 0.76 0.61
v 0.70004382 0.92390204 -0.028256709 0.84 0.76 0.61
v 0.70656246 0.94517359 -0.03542439 0.84 0.76 0.61
v 0.72507282 0.9331566 -0.042592072 0.84 0.76 0.61
vt 0 0
vt 0 0
vt 0 0
vt 0 0
vt 0 0
vt 0 0
vt 0 0
vt 0 0
vt 0 0
vt 0 0
vt 0 0
vt 0 0
vt 0 0
vt 0 0
vt 0 0
vt 0 0
vt 0 0
vt 0 0
vt 0 0
vt 0 0
vt 0 0
vt 0 0
vt 0 0
vt 0 0
vt 0 0
vt 0 0
vt 0 0
vt 0 0
vt 0 0
vt 0 0
vt 0 0
vt 0 0
vt 0 0
vt 0 0
vt 0 0
vt 0 0
vt 0 0
vt 0 0
vt 0 0
vt 0 0
vt 0 0
vt 0 0
vt 0 0
vt 0 0
vt 0 0
vt 0 0
vt 0 0
vt 0 0
vn 0.39746048 0.89879626 -0.18490658
vn 0.9450059 -0.31757155 0.078180283
vn -0.32747994 -0.91220264 -0.24625845
vn -0.82532719 0.39691001 -0.40161856
vn -0.28289754 0.92605034 0.24979944
vn 0.59208208 0.14350027 0.79299841
vn 0.3624029 -0.92428675 -0.11982549
vn -0.59837997 -0.12610301 -0.79122654
vn -0.3821403 0.9148899 0.13017398
vn 0.23417908 0.067331786 0.96985906
vn 0.4135693 -0.91018866 -0.022738626
vn -0.22948152 -0.062953734 -0.97127497
vn -0.40304213 0.91392797 0.047882194
vn 5.7510788e-17 4.8656348e-17 1
vn 0.40304213 -0.91392797 0.047882194
vn -6.4859052e-17 -5.4873264e-17 -1
vn -0.4135693 0.91018866 -0.022738626
vn -0.23417908 -0.067331786 0.96985906
vn 0.3821403 -0.9148899 0.13017398
vn 0.22948152 0.062953734 -0.97127497
vn -0.20481117 0.81459331 -0.54266945
vn -0.62547486 0.080498925 0.77608062
vn -0.074969445 -0.96144244 0.26459029
vn 0.40329671 -0.14340533 -0.90376251
vn 0.41416083 -0.85526338 0.31144077
vn 0.72755995 0.43948365 0.52679279
vn -0.52772612 0.81316086 0.24550877
vn -0.87321543 -0.47714 -0.099157619
vn 0.20072051 -0.97357498 0.10891757
vn 0.51818385 0.18511055 0.83499676
vn -0.32419682 0.92998891 -0.17325431
vn -0.56737477 -0.20310494 -0.79801895
vn 0.27796524 -0.96032131 0.022766176
vn 0.21663271 0.097753874 0.97134672
vn -0.30494612 0.94341898 -0.13026315
vn -0.22308159 -0.097390822 -0.96992249
vn 0.2884165 -0.95630462 -0.047931221
vn 2.4090505e-16 -7.3164352e-17 1
vn -0.2884165 0.95630462 -0.047931221
vn -2.2182732e-16 8.1093913e-17 -1
vn 0.30494612 -0.94341898 -0.13026315
vn -0.21663271 -0.097753874 0.97134672
vn -0.27796524 0.96032131 0.022766176
vn 0.22308159 0.097390822 -0.96992249
vn 0.68008123 -0.65623855 -0.32686463
vn -0.25704287 -0.46139332 0.84914378
vn -0.50455064 0.70187736 0.50278904
vn 0.41225597 0.50051905 -0.76126585
f 2857/2857/2857 2862/2862/2862 2858/2858/2858
f 2857/2857/2857 2861/2861/2861 2862/2862/2862
f 2858/2858/2858 2863/2863/2863 2859/2859/2859
f 2858/2858/2858 2862/2862/2862 2863/2863/2863
f 2859/2859/2859 2864/2864/2864 2860/2860/2860
f 2859/2859/2859 2863/2863/2863 2864/2864/2864
f 2860/2860/2860 2861/2861/2861 2857/2857/2857
f 2860/2860/2860 2864/2864/2864 2861/2861/2861
f 2861/2861/2861 2866/2866/2866 2862/2862/2862
f 2861/2861/2861 2865/2865/2865 2866/2866/2866
f 2862/2862/2862 2867/2867/2867 2863/2863/2863
f 2862/2862/2862 2866/2866/2866 2867/2867/2867
f 2863/2863/2863 2868/2868/2868 2864/2864/2864
f 2863/2863/2863 2867/2867/2867 2868/2868/2868
f 2864/2864/2864 2865/2865/2865 2861/2861/2861
f 2864/2864/2864 2868/2868/2868 2865/2865/2865
f 2865/2865/2865 2870/2870/2870 2866/2866/2866
f 2865/2865/2865 2869/2869/2869 2870/2870/2870
f 2866/2866/2866 2871/2871/2871 2867/2867/2867
f 2866/2866/2866 2870/2870/2870 2871/2871/2871
f 2867/2867/2867 2872/2872/2872 2868/2868/2868
f 2867/2867/2867 2871/2871/2871 2872/2872/2872
f 2868/2868/2868 2869/2869/2869 2865/2865/2865
f 2868/2868/2868 2872/2872/2872 2869/2869/2869
f 2869/2869/2869 2874/2874/2874 2870/2870/2870
f 2869/2869/2869 2873/2873/2873 2874/2874/2874
f 2870/2870/2870 2875/2875/2875 2871/2871/2871
f 2870/2870/2870 2874/2874/2874 2875/2875/2875
f 2871/2871/2871 2876/2876/2876 2872/2872/2872
f 2871/2871/2871 2875/2875/2875 2876/2876/2876
f 2872/2872/2872 2873/2873/2873 2869/2869/2869
f 2872/2872/2872 2876/2876/2876 2873/2873/2873
f 2873/2873/2873 2878/2878/2878 2874/2874/2874
f 2873/2873/2873 2877/2877/2877 2878/2878/2878
f 2874/2874/2874 2879/2879/2879 2875/2875/2875
f 2874/2874/2874 2878/2878/2878 2879/2879/2879
f 2875/2875/2875 2880/2880/2880 2876/2876/2876
f 2875/2875/2875 2879/2879/2879 2880/2880/2880
f 2876/2876/2876 2877/2877/2877 2873/2873/2873
f 2876/2876/2876 2880/2880/2880 2877/2877/2877
f 2877/2877/2877 2882/2882/2882 2878/2878/2878
f 2877/2877/2877 2881/2881/2881 2882/2882/2882
f 2878/2878/2878 2883/2883/2883 2879/2879/2879
f 2878/2878/2878 2882/2882/2882 2883/2883/2883
f 2879/2879/2879 2884/2884/2884 2880/2880/2880
f 2879/2879/2879 2883/2883/2883 2884/2884/2884
f 2880/2880/2880 2881/2881/2881 2877/2877/2877
f 2880/2880/2880 2884/2884/2884 2881/2881/2881
f 2881/2881/2881 2886/2886/2886 2882/2882/2882
f 2881/2881/2881 2885/2885/2885 2886/2886/2886
f 2882/2882/2882 2887/2887/2887 2883/2883/2883
f 2882/2882/2882 2886/2886/2886 2887/2887/2887
f 2883/2883/2883 2888/2888/2888 2884/2884/2884
f 2883/2883/2883 2887/2887/2887 2888/2888/2888
f 2884/2884/2884 2885/2885/2885 2881/2881/2881
f 2884/2884/2884 2888/2888/2888 2885/2885/2885
f 2885/2885/2885 2890/2890/2890 2886/2886/2886
f 2885/2885/2885 2889/2889/2889 2890/2890/2890
f 2886/2886/2886 2891/2891/2891 2887/2887/2887
f 2886/2886/2886 2890/2890/2890 2891/2891/2891
f 2887/2887/2887 2892/2892/2892 2888/2888/2888
f 2887/2887/2887 2891/2891/2891 2892/2892/2892
f 2888/2888/2888 2889/2889/2889 2885/2885/2885
f 2888/2888/2888 2892/2892/2892 2889/2889/2889
f 2889/2889/2889 2894/2894/2894 2890/2890/2890
f 2889/2889/2889 2893/2893/2893 2894/2894/2894
f 2890/2890/2890 2895/2895/2895 2891/2891/2891
f 2890/2890/2890 2894/2894/2894 2895/2895/2895
f 2891/2891/2891 2896/2896/2896 2892/2892/2892
f 2891/2891/2891 2895/2895/2895 2896/2896/2896
f 2892/2892/2892 2893/2893/2893 2889/2889/2889
f 2892/2892/2892 2896/2896/2896 2893/2893/2893
f 2893/2893/2893 2898/2898/2898 2894/2894/2894
f 2893/2893/2893 2897/2897/2897 2898/2898/2898
f 2894/2894/2894 2899/2899/2899 2895/2895/2895
f 2894/2894/2894 2898/2898/2898 2899/2899/2899
f 2895/2895/2895 2900/2900/2900 2896/2896/2896
f 2895/2895/2895 2899/2899/2899 2900/2900/2900
f 2896/2896/2896 2897/2897/2897 2893/2893/2893
f 2896/2896/2896 2900/2900/2900 2897/2897/2897
f 2897/2897/2897 2902/2902/2902 2898/2898/2898
f 2897/2897/2897 2901/2901/2901 2902/2902/2902
f 2898/2898/2898 2903/2903/2903 2899/2899/2899
f 2898/2898/2898 2902/2902/2902 2903/2903/2903
f 2899/2899/2899 2904/2904/2904 2900/2900/2900
f 2899/2899/2899 2903/2903/2903 2904/2904/2904
f 2900/2900/2900 2901/2901/2901 2897/2897/2897
f 2900/2900/2900 2904/2904/2904 2901/2901/2901
f 2901/2901/2901 2858/2858/2858 2902/2902/2902
f 2901/2901/2901 2857/2857/2857 2858/2858/2858
f 2902/2902/2902 2859/2859/2859 2903/2903/2903
f 2902/2902/2902 2858/2858/2858 2859/2859/2859
f 2903/2903/2903 2860/2860/2860 2904/2904/2904
f 2903/2903/2903 2859/2859/2859 2860/2860/2860
f 2904/2904/2904 2857/2857/2857 2901/2901/2901
f 2904/2904/2904 2860/2860/2860 2857/2857/2857
usemtl rope
v 0.73622088 0.85440725 -0.005 0.84 0.76 0.61
v 0.75370946 0.83668913 -0.005 0.84 0.76 0.61
v 0.73622088 0.81897101 -0.005 0.84 0.76 0.61
v 0.71873229 0.83668913 -0.005 0.84 0.76 0.61
v 0.72337906 0.86000818 0.027268293 0.84 0.76 0.61
v 0.73029129 0.83878963 0.03434912 0.84 0.76 0.61
v 0.71183462 0.82655774 0.027268293 0.84 0.76 0.61
v 0.70492238 0.84777629 0.020187465 0.84 0.76 0.61
v 0.67252455 0.87802286 0.050890322 0.84 0.76 0.61
v 0.67288572 0.85912494 0.061161835 0.84 0.76 0.61
v 0.66098011 0.84457241 0.050890322 0.84 0.76 0.61
v 0.66061894 0.86347033 0.040618809 0.84 0.76 0.61
v 0.603056 0.90263136 0.059536585 0.84 0.76 0.61
v 0.59728378 0.88590614 0.0706 0.84 0.76 0.61
v 0.59151156 0.86918092 0.059536585 0.84 0.76 0.61
v 0.59728378 0.88590614 0.048473171 0.84 0.76 0.61
v 0.53358745 0.92723986 0.050890322 0.84 0.76 0.61
v 0.52168184 0.91268733 0.061161835 0.84 0.76 0.61
v 0.52204301 0.89378942 0.050890322 0.84 0.76 0.61
v 0.53394863 0.90834195 0.040618809 0.84 0.76 0.61
v 0.48273294 0.94525454 0.027268293 0.84 0.76 0.61
v 0.46427627 0.93302265 0.03434912 0.84 0.76 0.61
v 0.47118851 0.9118041 0.027268293 0.84 0.76 0.61
v 0.48964518 0.92403598 0.020187465 0.84 0.76 0.61
v 0.45834668 0.91740502 -0.005 0.84 0.76 0.61
v 0.47583527 0.93512315 -0.005 0.84 0.76 0.61
v 0.45834668 0.95284127 -0.005 0.84 0.76 0.61
v 0.4408581 0.93512315 -0.005 0.84 0.76 0.61
v 0.47118851 0.9118041 -0.037268293 0.84 0.76 0.61
v 0.48964518 0.92403598 -0.030187465 0.84 0.76 0.61
v 0.48273294 0.94525454 -0.037268293 0.84 0.76 0.61
v 0.46427627 0.93302265 -0.04434912 0.84 0.76 0.61
v 0.52204301 0.89378942 -0.060890322 0.84 0.76 0.61
v 0.53394863 0.90834195 -0.050618809 0.84 0.76 0.61
v 0.53358745 0.92723986 -0.060890322 0.84 0.76 0.61
v 0.52168184 0.91268733 -0.071161835 0.84 0.76 0.61
v 0.59151156 0.86918092 -0.069536585 0.84 0.76 0.61
v 0.59728378 0.88590614 -0.058473171 0.84 0.76 0.61
v 0.603056 0.90263136 -0.069536585 0.84 0.76 0.61
v 0.59728378 0.88590614 -0.0806 0.84 0.76 0.61
v 0.66098011 0.84457241 -0.060890322 0.84 0.76 0.61
v 0.66061894 0.86347033 -0.050618809 0.84 0.76 0.61
v 0.67252455 0.87802286 -0.060890322 0.84 0.76 0.61
v 0.67288572 0.85912494 -0.071161835 0.84 0.76 0.61
v 0.71183462 0.82655774 -0.037268293 0.84 0.76 0.61
v 0.70492238 0.84777629 -0.030187465 0.84 0.76 0.61
v 0.72337906 0.86000818 -0.037268293 0.84 0.76 0.61
v 0.73029129 0.83878963 -0.04434912 0.84 0.76 0.61
vt 0 0
vt 0 0
vt 0 0
vt 0 0
vt 0 0
vt 0 0
vt 0 0
vt 0 0
vt 0 0
vt 0 0
vt 0 0
vt 0 0
vt 0 0
vt 0 0
vt 0 0
vt 0 0
vt 0 0
vt 0 0
vt 0 0
vt 0 0
vt 0 0
vt 0 0
vt 0 0
vt 0 0
vt 0 0
vt 0 0
vt 0 0
vt 0 0
vt 0 0
vt 0 0
vt 0 0
vt 0 0
vt 0 0
vt 0 0
vt 0 0
vt 0 0
vt 0 0
vt 0 0
vt 0 0
vt 0 0
vt 0 0
vt 0 0
vt 0 0
vt 0 0
vt 0 0
vt 0 0
vt 0 0
vt 0 0
vn 0.5252331 0.81831341 -0.2334381
vn 0.87394411 -0.47524949 0.10178217
vn -0.42091975 -0.85872615 -0.2922601
vn -0.73822287 0.44313063 -0.50858848
vn 0.30810603 0.93593939 0.17055246
vn 0.57676805 -0.19653973 0.79291282
vn -0.19188379 -0.97533173 -0.10912665
vn -0.53218023 0.1806393 -0.82713581
vn 0.29079397 0.94814022 0.12833154
vn 0.22894558 -0.095331018 0.96875999
vn -0.26401162 -0.96421446 -0.024255638
vn -0.2228976 0.095737205 -0.9701294
vn 0.27403705 0.96057071 0.046985105
vn 5.9387055e-17 -1.5631387e-17 1
vn -0.27403705 -0.96057071 0.046985105
vn -3.5634852e-17 1.7586602e-17 -1
vn 0.26401162 0.96421446 -0.024255638
vn -0.22894558 0.095331018 0.96875999
vn -0.29079397 -0.94814022 0.12833154
vn 0.2228976 -0.095737205 -0.9701294
vn 0.50316145 0.70667998 -0.49742534
vn -0.42120942 0.49879617 0.75748598
vn -0.67160878 -0.66579667 0.32504838
vn 0.27162073 -0.46237246 -0.84405799
vn 0.33450676 -0.91332379 0.23226037
vn 0.83004077 0.39702419 0.39166837
vn -0.39993205 0.89914395 0.17774847
vn -0.94247988 -0.32434643 -0.080815073
vn -0.35030205 -0.92887755 0.120312
vn 0.6065546 -0.1244794 0.78523652
vn 0.27428227 0.93049788 -0.24278164
vn -0.6002398 0.14007388 -0.78745888
vn -0.40174182 -0.91543245 0.024226943
vn 0.23475633 -0.062209934 0.97006154
vn 0.37086911 0.91978782 -0.1282438
vn -0.23923175 0.066247659 -0.96869986
vn -0.39168002 -0.91890349 -0.046937627
vn 2.761701e-16 -4.2207846e-16 1
vn 0.39168002 0.91890349 -0.046937627
vn -2.4546649e-16 3.9078466e-16 -1
vn -0.37086911 -0.91978782 -0.1282438
vn -0.23475633 0.062209934 0.97006154
vn 0.40174182 0.91543245 0.024226943
vn 0.23923175 -0.066247659 -0.96869986
vn 0.086033017 -0.95974266 -0.26738051
vn -0.41472002 -0.14870358 0.8977163
vn 0.17882574 0.8247422 0.53649013
vn 0.62730791 0.091469185 -0.773381
f 2905/2905/2905 2910/2910/2910 2906/2906/2906
f 2905/2905/2905 2909/2909/2909 2910/2910/2910
f 2906/2906/2906 2911/2911/2911 2907/2907/2907
f 2906/2906/2906 2910/2910/2910 2911/2911/2911
f 2907/2907/2907 2912/2912/2912 2908/2908/2908
f 2907/2907/2907 2911/2911/2911 2912/2912/2912
f 2908/2908/2908 2909/2909/2909 2905/2905/2905
f 2908/2908/2908 2912/2912/2912 2909/2909/2909
f 2909/2909/2909 2914/2914/2914 2910/2910/2910
f 2909/2909/2909 2913/2913/2913 2914/2914/2914
f 2910/2910/2910 2915/2915/2915 2911/2911/2911
f 2910/2910/2910 2914/2914/2914 2915/2915/2915
f 2911/2911/2911 2916/2916/2916 2912/2912/2912
f 2911/2911/2911 2915/2915/2915 2916/2916/2916
f 2912/2912/2912 2913/2913/2913 2909/2909/2909
f 2912/2912/2912 2916/2916/2916 2913/2913/2913
f 2913/2913/2913 2918/2918/2918 2914/2914/2914
f 2913/2913/2913 2917/2917/2917 2918/2918/2918
f 2914/2914/2914 2919/2919/2919 2915/2915/2915
f 2914/2914/2914 2918/2918/2918 2919/2919/2919
f 2915/2915/2915 2920/2920/2920 2916/2916/2916
f 2915/2915/2915 2919/2919/2919 2920/2920/2920
f 2916/2916/2916 2917/2917/2917 2913/2913/2913
f 2916/2916/2916 2920/2920/2920 2917/2917/2917
f 2917/2917/2917 2922/2922/2922 2918/2918/2918
f 2917/2917/2917 2921/2921/2921 2922/2922/2922
f 2918/2918/2918 2923/2923/2923 2919/2919/2919
f 2918/2918/2918 2922/2922/2922 2923/2923/2923
f 2919/2919/2919 2924/2924/2924 2920/2920/2920
f 2919/2919/2919 2923/2923/2923 2924/2924/2924
f 2920/2920/2920 2921/2921/2921 2917/2917/2917
f 2920/2920/2920 2924/2924/2924 2921/2921/2921
f 2921/2921/2921 2926/2926/2926 2922/2922/2922
f 2921/2921/2921 2925/2925/2925 2926/2926/2926
f 2922/2922/2922 2927/2927/2927 2923/2923/2923
f 2922/2922/2922 2926/2926/2926 2927/2927/2927
f 2923/2923/2923 2928/2928/2928 2924/2924/2924
f 2923/2923/2923 2927/2927/2927 2928/2928/2928
f 2924/2924/2924 2925/2925/2925 2921/2921/2921
f 2924/2924/2924 2928/2928/2928 2925/2925/2925
f 2925/2925/2925 2930/2930/2930 2926/2926/2926
f 2925/2925/2925 2929/2929/2929 2930/2930/2930
f 2926/2926/2926 2931/2931/2931 2927/2927/2927
f 2926/2926/2926 2930/2930/2930 2931/2931/2931
f 2927/2927/2927 2932/2932/2932 2928/2928/2928
f 2927/2927/2927 2931/2931/2931 2932/2932/2932
f 2928/2928/2928 2929/2929/2929 2925/2925/2925
f 2928/2928/2928 2932/2932/2932 2929/2929/2929
f 2929/2929/2929 2934/2934/2934 2930/2930/2930
f 2929/2929/2929 2933/2933/2933 2934/2934/2934
f 2930/2930/2930 2935/2935/2935 2931/2931/2931
f 2930/2930/2930 2934/2934/2934 2935/2935/2935
f 2931/2931/2931 2936/2936/2936 2932/2932/2932
f 2931/2931/2931 2935/2935/2935 2936/2936/2936
f 2932/2932/2932 2933/2933/2933 2929/2929/2929
f 2932/2932/2932 2936/2936/2936 2933/2933/2933
f 2933/2933/2933 2938/2938/2938 2934/2934/2934
f 2933/2933/2933 2937/2937/2937 2938/2938/2938
f 2934/2934/2934 2939/2939/2939 2935/2935/2935
f 2934/2934/2934 2938/2938/2938 2939/2939/2939
f 2935/2935/2935 2940/2940/2940 2936/2936/2936
f 2935/2935/2935 2939/2939/2939 2940/2940/2940
f 2936/2936/2936 2937/2937/2937 2933/2933/2933
f 2936/2936/2936 2940/2940/2940 2937/2937/2937
f 2937/2937/2937 2942/2942/2942 2938/2938/2938
f 2937/2937/2937 2941/2941/2941 2942/2942/2942
f 2938/2938/2938 2943/2943/2943 2939/2939/2939
f 2938/2938/2938 2942/2942/2942 2943/2943/2943
f 2939/2939/2939 2944/2944/2944 2940/2940/2940
f 2939/2939/2939 2943/2943/2943 2944/2944/2944
f 2940/2940/2940 2941/2941/2941 2937/2937/2937
f 2940/2940/2940 2944/2944/2944 2941/2941/2941
f 2941/2941/2941 2946/2946/2946 2942/2942/2942
f 2941/2941/2941 2945/2945/2945 2946/2946/2946
f 2942/2942/2942 2947/2947/2947 2943/2943/2943
f 2942/2942/2942 2946/2946/2946 2947/2947/2947
f 2943/2943/2943 2948/2948/2948 2944/2944/2944
f 2943/2943/2943 2947/2947/2947 2948/2948/2948
f 2944/2944/2944 2945/2945/2945 2941/2941/2941
f 2944/2944/2944 2948/2948/2948 2945/2945/2945
f 2945/2945/2945 2950/2950/2950 2946/2946/2946
f 2945/2945/2945 2949/2949/2949 2950/2950/2950
f 2946/2946/2946 2951/2951/2951 2947/2947/2947
f 2946/2946/2946 2950/2950/2950 2951/2951/2951
f 2947/2947/2947 2952/2952/2952 2948/2948/2948
f 2947/2947/2947 2951/2951/2951 2952/2952/2952
f 2948/2948/2948 2949/2949/2949 2945/2945/2945
f 2948/2948/2948 2952/2952/2952 2949/2949/2949
f 2949/2949/2949 2906/2906/2906 2950/2950/2950
f 2949/2949/2949 2905/2905/2905 2906/2906/2906
f 2950/2950/2950 2907/2907/2907 2951/2951/2951
f 2950/2950/2950 2906/2906/2906 2907/2907/2907
f 2951/2951/2951 2908/2908/2908 2952/2952/2952
f 2951/2951/2951 2907/2907/2907 2908/2908/2908
f 2952/2952/2952 2905/2905/2905 2949/2949/2949
f 2952/2952/2952 2908/2908/2908 2905/2905/2905
usemtl timber
v 0.94858567 0 -0.005 1 1 1
v 0.93682512 0 0.01991724 1 1 1
v 0.89168188 0 0.036216915 1 1 1
v 0.83619729 0 0.045607586 1 1 1
v 0.77830749 0 0.038003635 1 1 1
v 0.7402337 0 0.018762294 1 1 1
v 0.71929088 0 -0.005 1 1 1
v 0.73825 0 -0.029253492 1 1 1
v 0.77703449 0 -0.048949291 1 1 1
v 0.83619729 0 -0.052733877 1 1 1
v 0.89295489 0 -0.047162571 1 1 1
v 0.93880881 0 -0.030408438 1 1 1
v 0.94734701 0.20146715 -0.005 1 1 1
v 0.9366982 0.20146715 0.019885812 1 1 1
v 0.89230121 0.20146715 0.036676988 1 1 1
v 0.83619729 0.20146715 0.045670442 1 1 1
v 0.77892682 0.20146715 0.037543561 1 1 1
v 0.74036062 0.20146715 0.018730866 1 1 1
v 0.71805222 0.20146715 -0.005 1 1 1
v 0.73812308 0.20146715 -0.02928492 1 1 1
v 0.77765382 0.20146715 -0.048489217 1 1 1
v 0.83619729 0.20146715 -0.052671022 1 1 1
v 0.89357422 0.20146715 -0.047622645 1 1 1
v 0.93893573 0.20146715 -0.030439866 1 1 1
v 0.94625015 0.40293429 -0.005 1 1 1
v 0.93721251 0.40293429 0.020013165 1 1 1
v 0.89284964 0.40293429 0.037084388 1 1 1
v 0.83619729 0.40293429 0.045415735 1 1 1
v 0.77947525 0.40293429 0.037136161 1 1 1
v 0.7398463 0.40293429 0.018858219 1 1 1
v 0.71695536 0.40293429 -0.005 1 1 1
v 0.7386374 0.40293429 -0.029157567 1 1 1
v 0.77820224 0.40293429 -0.048081818 1 1 1
v 0.83619729 0.40293429 -0.052925728 1 1 1
v 0.89412264 0.40293429 -0.048030044 1 1 1
v 0.93842142 0.40293429 -0.030312512 1 1 1
v 0.94569582 0.60440144 -0.005 1 1 1
v 0.93818017 0.60440144 0.020252775 1 1 1
v 0.89312681 0.60440144 0.037290282 1 1 1
v 0.83619729 0.60440144 0.044936516 1 1 1
v 0.77975242 0.60440144 0.036930267 1 1 1
v 0.73887865 0.60440144 0.019097829 1 1 1
v 0.71640103 0.60440144 -0.005 1 1 1
v 0.73960506 0.60440144 -0.028917957 1 1 1
v 0.77847941 0.60440144 -0.047875923 1 1 1
v 0.83619729 0.60440144 -0.053404948 1 1 1
v 0.89439981 0.60440144 -0.048235939 1 1 1
v 0.93745376 0.60440144 -0.030072903 1 1 1
v 0.94588651 0.80586858 -0.005 1 1 1
v 0.93924767 0.80586858 0.020517107 1 1 1
v 0.89303146 0.80586858 0.037219454 1 1 1
v 0.83619729 0.80586858 0.044407852 1 1 1
v 0.77965707 0.80586858 0.037001095 1 1 1
v 0.73781114 0.80586858 0.019362161 1 1 1
v 0.71659172 0.80586858 -0.005 1 1 1
v 0.74067256 0.80586858 -0.028653625 1 1 1
v 0.77838407 0.80586858 -0.047946751 1 1 1
v 0.83619729 0.80586858 -0.053933612 1 1 1
v 0.89430447 0.80586858 -0.048165111 1 1 1
v 0.93638626 0.80586858 -0.029808571 1 1 1
v 0.94675257 1.0073357 -0.005 1 1 1
v 0.94002503 1.0073357 0.020709596 1 1 1
v 0.89259843 1.0073357 0.036897779 1 1 1
v 0.83619729 1.0073357 0.044022874 1 1 1
v 0.77922404 1.0073357 0.037322771 1 1 1
v 0.73703378 1.0073357 0.01955465 1 1 1
v 0.71745778 1.0073357 -0.005 1 1 1
v 0.74144992 1.0073357 -0.028461136 1 1 1
v 0.77795104 1.0073357 -0.048268427 1 1 1
v 0.83619729 1.0073357 -0.054318589 1 1 1
v 0.89387144 1.0073357 -0.047843435 1 1 1
v 0.9356089 1.0073357 -0.029616082 1 1 1
v 0.83619729 0 -0.005 1 1 1
v 0.83619729 1.3961501 -0.005 1 1 1
vt 1 1.557
vt 1.1666667 1.557
vt 1.3333333 1.557
vt 1.5 1.557
vt 1.6666667 1.557
vt 1.8333333 1.557
vt 2 1.557
vt 0.16666667 1.557
vt 0.33333333 1.557
vt 0.5 1.557
vt 0.66666667 1.557
vt 0.83333333 1.557
vt 1 1.9268822
vt 1.1666667 1.9268822
vt 1.3333333 1.9268822
vt 1.5 1.9268822
vt 1.6666667 1.9268822
vt 1.8333333 1.9268822
vt 2 1.9268822
vt 0.16666667 1.9268822
vt 0.33333333 1.9268822
vt 0.5 1.9268822
vt 0.66666667 1.9268822
vt 0.83333333 1.9268822
vt 1 2.2967643
vt 1.1666667 2.2967643
vt 1.3333333 2.2967643
vt 1.5 2.2967643
vt 1.6666667 2.2967643
vt 1.8333333 2.2967643
vt 2 2.2967643
vt 0.16666667 2.2967643
vt 0.33333333 2.2967643
vt 0.5 2.2967643
vt 0.66666667 2.2967643
vt 0.83333333 2.2967643
vt 1 2.6666465
vt 1.1666667 2.6666465
vt 1.3333333 2.6666465
vt 1.5 2.6666465
vt 1.6666667 2.6666465
vt 1.8333333 2.6666465
vt 2 2.6666465
vt 0.16666667 2.6666465
vt 0.33333333 2.6666465
vt 0.5 2.6666465
vt 0.66666667 2.6666465
vt 0.83333333 2.6666465
vt 1 3.0365286
vt 1.1666667 3.0365286
vt 1.3333333 3.0365286
vt 1.5 3.0365286
vt 1.6666667 3.0365286
vt 1.8333333 3.0365286
vt 2 3.0365286
vt 0.16666667 3.0365286
vt 0.33333333 3.0365286
vt 0.5 3.0365286
vt 0.66666667 3.0365286
vt 0.83333333 3.0365286
vt 1 3.4064108
vt 1.1666667 3.4064108
vt 1.3333333 3.4064108
vt 1.5 3.4064108
vt 1.6666667 3.4064108
vt 1.8333333 3.4064108
vt 2 3.4064108
vt 0.16666667 3.4064108
vt 0.33333333 3.4064108
vt 0.5 3.4064108
vt 0.66666667 3.4064108
vt 0.83333333 3.4064108
vt 1 1.557
vt 1 4.1202517
vn 0.92675411 -0.34190289 0.15565742
vn 0.48346041 -0.23121839 0.84427726
vn 0.21285556 -0.17176499 0.96186761
vn -0.036626867 -0.1638272 0.98580887
vn -0.31536983 -0.19255865 0.92922712
vn -0.6136528 -0.25337147 0.74781892
vn -0.90742244 -0.35362795 -0.22700615
vn -0.52911251 -0.2363121 -0.81498254
vn -0.17143615 -0.17320717 -0.96984995
vn 0.038921888 -0.15702668 -0.98682709
vn 0.25372915 -0.18036523 -0.95031042
vn 0.69445382 -0.29142502 -0.65787943
vn 0.99968899 0.003284166 0.024721143
vn 0.60209205 -0.00042910763 0.79842657
vn 0.24404499 -0.0015797395 0.96976262
vn 0.0083909055 0.0002644176 0.99996476
vn -0.26587883 0.0015968137 0.96400513
vn -0.57432472 -0.00042377846 0.81862747
vn -0.99965824 -0.003215347 0.025943343
vn -0.59084073 0.00042856015 -0.80678811
vn -0.23653658 0.0015458859 -0.97162135
vn 0.0081510817 -0.00026970021 -0.99996674
vn 0.21581497 -0.0015299082 -0.97643308
vn 0.61972366 0.00043397442 -0.78481998
vn 0.99994671 0.002328947 0.010057321
vn 0.61303275 -0.0016570512 0.79005576
vn 0.24073828 -0.0011105968 0.97058943
vn 0.0032147165 0.0010132027 0.99999432
vn -0.26235333 0.0011289763 0.96497122
vn -0.56426759 -0.0016013395 0.82559041
vn -0.99994132 -0.0022669414 0.010593699
vn -0.58066458 0.0016246091 -0.81414127
vn -0.23996438 0.0010994154 -0.97078107
vn 0.0031290509 -0.0010301881 -0.99999457
vn 0.21902478 -0.0010815476 -0.9757187
vn 0.63075653 0.0016809482 -0.77597898
vn 0.99984772 0.00051357516 -0.017443191
vn 0.6186491 -0.0022812937 0.7856641
vn 0.23454155 -0.00024294967 0.97210607
vn 0.00060175051 0.0013956467 0.99999885
vn -0.25583932 0.00024767302 0.96671929
vn -0.5591788 -0.0021806835 0.82904422
vn -0.99983044 -0.00049842387 -0.018407434
vn -0.57560374 0.0022254854 -0.81772573
vn -0.24644031 0.0002438208 -0.96915794
vn 0.000587912 -0.0014106477 -0.99999883
vn 0.22517747 -0.00023912604 -0.97431774
vn 0.63630893 0.0023279278 -0.77143083
vn 0.9988588 -0.0014902568 -0.047737613
vn 0.61676853 -0.002057074 0.78714189
vn 0.22777358 0.00070224612 0.97371387
vn 0.0014953998 0.001269362 0.99999808
vn -0.24874523 -0.0007151522 0.96856869
vn -0.56083505 -0.001974022 0.82792521
vn -0.99873115 0.0014475999 -0.050338741
vn -0.57738848 0.0020275489 -0.81646704
vn -0.25365769 -0.00071245082 -0.96729379
vn 0.0014670568 -0.0012746366 -0.99999811
vn 0.23205625 0.00069941598 -0.97270212
vn 0.63429182 0.0021132212 -0.77309083
vn 0.97942126 0.15638538 -0.12758376
vn 0.66240435 0.12589218 0.73849281
vn 0.23503119 0.078040045 0.96884988
vn 0.021618896 0.071545696 0.99720301
vn -0.22152703 0.077434454 0.97207494
vn -0.53347032 0.10558047 0.8392033
vn -0.98432204 0.16932588 0.049384913
vn -0.59495392 0.10963397 -0.79624759
vn -0.2876095 0.08389817 -0.95406597
vn -0.011899788 0.070395563 -0.99744817
vn 0.2175975 0.07883876 -0.97284931
vn 0.58594692 0.11371761 -0.80233068
vn 0 -1 0
vn -6.2082516e-17 1 2.4534365e-16
f 2953/2953/2953 2966/2966/2966 2954/2954/2954
f 2953/2953/2953 2965/2965/2965 2966/2966/2966
f 2954/2954/2954 2967/2967/2967 2955/2955/2955
f 2954/2954/2954 2966/2966/2966 2967/2967/2967
f 2955/2955/2955 2968/2968/2968 2956/2956/2956
f 2955/2955/2955 2967/2967/2967 2968/2968/2968
f 2956/2956/2956 2969/2969/2969 2957/2957/2957
f 2956/2956/2956 2968/2968/2968 2969/2969/2969
f 2957/2957/2957 2970/2970/2970 2958/2958/2958
f 2957/2957/2957 2969/2969/2969 2970/2970/2970
f 2958/2958/2958 2971/2971/2971 2959/2959/2959
f 2958/2958/2958 2970/2970/2970 2971/2971/2971
f 2959/2959/2959 2972/2972/2972 2960/2960/2960
f 2959/2959/2959 2971/2971/2971 2972/2972/2972
f 2960/2960/2960 2973/2973/2973 2961/2961/2961
f 2960/2960/2960 2972/2972/2972 2973/2973/2973
f 2961/2961/2961 2974/2974/2974 2962/2962/2962
f 2961/2961/2961 2973/2973/2973 2974/2974/2974
f 2962/2962/2962 2975/2975/2975 2963/2963/2963
f 2962/2962/2962 2974/2974/2974 2975/2975/2975
f 2963/2963/2963 2976/2976/2976 2964/2964/2964
f 2963/2963/2963 2975/2975/2975 2976/2976/2976
f 2964/2964/2964 2965/2965/2965 2953/2953/2953
f 2964/2964/2964 2976/2976/2976 2965/2965/2965
f 2965/2965/2965 2978/2978/2978 2966/2966/2966
f 2965/2965/2965 2977/2977/2977 2978/2978/2978
f 2966/2966/2966 2979/2979/2979 2967/2967/2967
f 2966/2966/2966 2978/2978/2978 2979/2979/2979
f 2967/2967/2967 2980/2980/2980 2968/2968/2968
f 2967/2967/2967 2979/2979/2979 2980/2980/2980
f 2968/2968/2968 2981/2981/2981 2969/2969/2969
f 2968/2968/2968 2980/2980/2980 2981/2981/2981
f 2969/2969/2969 2982/2982/2982 2970/2970/2970
f 2969/2969/2969 2981/2981/2981 2982/2982/2982
f 2970/2970/2970 2983/2983/2983 2971/2971/2971
f 2970/2970/2970 2982/2982/2982 2983/2983/2983
f 2971/2971/2971 2984/2984/2984 2972/2972/2972
f 2971/2971/2971 2983/2983/2983 2984/2984/2984
f 2972/2972/2972 2985/2985/2985 2973/2973/2973
f 2972/2972/2972 2984/2984/2984 2985/2985/2985
f 2973/2973/2973 2986/2986/2986 2974/2974/2974
f 2973/2973/2973 2985/2985/2985 2986/2986/2986
f 2974/2974/2974 2987/2987/2987 2975/2975/2975
f 2974/2974/2974 2986/2986/2986 2987/2987/2987
f 2975/2975/2975 2988/2988/2988 2976/2976/2976
f 2975/2975/2975 2987/2987/2987 2988/2988/2988
f 2976/2976/2976 2977/2977/2977 2965/2965/2965
f 2976/2976/2976 2988/2988/2988 2977/2977/2977
f 2977/2977/2977 2990/2990/2990 2978/2978/2978
f 2977/2977/2977 2989/2989/2989 2990/2990/2990
f 2978/2978/2978 2991/2991/2991 2979/2979/2979
f 2978/2978/2978 2990/2990/2990 2991/2991/2991
f 2979/2979/2979 2992/2992/2992 2980/2980/2980
f 2979/2979/2979 2991/2991/2991 2992/2992/2992
f 2980/2980/2980 2993/2993/2993 2981/2981/2981
f 2980/2980/2980 2992/2992/2992 2993/2993/2993
f 2981/2981/2981 2994/2994/2994 2982/2982/2982
f 2981/2981/2981 2993/2993/2993 2994/2994/2994
f 2982/2982/2982 2995/2995/2995 2983/2983/2983
f 2982/2982/2982 2994/2994/2994 2995/2995/2995
f 2983/2983/2983 2996/2996/2996 2984/2984/2984
f 2983/2983/2983 2995/2995/2995 2996/2996/2996
f 2984/2984/2984 2997/2997/2997 2985/2985/2985
f 2984/2984/2984 2996/2996/2996 2997/2997/2997
f 2985/2985/2985 2998/2998/2998 2986/2986/2986
f 2985/2985/2985 2997/2997/2997 2998/2998/2998
f 2986/2986/2986 2999/2999/2999 2987/2987/2987
f 2986/2986/2986 2998/2998/2998 2999/2999/2999
f 2987/2987/2987 3000/3000/3000 2988/2988/2988
f 2987/2987/2987 2999/2999/2999 3000/3000/3000
f 2988/2988/2988 2989/2989/2989 2977/2977/2977
f 2988/2988/2988 3000/3000/3000 2989/2989/2989
f 2989/2989/2989 3002/3002/3002 2990/2990/2990
f 2989/2989/2989 3001/3001/3001 3002/3002/3002
f 2990/2990/2990 3003/3003/3003 2991/2991/2991
f 2990/2990/2990 3002/3002/3002 3003/3003/3003
f 2991/2991/2991 3004/3004/3004 2992/2992/2992
f 2991/2991/2991 3003/3003/3003 3004/3004/3004
f 2992/2992/2992 3005/3005/3005 2993/2993/2993
f 2992/2992/2992 3004/3004/3004 3005/3005/3005
f 2993/2993/2993 3006/3006/3006 2994/2994/2994
f 2993/2993/2993 3005/3005/3005 3006/3006/3006
f 2994/2994/2994 3007/3007/3007 2995/2995/2995
f 2994/2994/2994 3006/3006/3006 3007/3007/3007
f 2995/2995/2995 3008/3008/3008 2996/2996/2996
f 2995/2995/2995 3007/3007/3007 3008/3008/3008
f 2996/2996/2996 3009/3009/3009 2997/2997/2997
f 2996/2996/2996 3008/3008/3008 3009/3009/3009
f 2997/2997/2997 3010/3010/3010 2998/2998/2998
f 2997/2997/2997 3009/3009/3009 3010/3010/3010
f 2998/2998/2998 3011/3011/3011 2999/2999/2999
f 2998/2998/2998 3010/3010/3010 3011/3011/3011
f 2999/2999/2999 3012/3012/3012 3000/3000/3000
f 2999/2999/2999 3011/3011/3011 3012/3012/3012
f 3000/3000/3000 3001/3001/3001 2989/2989/2989
f 3000/3000/3000 3012/3012/3012 3001/3001/3001
f 3001/3001/3001 3014/3014/3014 3002/3002/3002
f 3001/3001/3001 3013/3013/3013 3014/3014/3014
f 3002/3002/3002 3015/3015/3015 3003/3003/3003
f 3002/3002/3002 3014/3014/3014 3015/3015/3015
f 3003/3003/3003 3016/3016/3016 3004/3004/3004
f 3003/3003/3003 3015/3015/3015 3016/3016/3016
f 3004/3004/3004 3017/3017/3017 3005/3005/3005
f 3004/3004/3004 3016/3016/3016 3017/3017/3017
f 3005/3005/3005 3018/3018/3018 3006/3006/3006
f 3005/3005/3005 3017/3017/3017 3018/3018/3018
f 3006/3006/3006 3019/3019/3019 3007/3007/3007
f 3006/3006/3006 3018/3018/3018 3019/3019/3019
f 3007/3007/3007 3020/3020/3020 3008/3008/3008
f 3007/3007/3007 3019/3019/3019 3020/3020/3020
f 3008/3008/3008 3021/3021/3021 3009/3009/3009
f 3008/3008/3008 3020/3020/3020 3021/3021/3021
f 3009/3009/3009 3022/3022/3022 3010/3010/3010
f 3009/3009/3009 3021/3021/3021 3022/3022/3022
f 3010/3010/3010 3023/3023/3023 3011/3011/3011
f 3010/3010/3010 3022/3022/3022 3023/3023/3023
f 3011/3011/3011 3024/3024/3024 3012/3012/3012
f 3011/3011/3011 3023/3023/3023 3024/3024/3024
f 3012/3012/3012 3013/3013/3013 3001/3001/3001
f 3012/3012/3012 3024/3024/3024 3013/3013/3013
f 3025/3025/3025 2953/2953/2953 2954/2954/2954
f 3013/3013/3013 3026/3026/3026 3014/3014/3014
f 3025/3025/3025 2954/2954/2954 2955/2955/2955
f 3014/3014/3014 3026/3026/3026 3015/3015/3015
f 3025/3025/3025 2955/2955/2955 2956/2956/2956
f 3015/3015/3015 3026/3026/3026 3016/3016/3016
f 3025/3025/3025 2956/2956/2956 2957/2957/2957
f 3016/3016/3016 3026/3026/3026 3017/3017/3017
f 3025/3025/3025 2957/2957/2957 2958/2958/2958
f 3017/3017/3017 3026/3026/3026 3018/3018/3018
f 3025/3025/3025 2958/2958/2958 2959/2959/2959
f 3018/3018/3018 3026/3026/3026 3019/3019/3019
f 3025/3025/3025 2959/2959/2959 2960/2960/2960
f 3019/3019/3019 3026/3026/3026 3020/3020/3020
f 3025/3025/3025 2960/2960/2960 2961/2961/2961
f 3020/3020/3020 3026/3026/3026 3021/3021/3021
f 3025/3025/3025 2961/2961/2961 2962/2962/2962
f 3021/3021/3021 3026/3026/3026 3022/3022/3022
f 3025/3025/3025 2962/2962/2962 2963/2963/2963
f 3022/3022/3022 3026/3026/3026 3023/3023/3023
f 3025/3025/3025 2963/2963/2963 2964/2964/2964
f 3023/3023/3023 3026/3026/3026 3024/3024/3024
f 3025/3025/3025 2964/2964/2964 2953/2953/2953
f 3024/3024/3024 3026/3026/3026 3013/3013/3013
usemtl snow
v 0.97615883 1.0318307 -0.005 1 1 1
v 0.95740754 1.0518596 0.025013815 1 1 1
v 0.90617806 1.0425526 0.046985452 1 1 1
v 0.83619729 1.0467846 0.055027629 1 1 1
v 0.76621652 1.0628249 0.046985452 1 1 1
v 0.71498704 1.0086063 0.025013815 1 1 1
v 0.69623575 1.0946159 -0.005 1 1 1
v 0.71498704 1.0139248 -0.035013815 1 1 1
v 0.76621652 1.0454724 -0.056985452 1 1 1
v 0.83619729 1.0796621 -0.065027629 1 1 1
v 0.90617806 1.0029595 -0.056985452 1 1 1
v 0.95740754 1.0794186 -0.035013815 1 1 1
v 0.96741124 1.120249 -0.005 1 1 1
v 0.9498319 1.1272591 0.023137951 1 1 1
v 0.90180426 1.1240017 0.043736361 1 1 1
v 0.83619729 1.1254829 0.051275902 1 1 1
v 0.77059032 1.131097 0.043736361 1 1 1
v 0.72256268 1.1121205 0.023137951 1 1 1
v 0.70498335 1.1422238 -0.005 1 1 1
v 0.72256268 1.113982 -0.033137951 1 1 1
v 0.77059032 1.1250236 -0.053736361 1 1 1
v 0.83619729 1.13699 -0.061275902 1 1 1
v 0.90180426 1.1101441 -0.053736361 1 1 1
v 0.9498319 1.1369048 -0.033137951 1 1 1
v 0.93616982 1.2238906 -0.005 1 1 1
v 0.92277604 1.2238906 0.016438439 1 1 1
v 0.88618356 1.2238906 0.032132466 1 1 1
v 0.83619729 1.2238906 0.037876878 1 1 1
v 0.78621103 1.2238906 0.032132466 1 1 1
v 0.74961854 1.2238906 0.016438439 1 1 1
v 0.73622476 1.2238906 -0.005 1 1 1
v 0.74961854 1.2238906 -0.026438439 1 1 1
v 0.78621103 1.2238906 -0.042132466 1 1 1
v 0.83619729 1.2238906 -0.047876878 1 1 1
v 0.88618356 1.2238906 -0.042132466 1 1 1
v 0.92277604 1.2238906 -0.026438439 1 1 1
v 0.89243184 1.332168 -0.005 1 1 1
v 0.88489784 1.332168 0.007059122 1 1 1
v 0.86431457 1.332168 0.015887012 1 1 1
v 0.83619729 1.332168 0.019118244 1 1 1
v 0.80808002 1.332168 0.015887012 1 1 1
v 0.78749675 1.332168 0.007059122 1 1 1
v 0.77996275 1.332168 -0.005 1 1 1
v 0.78749675 1.332168 -0.017059122 1 1 1
v 0.80808002 1.332168 -0.025887012 1 1 1
v 0.83619729 1.332168 -0.029118244 1 1 1
v 0.86431457 1.332168 -0.025887012 1 1 1
v 0.88489784 1.332168 -0.017059122 1 1 1
v 0.85119317 1.4207586 -0.005 1 1 1
v 0.84918411 1.4207586 -0.0017842341 1 1 1
v 0.84369523 1.4207586 0.00056986984 1 1 1
v 0.83619729 1.4207586 0.0014315317 1 1 1
v 0.82869935 1.4207586 0.00056986984 1 1 1
v 0.82321048 1.4207586 -0.0017842341 1 1 1
v 0.82120141 1.4207586 -0.005 1 1 1
v 0.82321048 1.4207586 -0.0082157659 1 1 1
v 0.82869935 1.4207586 -0.01056987 1 1 1
v 0.83619729 1.4207586 -0.011431532 1 1 1
v 0.84369523 1.4207586 -0.01056987 1 1 1
v 0.84918411 1.4207586 -0.0082157659 1 1 1
v 0.83619729 1.0368659 -0.005 1 1 1
v 0.83619729 1.4433984 -0.005 1 1 1
vt 0 0
vt 0 0
vt 0 0
vt 0 0
vt 0 0
vt 0 0
vt 0 0
vt 0 0
vt 0 0
vt 0 0
vt 0 0
vt 0 0
vt 0 0
vt 0 0
vt 0 0
vt 0 0
vt 0 0
vt 0 0
vt 0 0
vt 0 0
vt 0 0
vt 0 0
vt 0 0
vt 0 0
vt 0 0
vt 0 0
vt 0 0
vt 0 0
vt 0 0
vt 0 0
vt 0 0
vt 0 0
vt 0 0
vt 0 0
vt 0 0
vt 0 0
vt 0 0
vt 0 0
vt 0 0
vt 0 0
vt 0 0
vt 0 0
vt 0 0
vt 0 0
vt 0 0
vt 0 0
vt 0 0
vt 0 0
vt 0 0
vt 0 0
vt 0 0
vt 0 0
vt 0 0
vt 0 0
vt 0 0
vt 0 0
vt 0 0
vt 0 0
vt 0 0
vt 0 0
vt 0 0
vt 0 0
vn 0.66669561 -0.7124765 -0.21884743
vn 0.40290491 -0.50692627 0.76203241
vn 0.19752217 -0.43540329 0.87829891
vn -0.087930396 -0.40977229 0.90793993
vn -0.15303207 -0.37242067 0.91536006
vn -0.60390219 -0.7497183 0.27060046
vn -0.74712099 -0.62736794 -0.21958983
vn -0.64237629 -0.6936584 -0.32586917
vn 0.0039860663 -0.37676629 -0.92629978
vn -0.06705643 -0.34176823 -0.93738888
vn 0.22922505 -0.52660077 -0.81862538
vn 0.67889711 -0.60937462 -0.40958672
vn 0.97534162 0.21125104 0.063888367
vn 0.60569068 0.15253891 0.78094218
vn 0.23835139 0.10419618 0.96557329
vn 0.007636387 0.094414795 0.99550366
vn -0.24592908 0.11090899 0.96292164
vn -0.58569717 0.13484873 0.79923379
vn -0.96535338 0.24429548 0.091720072
vn -0.54992881 0.13395675 -0.82439911
vn -0.26771906 0.10495062 -0.957764
vn 0.0052241095 0.10540012 -0.99441617
vn 0.24865473 0.094985943 -0.96392349
vn 0.5454687 0.15386848 -0.82388615
vn 0.94166408 0.33601159 -0.019104238
vn 0.61258362 0.24658276 0.75095822
vn 0.25050664 0.17071897 0.95294357
vn 0.013743472 0.15106752 0.9884279
vn -0.21849028 0.17018198 0.96088506
vn -0.57236931 0.22786782 0.78769894
vn -0.92681871 0.34560714 0.14684274
vn -0.5756762 0.23428361 -0.78339524
vn -0.26099314 0.16919812 -0.95039706
vn -0.018283203 0.15811018 -0.98725219
vn 0.23738219 0.16299225 -0.95764462
vn 0.52660371 0.22983177 -0.81845335
vn 0.90913501 0.38566532 -0.15727616
vn 0.63420814 0.29789764 0.71346831
vn 0.27422592 0.20616512 0.93930617
vn 0.031292136 0.17891239 0.98336726
vn -0.19880735 0.19354516 0.96073717
vn -0.51428166 0.2631883 0.81623911
vn -0.90913501 0.38566532 0.15727616
vn -0.63420814 0.29789764 -0.71346831
vn -0.27422592 0.20616512 -0.93930617
vn -0.031292136 0.17891239 -0.98336726
vn 0.19880735 0.19354516 -0.96073717
vn 0.51428166 0.2631883 -0.81623911
vn 0.85375823 0.41114271 -0.31946606
vn 0.69838033 0.35541501 0.62124479
vn 0.31961277 0.24087528 0.91642063
vn 0.067254204 0.20181099 0.97711268
vn -0.1578592 0.2105719 0.96474864
vn -0.44853869 0.27488738 0.85044105
vn -0.85375823 0.41114271 0.31946606
vn -0.69838033 0.35541501 -0.62124479
vn -0.31961277 0.24087528 -0.91642063
vn -0.067254204 0.20181099 -0.97711268
vn 0.1578592 0.2105719 -0.96474864
vn 0.44853869 0.27488738 -0.85044105
vn 9.7593809e-17 -1 -6.582282e-17
vn -1.4169175e-17 1 -8.9592171e-17
f 3027/3027/3027 3040/3040/3040 3028/3028/3028
f 3027/3027/3027 3039/3039/3039 3040/3040/3040
f 3028/3028/3028 3041/3041/3041 3029/3029/3029
f 3028/3028/3028 3040/3040/3040 3041/3041/3041
f 3029/3029/3029 3042/3042/3042 3030/3030/3030
f 3029/3029/3029 3041/3041/3041 3042/3042/3042
f 3030/3030/3030 3043/3043/3043 3031/3031/3031
f 3030/3030/3030 3042/3042/3042 3043/3043/3043
f 3031/3031/3031 3044/3044/3044 3032/3032/3032
f 3031/3031/3031 3043/3043/3043 3044/3044/3044
f 3032/3032/3032 3045/3045/3045 3033/3033/3033
f 3032/3032/3032 3044/3044/3044 3045/3045/3045
f 3033/3033/3033 3046/3046/3046 3034/3034/3034
f 3033/3033/3033 3045/3045/3045 3046/3046/3046
f 3034/3034/3034 3047/3047/3047 3035/3035/3035
f 3034/3034/3034 3046/3046/3046 3047/3047/3047
f 3035/3035/3035 3048/3048/3048 3036/3036/3036
f 3035/3035/3035 3047/3047/3047 3048/3048/3048
f 3036/3036/3036 3049/3049/3049 3037/3037/3037
f 3036/3036/3036 3048/3048/3048 3049/3049/3049
f 3037/3037/3037 3050/3050/3050 3038/3038/3038
f 3037/3037/3037 3049/3049/3049 3050/3050/3050
f 3038/3038/3038 3039/3039/3039 3027/3027/3027
f 3038/3038/3038 3050/3050/3050 3039/3039/3039
f 3039/3039/3039 3052/3052/3052 3040/3040/3040
f 3039/3039/3039 3051/3051/3051 3052/3052/3052
f 3040/3040/3040 3053/3053/3053 3041/3041/3041
f 3040/3040/3040 3052/3052/3052 3053/3053/3053
f 3041/3041/3041 3054/3054/3054 3042/3042/3042
f 3041/3041/3041 3053/3053/3053 3054/3054/3054
f 3042/3042/3042 3055/3055/3055 3043/3043/3043
f 3042/3042/3042 3054/3054/3054 3055/3055/3055
f 3043/3043/3043 3056/3056/3056 3044/3044/3044
f 3043/3043/3043 3055/3055/3055 3056/3056/3056
f 3044/3044/3044 3057/3057/3057 3045/3045/3045
f 3044/3044/3044 3056/3056/3056 3057/3057/3057
f 3045/3045/3045 3058/3058/3058 3046/3046/3046
f 3045/3045/3045 3057/3057/3057 3058/3058/3058
f 3046/3046/3046 3059/3059/3059 3047/3047/3047
f 3046/3046/3046 3058/3058/3058 3059/3059/3059
f 3047/3047/3047 3060/3060/3060 3048/3048/3048
f 3047/3047/3047 3059/3059/3059 3060/3060/3060
f 3048/3048/3048 3061/3061/3061 3049/3049/3049
f 3048/3048/3048 3060/3060/3060 3061/3061/3061
f 3049/3049/3049 3062/3062/3062 3050/3050/3050
f 3049/3049/3049 3061/3061/3061 3062/3062/3062
f 3050/3050/3050 3051/3051/3051 3039/3039/3039
f 3050/3050/3050 3062/3062/3062 3051/3051/3051
f 3051/3051/3051 3064/3064/3064 3052/3052/3052
f 3051/3051/3051 3063/3063/3063 3064/3064/3064
f 3052/3052/3052 3065/3065/3065 3053/3053/3053
f 3052/3052/3052 3064/3064/3064 3065/3065/3065
f 3053/3053/3053 3066/3066/3066 3054/3054/3054
f 3053/3053/3053 3065/3065/3065 3066/3066/3066
f 3054/3054/3054 3067/3067/3067 3055/3055/3055
f 3054/3054/3054 3066/3066/3066 3067/3067/3067
f 3055/3055/3055 3068/3068/3068 3056/3056/3056
f 3055/3055/3055 3067/3067/3067 3068/3068/3068
f 3056/3056/3056 3069/3069/3069 3057/3057/3057
f 3056/3056/3056 3068/3068/3068 3069/3069/3069
f 3057/3057/3057 3070/3070/3070 3058/3058/3058
f 3057/3057/3057 3069/3069/3069 3070/3070/3070
f 3058/3058/3058 3071/3071/3071 3059/3059/3059
f 3058/3058/3058 3070/3070/3070 3071/3071/3071
f 3059/3059/3059 3072/3072/3072 3060/3060/3060
f 3059/3059/3059 3071/3071/3071 3072/3072/3072
f 3060/3060/3060 3073/3073/3073 3061/3061/3061
f 3060/3060/3060 3072/3072/3072 3073/3073/3073
f 3061/3061/3061 3074/3074/3074 3062/3062/3062
f 3061/3061/3061 3073/3073/3073 3074/3074/3074
f 3062/3062/3062 3063/3063/3063 3051/3051/3051
f 3062/3062/3062 3074/3074/3074 3063/3063/3063
f 3063/3063/3063 3076/3076/3076 3064/3064/3064
f 3063/3063/3063 3075/3075/3075 3076/3076/3076
f 3064/3064/3064 3077/3077/3077 3065/3065/3065
f 3064/3064/3064 3076/3076/3076 3077/3077/3077
f 3065/3065/3065 3078/3078/3078 3066/3066/3066
f 3065/3065/3065 3077/3077/3077 3078/3078/3078
f 3066/3066/3066 3079/3079/3079 3067/3067/3067
f 3066/3066/3066 3078/3078/3078 3079/3079/3079
f 3067/3067/3067 3080/3080/3080 3068/3068/3068
f 3067/3067/3067 3079/3079/3079 3080/3080/3080
f 3068/3068/3068 3081/3081/3081 3069/3069/3069
f 3068/3068/3068 3080/3080/3080 3081/3081/3081
f 3069/3069/3069 3082/3082/3082 3070/3070/3070
f 3069/3069/3069 3081/3081/3081 3082/3082/3082
f 3070/3070/3070 3083/3083/3083 3071/3071/3071
f 3070/3070/3070 3082/3082/3082 3083/3083/3083
f 3071/3071/3071 3084/3084/3084 3072/3072/3072
f 3071/3071/3071 3083/3083/3083 3084/3084/3084
f 3072/3072/3072 3085/3085/3085 3073/3073/3073
f 3072/3072/3072 3084/3084/3084 3085/3085/3085
f 3073/3073/3073 3086/3086/3086 3074/3074/3074
f 3073/3073/3073 3085/3085/3085 3086/3086/3086
f 3074/3074/3074 3075/3075/3075 3063/3063/3063
f 3074/3074/3074 3086/3086/3086 3075/3075/3075
f 3087/3087/3087 3027/3027/3027 3028/3028/3028
f 3075/3075/3075 3088/3088/3088 3076/3076/3076
f 3087/3087/3087 3028/3028/3028 3029/3029/3029
f 3076/3076/3076 3088/3088/3088 3077/3077/3077
f 3087/3087/3087 3029/3029/3029 3030/3030/3030
f 3077/3077/3077 3088/3088/3088 3078/3078/3078
f 3087/3087/3087 3030/3030/3030 3031/3031/3031
f 3078/3078/3078 3088/3088/3088 3079/3079/3079
f 3087/3087/3087 3031/3031/3031 3032/3032/3032
f 3079/3079/3079 3088/3088/3088 3080/3080/3080
f 3087/3087/3087 3032/3032/3032 3033/3033/3033
f 3080/3080/3080 3088/3088/3088 3081/3081/3081
f 3087/3087/3087 3033/3033/3033 3034/3034/3034
f 3081/3081/3081 3088/3088/3088 3082/3082/3082
f 3087/3087/3087 3034/3034/3034 3035/3035/3035
f 3082/3082/3082 3088/3088/3088 3083/3083/3083
f 3087/3087/3087 3035/3035/3035 3036/3036/3036
f 3083/3083/3083 3088/3088/3088 3084/3084/3084
f 3087/3087/3087 3036/3036/3036 3037/3037/3037
f 3084/3084/3084 3088/3088/3088 3085/3085/3085
f 3087/3087/3087 3037/3037/3037 3038/3038/3038
f 3085/3085/3085 3088/3088/3088 3086/3086/3086
f 3087/3087/3087 3038/3038/3038 3027/3027/3027
f 3086/3086/3086 3088/3088/3088 3075/3075/3075
usemtl rope
v 0.96930486 0.40161078 -0.005 0.84 0.76 0.61
v 0.98679345 0.38389266 -0.005 0.84 0.76 0.61
v 0.96930486 0.36617454 -0.005 0.84 0.76 0.61
v 0.95181628 0.38389266 -0.005 0.84 0.76 0.61
v 0.94547597 0.3939431 0.02542439 0.84 0.76 0.61
v 0.96398633 0.38192611 0.032592072 0.84 0.76 0.61
v 0.95746768 0.36065456 0.02542439 0.84 0.76 0.61
v 0.93895733 0.37267155 0.018256709 0.84 0.76 0.61
v 0.89675522 0.37592843 0.04769659 0.84 0.76 0.61
v 0.90874587 0.36150075 0.05799715 0.84 0.76 0.61
v 0.90874693 0.34263989 0.04769659 0.84 0.76 0.61
v 0.89675628 0.35706756 0.03739603 0.84 0.76 0.61
v 0.83020144 0.35131992 0.05584878 0.84 0.76 0.61
v 0.83619729 0.33467565 0.066912195 0.84 0.76 0.61
v 0.84219315 0.31803138 0.05584878 0.84 0.76 0.61
v 0.83619729 0.33467565 0.044785366 0.84 0.76 0.61
v 0.76364765 0.32671142 0.04769659 0.84 0.76 0.61
v 0.76364871 0.30785055 0.05799715 0.84 0.76 0.61
v 0.77563936 0.29342288 0.04769659 0.84 0.76 0.61
v 0.7756383 0.31228375 0.03739603 0.84 0.76 0.61
v 0.7149269 0.30869674 0.02542439 0.84 0.76 0.61
v 0.70840826 0.28742519 0.032592072 0.84 0.76 0.61
v 0.72691861 0.2754082 0.02542439 0.84 0.76 0.61
v 0.73343726 0.29667976 0.018256709 0.84 0.76 0.61
v 0.70308972 0.26774052 -0.005 0.84 0.76 0.61
v 0.72057831 0.28545864 -0.005 0.84 0.76 0.61
v 0.70308972 0.30317677 -0.005 0.84 0.76 0.61
v 0.68560114 0.28545864 -0.005 0.84 0.76 0.61
v 0.72691861 0.2754082 -0.03542439 0.84 0.76 0.61
v 0.73343726 0.29667976 -0.028256709 0.84 0.76 0.61
v 0.7149269 0.30869674 -0.03542439 0.84 0.76 0.61
v 0.70840826 0.28742519 -0.042592072 0.84 0.76 0.61
v 0.77563936 0.29342288 -0.05769659 0.84 0.76 0.61
v 0.7756383 0.31228375 -0.04739603 0.84 0.76 0.61
v 0.76364765 0.32671142 -0.05769659 0.84 0.76 0.61
v 0.76364871 0.30785055 -0.06799715 0.84 0.76 0.61
v 0.84219315 0.31803138 -0.06584878 0.84 0.76 0.61
v 0.83619729 0.33467565 -0.054785366 0.84 0.76 0.61
v 0.83020144 0.35131992 -0.06584878 0.84 0.76 0.61
v 0.83619729 0.33467565 -0.076912195 0.84 0.76 0.61
v 0.90874693 0.34263989 -0.05769659 0.84 0.76 0.61
v 0.89675628 0.35706756 -0.04739603 0.84 0.76 0.61
v 0.89675522 0.37592843 -0.05769659 0.84 0.76 0.61
v 0.90874587 0.36150075 -0.06799715 0.84 0.76 0.61
v 0.95746768 0.36065456 -0.03542439 0.84 0.76 0.61
v 0.93895733 0.37267155 -0.028256709 0.84 0.76 0.61
v 0.94547597 0.3939431 -0.03542439 0.84 0.76 0.61
v 0.96398633 0.38192611 -0.042592072 0.84 0.76 0.61
vt 0 0
vt 0 0
vt 0 0
vt 0 0
vt 0 0
vt 0 0
vt 0 0
vt 0 0
vt 0 0
vt 0 0
vt 0 0
vt 0 0
vt 0 0
vt 0 0
vt 0 0
vt 0 0
vt 0 0
vt 0 0
vt 0 0
vt 0 0
vt 0 0
vt 0 0
vt 0 0
vt 0 0
vt 0 0
vt 0 0
vt 0 0
vt 0 0
vt 0 0
vt 0 0
vt 0 0
vt 0 0
vt 0 0
vt 0 0
vt 0 0
vt 0 0
vt 0 0
vt 0 0
vt 0 0
vt 0 0
vt 0 0
vt 0 0
vt 0 0
vt 0 0
vt 0 0
vt 0 0
vt 0 0
vt 0 0
vn 0.39746048 0.89879626 -0.18490658
vn 0.9450059 -0.31757155 0.078180283
vn -0.32747994 -0.91220264 -0.24625845
vn -0.82532719 0.39691001 -0.40161856
vn -0.28289754 0.92605034 0.24979944
vn 0.59208208 0.14350027 0.79299841
vn 0.3624029 -0.92428675 -0.11982549
vn -0.59837997 -0.12610301 -0.79122654
vn -0.3821403 0.9148899 0.13017398
vn 0.23417908 0.067331786 0.96985906
vn 0.4135693 -0.91018866 -0.022738626
vn -0.22948152 -0.062953734 -0.97127497
vn -0.40304213 0.91392797 0.047882194
vn -1.6431654e-17 4.8656348e-17 1
vn 0.40304213 -0.91392797 0.047882194
vn 1.8531158e-17 -5.4873264e-17 -1
vn -0.4135693 0.91018866 -0.022738626
vn -0.23417908 -0.067331786 0.96985906
vn 0.3821403 -0.9148899 0.13017398
vn 0.22948152 0.062953734 -0.97127497
vn -0.20481117 0.81459331 -0.54266945
vn -0.62547486 0.080498925 0.77608062
vn -0.074969445 -0.96144244 0.26459029
vn 0.40329671 -0.14340533 -0.90376251
vn 0.41416083 -0.85526338 0.31144077
vn 0.72755995 0.43948365 0.52679279
vn -0.52772612 0.81316086 0.24550877
vn -0.87321543 -0.47714 -0.099157619
vn 0.20072051 -0.97357498 0.10891757
vn 0.51818385 0.18511055 0.83499676
vn -0.32419682 0.92998891 -0.17325431
vn -0.56737477 -0.20310494 -0.79801895
vn 0.27796524 -0.96032131 0.022766176
vn 0.21663271 0.097753874 0.97134672
vn -0.30494612 0.94341898 -0.13026315
vn -0.22308159 -0.097390822 -0.96992249
vn 0.2884165 -0.95630462 -0.047931221
vn 3.2429526e-16 -7.3164352e-17 1
vn -0.2884165 0.95630462 -0.047931221
vn -2.9576977e-16 8.1093913e-17 -1
vn 0.30494612 -0.94341898 -0.13026315
vn -0.21663271 -0.097753874 0.97134672
vn -0.27796524 0.96032131 0.022766176
vn 0.22308159 0.097390822 -0.96992249
vn 0.68008123 -0.65623855 -0.32686463
vn -0.25704287 -0.46139332 0.84914378
vn -0.50455064 0.70187736 0.50278904
vn 0.41225597 0.50051905 -0.76126585
f 3089/3089/3089 3094/3094/3094 3090/3090/3090
f 3089/3089/3089 3093/3093/3093 3094/3094/3094
f 3090/3090/3090 3095/3095/3095 3091/3091/3091
f 3090/3090/3090 3094/3094/3094 3095/3095/3095
f 3091/3091/3091 3096/3096/3096 3092/3092/3092
f 3091/3091/3091 3095/3095/3095 3096/3096/3096
f 3092/3092/3092 3093/3093/3093 3089/3089/3089
f 3092/3092/3092 3096/3096/3096 3093/3093/3093
f 3093/3093/3093 3098/3098/3098 3094/3094/3094
f 3093/3093/3093 3097/3097/3097 3098/3098/3098
f 3094/3094/3094 3099/3099/3099 3095/3095/3095
f 3094/3094/3094 3098/3098/3098 3099/3099/3099
f 3095/3095/3095 3100/3100/3100 3096/3096/3096
f 3095/3095/3095 3099/3099/3099 3100/3100/3100
f 3096/3096/3096 3097/3097/3097 3093/3093/3093
f 3096/3096/3096 3100/3100/3100 3097/3097/3097
f 3097/3097/3097 3102/3102/3102 3098/3098/3098
f 3097/3097/3097 3101/3101/3101 3102/3102/3102
f 3098/3098/3098 3103/3103/3103 3099/3099/3099
f 3098/3098/3098 3102/3102/3102 3103/3103/3103
f 3099/3099/3099 3104/3104/3104 3100/3100/3100
f 3099/3099/3099 3103/3103/3103 3104/3104/3104
f 3100/3100/3100 3101/3101/3101 3097/3097/3097
f 3100/3100/3100 3104/3104/3104 3101/3101/3101
f 3101/3101/3101 3106/3106/3106 3102/3102/3102
f 3101/3101/3101 3105/3105/3105 3106/3106/3106
f 3102/3102/3102 3107/3107/3107 3103/3103/3103
f 3102/3102/3102 3106/3106/3106 3107/3107/3107
f 3103/3103/3103 3108/3108/3108 3104/3104/3104
f 3103/3103/3103 3107/3107/3107 3108/3108/3108
f 3104/3104/3104 3105/3105/3105 3101/3101/3101
f 3104/3104/3104 3108/3108/3108 3105/3105/3105
f 3105/3105/3105 3110/3110/3110 3106/3106/3106
f 3105/3105/3105 3109/3109/3109 3110/3110/3110
f 3106/3106/3106 3111/3111/3111 3107/3107/3107
f 3106/3106/3106 3110/3110/3110 3111/3111/3111
f 3107/3107/3107 3112/3112/3112 3108/3108/3108
f 3107/3107/3107 3111/3111/3111 3112/3112/3112
f 3108/3108/3108 3109/3109/3109 3105/3105/3105
f 3108/3108/3108 3112/3112/3112 3109/3109/3109
f 3109/3109/3109 3114/3114/3114 3110/3110/3110
f 3109/3109/3109 3113/3113/3113 3114/3114/3114
f 3110/3110/3110 3115/3115/3115 3111/3111/3111
f 3110/3110/3110 3114/3114/3114 3115/3115/3115
f 3111/3111/3111 3116/3116/3116 3112/3112/3112
f 3111/3111/3111 3115/3115/3115 3116/3116/3116
f 3112/3112/3112 3113/3113/3113 3109/3109/3109
f 3112/3112/3112 3116/3116/3116 3113/3113/3113
f 3113/3113/3113 3118/3118/3118 3114/3114/3114
f 3113/3113/3113 3117/3117/3117 3118/3118/3118
f 3114/3114/3114 3119/3119/3119 3115/3115/3115
f 3114/3114/3114 3118/3118/3118 3119/3119/3119
f 3115/3115/3115 3120/3120/3120 3116/3116/3116
f 3115/3115/3115 3119/3119/3119 3120/3120/3120
f 3116/3116/3116 3117/3117/3117 3113/3113/3113
f 3116/3116/3116 3120/3120/3120 3117/3117/3117
f 3117/3117/3117 3122/3122/3122 3118/3118/3118
f 3117/3117/3117 3121/3121/3121 3122/3122/3122
f 3118/3118/3118 3123/3123/3123 3119/3119/3119
f 3118/3118/3118 3122/3122/3122 3123/3123/3123
f 3119/3119/3119 3124/3124/3124 3120/3120/3120
f 3119/3119/3119 3123/3123/3123 3124/3124/3124
f 3120/3120/3120 3121/3121/3121 3117/3117/3117
f 3120/3120/3120 3124/3124/3124 3121/3121/3121
f 3121/3121/3121 3126/3126/3126 3122/3122/3122
f 3121/3121/3121 3125/3125/3125 3126/3126/3126
f 3122/3122/3122 3127/3127/3127 3123/3123/3123
f 3122/3122/3122 3126/3126/3126 3127/3127/3127
f 3123/3123/3123 3128/3128/3128 3124/3124/3124
f 3123/3123/3123 3127/3127/3127 3128/3128/3128
f 3124/3124/3124 3125/3125/3125 3121/3121/3121
f 3124/3124/3124 3128/3128/3128 3125/3125/3125
f 3125/3125/3125 3130/3130/3130 3126/3126/3126
f 3125/3125/3125 3129/3129/3129 3130/3130/3130
f 3126/3126/3126 3131/3131/3131 3127/3127/3127
f 3126/3126/3126 3130/3130/3130 3131/3131/3131
f 3127/3127/3127 3132/3132/3132 3128/3128/3128
f 3127/3127/3127 3131/3131/3131 3132/3132/3132
f 3128/3128/3128 3129/3129/3129 3125/3125/3125
f 3128/3128/3128 3132/3132/3132 3129/3129/3129
f 3129/3129/3129 3134/3134/3134 3130/3130/3130
f 3129/3129/3129 3133/3133/3133 3134/3134/3134
f 3130/3130/3130 3135/3135/3135 3131/3131/3131
f 3130/3130/3130 3134/3134/3134 3135/3135/3135
f 3131/3131/3131 3136/3136/3136 3132/3132/3132
f 3131/3131/3131 3135/3135/3135 3136/3136/3136
f 3132/3132/3132 3133/3133/3133 3129/3129/3129
f 3132/3132/3132 3136/3136/3136 3133/3133/3133
f 3133/3133/3133 3090/3090/3090 3134/3134/3134
f 3133/3133/3133 3089/3089/3089 3090/3090/3090
f 3134/3134/3134 3091/3091/3091 3135/3135/3135
f 3134/3134/3134 3090/3090/3090 3091/3091/3091
f 3135/3135/3135 3092/3092/3092 3136/3136/3136
f 3135/3135/3135 3091/3091/3091 3092/3092/3092
f 3136/3136/3136 3089/3089/3089 3133/3133/3133
f 3136/3136/3136 3092/3092/3092 3089/3089/3089
usemtl rope
v 0.97513439 0.30317677 -0.005 0.84 0.76 0.61
v 0.99262298 0.28545864 -0.005 0.84 0.76 0.61
v 0.97513439 0.26774052 -0.005 0.84 0.76 0.61
v 0.9576458 0.28545864 -0.005 0.84 0.76 0.61
v 0.96229257 0.30877769 0.027268293 0.84 0.76 0.61
v 0.9692048 0.28755914 0.03434912 0.84 0.76 0.61
v 0.95074813 0.27532725 0.027268293 0.84 0.76 0.61
v 0.9438359 0.29654581 0.020187465 0.84 0.76 0.61
v 0.91143806 0.32679237 0.050890322 0.84 0.76 0.61
v 0.91179924 0.30789446 0.061161835 0.84 0.76 0.61
v 0.89989362 0.29334193 0.050890322 0.84 0.76 0.61
v 0.89953245 0.31223984 0.040618809 0.84 0.76 0.61
v 0.84196951 0.35140087 0.059536585 0.84 0.76 0.61
v 0.83619729 0.33467565 0.0706 0.84 0.76 0.61
v 0.83042507 0.31795043 0.059536585 0.84 0.76 0.61
v 0.83619729 0.33467565 0.048473171 0.84 0.76 0.61
v 0.77250096 0.37600938 0.050890322 0.84 0.76 0.61
v 0.76059535 0.36145685 0.061161835 0.84 0.76 0.61
v 0.76095652 0.34255894 0.050890322 0.84 0.76 0.61
v 0.77286214 0.35711147 0.040618809 0.84 0.76 0.61
v 0.72164646 0.39402405 0.027268293 0.84 0.76 0.61
v 0.70318978 0.38179217 0.03434912 0.84 0.76 0.61
v 0.71010202 0.36057361 0.027268293 0.84 0.76 0.61
v 0.72855869 0.3728055 0.020187465 0.84 0.76 0.61
v 0.6972602 0.36617454 -0.005 0.84 0.76 0.61
v 0.71474878 0.38389266 -0.005 0.84 0.76 0.61
v 0.6972602 0.40161078 -0.005 0.84 0.76 0.61
v 0.67977161 0.38389266 -0.005 0.84 0.76 0.61
v 0.71010202 0.36057361 -0.037268293 0.84 0.76 0.61
v 0.72855869 0.3728055 -0.030187465 0.84 0.76 0.61
v 0.72164646 0.39402405 -0.037268293 0.84 0.76 0.61
v 0.70318978 0.38179217 -0.04434912 0.84 0.76 0.61
v 0.76095652 0.34255894 -0.060890322 0.84 0.76 0.61
v 0.77286214 0.35711147 -0.050618809 0.84 0.76 0.61
v 0.77250096 0.37600938 -0.060890322 0.84 0.76 0.61
v 0.76059535 0.36145685 -0.071161835 0.84 0.76 0.61
v 0.83042507 0.31795043 -0.069536585 0.84 0.76 0.61
v 0.83619729 0.33467565 -0.058473171 0.84 0.76 0.61
v 0.84196951 0.35140087 -0.069536585 0.84 0.76 0.61
v 0.83619729 0.33467565 -0.0806 0.84 0.76 0.61
v 0.89989362 0.29334193 -0.060890322 0.84 0.76 0.61
v 0.89953245 0.31223984 -0.050618809 0.84 0.76 0.61
v 0.91143806 0.32679237 -0.060890322 0.84 0.76 0.61
v 0.91179924 0.30789446 -0.071161835 0.84 0.76 0.61
v 0.95074813 0.27532725 -0.037268293 0.84 0.76 0.61
v 0.9438359 0.29654581 -0.030187465 0.84 0.76 0.61
v 0.96229257 0.30877769 -0.037268293 0.84 0.76 0.61
v 0.9692048 0.28755914 -0.04434912 0.84 0.76 0.61
vt 0 0
vt 0 0
vt 0 0
vt 0 0
vt 0 0
vt 0 0
vt 0 0
vt 0 0
vt 0 0
vt 0 0
vt 0 0
vt 0 0
vt 0 0
vt 0 0
vt 0 0
vt 0 0
vt 0 0
vt 0 0
vt 0 0
vt 0 0
vt 0 0
vt 0 0
vt 0 0
vt 0 0
vt 0 0
vt 0 0
vt 0 0
vt 0 0
vt 0 0
vt 0 0
vt 0 0
vt 0 0
vt 0 0
vt 0 0
vt 0 0
vt 0 0
vt 0 0
vt 0 0
vt 0 0
vt 0 0
vt 0 0
vt 0 0
vt 0 0
vt 0 0
vt 0 0
vt 0 0
vt 0 0
vt 0 0
vn 0.5252331 0.81831341 -0.2334381
vn 0.87394411 -0.47524949 0.10178217
vn -0.42091975 -0.85872615 -0.2922601
vn -0.73822287 0.44313063 -0.50858848
vn 0.30810603 0.93593939 0.17055246
vn 0.57676805 -0.19653973 0.79291282
vn -0.19188379 -0.97533173 -0.10912665
vn -0.53218023 0.1806393 -0.82713581
vn 0.29079397 0.94814022 0.12833154
vn 0.22894558 -0.095331018 0.96875999
vn -0.26401162 -0.96421446 -0.024255638
vn -0.2228976 0.095737205 -0.9701294
vn 0.27403705 0.96057071 0.046985105
vn 1.1481497e-16 -3.1262773e-17 1
vn -0.27403705 -0.96057071 0.046985105
vn -1.5144812e-16 -1.7586602e-17 -1
vn 0.26401162 0.96421446 -0.024255638
vn -0.22894558 0.095331018 0.96875999
vn -0.29079397 -0.94814022 0.12833154
vn 0.2228976 -0.095737205 -0.9701294
vn 0.50316145 0.70667998 -0.49742534
vn -0.42120942 0.49879617 0.75748598
vn -0.67160878 -0.66579667 0.32504838
vn 0.27162073 -0.46237246 -0.84405799
vn 0.33450676 -0.91332379 0.23226037
vn 0.83004077 0.39702419 0.39166837
vn -0.39993205 0.89914395 0.17774847
vn -0.94247988 -0.32434643 -0.080815073
vn -0.35030205 -0.92887755 0.120312
vn 0.6065546 -0.1244794 0.78523652
vn 0.27428227 0.93049788 -0.24278164
vn -0.6002398 0.14007388 -0.78745888
vn -0.40174182 -0.91543245 0.024226943
vn 0.23475633 -0.062209934 0.97006154
vn 0.37086911 0.91978782 -0.1282438
vn -0.23923175 0.066247659 -0.96869986
vn -0.39168002 -0.91890349 -0.046937627
vn 2.1380911e-16 -4.3966506e-16 1
vn 0.39168002 0.91890349 -0.046937627
vn -1.9795685e-16 3.7515328e-16 -1
vn -0.37086911 -0.91978782 -0.1282438
vn -0.23475633 0.062209934 0.97006154
vn 0.40174182 0.91543245 0.024226943
vn 0.23923175 -0.066247659 -0.96869986
vn 0.086033017 -0.95974266 -0.26738051
vn -0.41472002 -0.14870358 0.8977163
vn 0.17882574 0.8247422 0.53649013
vn 0.62730791 0.091469185 -0.773381
f 3137/3137/3137 3142/3142/3142 3138/3138/3138
f 3137/3137/3137 3141/3141/3141 3142/3142/3142
f 3138/3138/3138 3143/3143/3143 3139/3139/3139
f 3138/3138/3138 3142/3142/3142 3143/3143/3143
f 3139/3139/3139 3144/3144/3144 3140/3140/3140
f 3139/3139/3139 3143/3143/3143 3144/3144/3144
f 3140/3140/3140 3141/3141/3141 3137/3137/3137
f 3140/3140/3140 3144/3144/3144 3141/3141/3141
f 3141/3141/3141 3146/3146/3146 3142/3142/3142
f 3141/3141/3141 3145/3145/3145 3146/3146/3146
f 3142/3142/3142 3147/3147/3147 3143/3143/3143
f 3142/3142/3142 3146/3146/3146 3147/3147/3147
f 3143/3143/3143 3148/3148/3148 3144/3144/3144
f 3143/3143/3143 3147/3147/3147 3148/3148/3148
f 3144/3144/3144 3145/3145/3145 3141/3141/3141
f 3144/3144/3144 3148/3148/3148 3145/3145/3145
f 3145/3145/3145 3150/3150/3150 3146/3146/3146
f 3145/3145/3145 3149/3149/3149 3150/3150/3150
f 3146/3146/3146 3151/3151/3151 3147/3147/3147
f 3146/3146/3146 3150/3150/3150 3151/3151/3151
f 3147/3147/3147 3152/3152/3152 3148/3148/3148
f 3147/3147/3147 3151/3151/3151 3152/3152/3152
f 3148/3148/3148 3149/3149/3149 3145/3145/3145
f 3148/3148/3148 3152/3152/3152 3149/3149/3149
f 3149/3149/3149 3154/3154/3154 3150/3150/3150
f 3149/3149/3149 3153/3153/3153 3154/3154/3154
f 3150/3150/3150 3155/3155/3155 3151/3151/3151
f 3150/3150/3150 3154/3154/3154 3155/3155/3155
f 3151/3151/3151 3156/3156/3156 3152/3152/3152
f 3151/3151/3151 3155/3155/3155 3156/3156/3156
f 3152/3152/3152 3153/3153/3153 3149/3149/3149
f 3152/3152/3152 3156/3156/3156 3153/3153/3153
f 3153/3153/3153 3158/3158/3158 3154/3154/3154
f 3153/3153/3153 3157/3157/3157 3158/3158/3158
f 3154/3154/3154 3159/3159/3159 3155/3155/3155
f 3154/3154/3154 3158/3158/3158 3159/3159/3159
f 3155/3155/3155 3160/3160/3160 3156/3156/3156
f 3155/3155/3155 3159/3159/3159 3160/3160/3160
f 3156/3156/3156 3157/3157/3157 3153/3153/3153
f 3156/3156/3156 3160/3160/3160 3157/3157/3157
f 3157/3157/3157 3162/3162/3162 3158/3158/3158
f 3157/3157/3157 3161/3161/3161 3162/3162/3162
f 3158/3158/3158 3163/3163/3163 3159/3159/3159
f 3158/3158/3158 3162/3162/3162 3163/3163/3163
f 3159/3159/3159 3164/3164/3164 3160/3160/3160
f 3159/3159/3159 3163/3163/3163 3164/3164/3164
f 3160/3160/3160 3161/3161/3161 3157/3157/3157
f 3160/3160/3160 3164/3164/3164 3161/3161/3161
f 3161/3161/3161 3166/3166/3166 3162/3162/3162
f 3161/3161/3161 3165/3165/3165 3166/3166/3166
f 3162/3162/3162 3167/3167/3167 3163/3163/3163
f 3162/3162/3162 3166/3166/3166 3167/3167/3167
f 3163/3163/3163 3168/3168/3168 3164/3164/3164
f 3163/3163/3163 3167/3167/3167 3168/3168/3168
f 3164/3164/3164 3165/3165/3165 3161/3161/3161
f 3164/3164/3164 3168/3168/3168 3165/3165/3165
f 3165/3165/3165 3170/3170/3170 3166/3166/3166
f 3165/3165/3165 3169/3169/3169 3170/3170/3170
f 3166/3166/3166 3171/3171/3171 3167/3167/3167
f 3166/3166/3166 3170/3170/3170 3171/3171/3171
f 3167/3167/3167 3172/3172/3172 3168/3168/3168
f 3167/3167/3167 3171/3171/3171 3172/3172/3172
f 3168/3168/3168 3169/3169/3169 3165/3165/3165
f 3168/3168/3168 3172/3172/3172 3169/3169/3169
f 3169/3169/3169 3174/3174/3174 3170/3170/3170
f 3169/3169/3169 3173/3173/3173 3174/3174/3174
f 3170/3170/3170 3175/3175/3175 3171/3171/3171
f 3170/3170/3170 3174/3174/3174 3175/3175/3175
f 3171/3171/3171 3176/3176/3176 3172/3172/3172
f 3171/3171/3171 3175/3175/3175 3176/3176/3176
f 3172/3172/3172 3173/3173/3173 3169/3169/3169
f 3172/3172/3172 3176/3176/3176 3173/3173/3173
f 3173/3173/3173 3178/3178/3178 3174/3174/3174
f 3173/3173/3173 3177/3177/3177 3178/3178/3178
f 3174/3174/3174 3179/3179/3179 3175/3175/3175
f 3174/3174/3174 3178/3178/3178 3179/3179/3179
f 3175/3175/3175 3180/3180/3180 3176/3176/3176
f 3175/3175/3175 3179/3179/3179 3180/3180/3180
f 3176/3176/3176 3177/3177/3177 3173/3173/3173
f 3176/3176/3176 3180/3180/3180 3177/3177/3177
f 3177/3177/3177 3182/3182/3182 3178/3178/3178
f 3177/3177/3177 3181/3181/3181 3182/3182/3182
f 3178/3178/3178 3183/3183/3183 3179/3179/3179
f 3178/3178/3178 3182/3182/3182 3183/3183/3183
f 3179/3179/3179 3184/3184/3184 3180/3180/3180
f 3179/3179/3179 3183/3183/3183 3184/3184/3184
f 3180/3180/3180 3181/3181/3181 3177/3177/3177
f 3180/3180/3180 3184/3184/3184 3181/3181/3181
f 3181/3181/3181 3138/3138/3138 3182/3182/3182
f 3181/3181/3181 3137/3137/3137 3138/3138/3138
f 3182/3182/3182 3139/3139/3139 3183/3183/3183
f 3182/3182/3182 3138/3138/3138 3139/3139/3139
f 3183/3183/3183 3140/3140/3140 3184/3184/3184
f 3183/3183/3183 3139/3139/3139 3140/3140/3140
f 3184/3184/3184 3137/3137/3137 3181/3181/3181
f 3184/3184/3184 3140/3140/3140 3137/3137/3137
usemtl rope
v 0.96930486 0.95284127 -0.005 0.84 0.76 0.61
v 0.98679345 0.93512315 -0.005 0.84 0.76 0.61
v 0.96930486 0.91740502 -0.005 0.84 0.76 0.61
v 0.95181628 0.93512315 -0.005 0.84 0.76 0.61
v 0.94547597 0.94517359 0.02542439 0.84 0.76 0.61
v 0.96398633 0.9331566 0.032592072 0.84 0.76 0.61
v 0.95746768 0.91188505 0.02542439 0.84 0.76 0.61
v 0.93895733 0.92390204 0.018256709 0.84 0.76 0.61
v 0.89675522 0.92715891 0.04769659 0.84 0.76 0.61
v 0.90874587 0.91273124 0.05799715 0.84 0.76 0.61
v 0.90874693 0.89387037 0.04769659 0.84 0.76 0.61
v 0.89675628 0.90829804 0.03739603 0.84 0.76 0.61
v 0.83020144 0.90255041 0.05584878 0.84 0.76 0.61
v 0.83619729 0.88590614 0.066912195 0.84 0.76 0.61
v 0.84219315 0.86926187 0.05584878 0.84 0.76 0.61
v 0.83619729 0.88590614 0.044785366 0.84 0.76 0.61
v 0.76364765 0.8779419 0.04769659 0.84 0.76 0.61
v 0.76364871 0.85908104 0.05799715 0.84 0.76 0.61
v 0.77563936 0.84465337 0.04769659 0.84 0.76 0.61
v 0.7756383 0.86351423 0.03739603 0.84 0.76 0.61
v 0.7149269 0.85992723 0.02542439 0.84 0.76 0.61
v 0.70840826 0.83865568 0.032592072 0.84 0.76 0.61
v 0.72691861 0.82663869 0.02542439 0.84 0.76 0.61
v 0.73343726 0.84791024 0.018256709 0.84 0.76 0.61
v 0.70308972 0.81897101 -0.005 0.84 0.76 0.61
v 0.72057831 0.83668913 -0.005 0.84 0.76 0.61
v 0.70308972 0.85440725 -0.005 0.84 0.76 0.61
v 0.68560114 0.83668913 -0.005 0.84 0.76 0.61
v 0.72691861 0.82663869 -0.03542439 0.84 0.76 0.61
v 0.73343726 0.84791024 -0.028256709 0.84 0.76 0.61
v 0.7149269 0.85992723 -0.03542439 0.84 0.76 0.61
v 0.70840826 0.83865568 -0.042592072 0.84 0.76 0.61
v 0.77563936 0.84465337 -0.05769659 0.84 0.76 0.61
v 0.7756383 0.86351423 -0.04739603 0.84 0.76 0.61
v 0.76364765 0.8779419 -0.05769659 0.84 0.76 0.61
v 0.76364871 0.85908104 -0.06799715 0.84 0.76 0.61
v 0.84219315 0.86926187 -0.06584878 0.84 0.76 0.61
v 0.83619729 0.88590614 -0.054785366 0.84 0.76 0.61
v 0.83020144 0.90255041 -0.06584878 0.84 0.76 0.61
v 0.83619729 0.88590614 -0.076912195 0.84 0.76 0.61
v 0.90874693 0.89387037 -0.05769659 0.84 0.76 0.61
v 0.89675628 0.90829804 -0.04739603 0.84 0.76 0.61
v 0.89675522 0.92715891 -0.05769659 0.84 0.76 0.61
v 0.90874587 0.91273124 -0.06799715 0.84 0.76 0.61
v 0.95746768 0.91188505 -0.03542439 0.84 0.76 0.61
v 0.93895733 0.92390204 -0.028256709 0.84 0.76 0.61
v 0.94547597 0.94517359 -0.03542439 0.84 0.76 0.61
v 0.96398633 0.9331566 -0.042592072 0.84 0.76 0.61
vt 0 0
vt 0 0
vt 0 0
vt 0 0
vt 0 0
vt 0 0
vt 0 0
vt 0 0
vt 0 0
vt 0 0
vt 0 0
vt 0 0
vt 0 0
vt 0 0
vt 0 0
vt 0 0
vt 0 0
vt 0 0
vt 0 0
vt 0 0
vt 0 0
vt 0 0
vt 0 0
vt 0 0
vt 0 0
vt 0 0
vt 0 0
vt 0 0
vt 0 0
vt 0 0
vt 0 0
vt 0 0
vt 0 0
vt 0 0
vt 0 0
vt 0 0
vt 0 0
vt 0 0
vt 0 0
vt 0 0
vt 0 0
vt 0 0
vt 0 0
vt 0 0
vt 0 0
vt 0 0
vt 0 0
vt 0 0
vn 0.39746048 0.89879626 -0.18490658
vn 0.9450059 -0.31757155 0.078180283
vn -0.32747994 -0.91220264 -0.24625845
vn -0.82532719 0.39691001 -0.40161856
vn -0.28289754 0.92605034 0.24979944
vn 0.59208208 0.14350027 0.79299841
vn 0.3624029 -0.92428675 -0.11982549
vn -0.59837997 -0.12610301 -0.79122654
vn -0.3821403 0.9148899 0.13017398
vn 0.23417908 0.067331786 0.96985906
vn 0.4135693 -0.91018866 -0.022738626
vn -0.22948152 -0.062953734 -0.97127497
vn -0.40304213 0.91392797 0.047882194
vn 5.7510788e-17 4.8656348e-17 1
vn 0.40304213 -0.91392797 0.047882194
vn -6.4859052e-17 -5.4873264e-17 -1
vn -0.4135693 0.91018866 -0.022738626
vn -0.23417908 -0.067331786 0.96985906
vn 0.3821403 -0.9148899 0.13017398
vn 0.22948152 0.062953734 -0.97127497
vn -0.20481117 0.81459331 -0.54266945
vn -0.62547486 0.080498925 0.77608062
vn -0.074969445 -0.96144244 0.26459029
vn 0.40329671 -0.14340533 -0.90376251
vn 0.41416083 -0.85526338 0.31144077
vn 0.72755995 0.43948365 0.52679279
vn -0.52772612 0.81316086 0.24550877
vn -0.87321543 -0.47714 -0.099157619
vn 0.20072051 -0.97357498 0.10891757
vn 0.51818385 0.18511055 0.83499676
vn -0.32419682 0.92998891 -0.17325431
vn -0.56737477 -0.20310494 -0.79801895
vn 0.27796524 -0.96032131 0.022766176
vn 0.21663271 0.097753874 0.97134672
vn -0.30494612 0.94341898 -0.13026315
vn -0.22308159 -0.097390822 -0.96992249
vn 0.2884165 -0.95630462 -0.047931221
vn 2.4090505e-16 -7.3164352e-17 1
vn -0.2884165 0.95630462 -0.047931221
vn -2.2182732e-16 8.1093913e-17 -1
vn 0.30494612 -0.94341898 -0.13026315
vn -0.21663271 -0.097753874 0.97134672
vn -0.27796524 0.96032131 0.022766176
vn 0.22308159 0.097390822 -0.96992249
vn 0.68008123 -0.65623855 -0.32686463
vn -0.25704287 -0.46139332 0.84914378
vn -0.50455064 0.70187736 0.50278904
vn 0.41225597 0.50051905 -0.76126585
f 3185/3185/3185 3190/3190/3190 3186/3186/3186
f 3185/3185/3185 3189/3189/3189 3190/3190/3190
f 3186/3186/3186 3191/3191/3191 3187/3187/3187
f 3186/3186/3186 3190/3190/3190 3191/3191/3191
f 3187/3187/3187 3192/3192/3192 3188/3188/3188
f 3187/3187/3187 3191/3191/3191 3192/3192/3192
f 3188/3188/3188 3189/3189/3189 3185/3185/3185
f 3188/3188/3188 3192/3192/3192 3189/3189/3189
f 3189/3189/3189 3194/3194/3194 3190/3190/3190
f 3189/3189/3189 3193/3193/3193 3194/3194/3194
f 3190/3190/3190 3195/3195/3195 3191/3191/3191
f 3190/3190/3190 3194/3194/3194 3195/3195/3195
f 3191/3191/3191 3196/3196/3196 3192/3192/3192
f 3191/3191/3191 3195/3195/3195 3196/3196/3196
f 3192/3192/3192 3193/3193/3193 3189/3189/3189
f 3192/3192/3192 3196/3196/3196 3193/3193/3193
f 3193/3193/3193 3198/3198/3198 3194/3194/3194
f 3193/3193/3193 3197/3197/3197 3198/3198/3198
f 3194/3194/3194 3199/3199/3199 3195/3195/3195
f 3194/3194/3194 3198/3198/3198 3199/3199/3199
f 3195/3195/3195 3200/3200/3200 3196/3196/3196
f 3195/3195/3195 3199/3199/3199 3200/3200/3200
f 3196/3196/3196 3197/3197/3197 3193/3193/3193
f 3196/3196/3196 3200/3200/3200 3197/3197/3197
f 3197/3197/3197 3202/3202/3202 3198/3198/3198
f 3197/3197/3197 3201/3201/3201 3202/3202/3202
f 3198/3198/3198 3203/3203/3203 3199/3199/3199
f 3198/3198/3198 3202/3202/3202 3203/3203/3203
f 3199/3199/3199 3204/3204/3204 3200/3200/3200
f 3199/3199/3199 3203/3203/3203 3204/3204/3204
f 3200/3200/3200 3201/3201/3201 3197/3197/3197
f 3200/3200/3200 3204/3204/3204 3201/3201/3201
f 3201/3201/3201 3206/3206/3206 3202/3202/3202
f 3201/3201/3201 3205/3205/3205 3206/3206/3206
f 3202/3202/3202 3207/3207/3207 3203/3203/3203
f 3202/3202/3202 3206/3206/3206 3207/3207/3207
f 3203/3203/3203 3208/3208/3208 3204/3204/3204
f 3203/3203/3203 3207/3207/3207 3208/3208/3208
f 3204/3204/3204 3205/3205/3205 3201/3201/3201
f 3204/3204/3204 3208/3208/3208 3205/3205/3205
f 3205/3205/3205 3210/3210/3210 3206/3206/3206
f 3205/3205/3205 3209/3209/3209 3210/3210/3210
f 3206/3206/3206 3211/3211/3211 3207/3207/3207
f 3206/3206/3206 3210/3210/3210 3211/3211/3211
f 3207/3207/3207 3212/3212/3212 3208/3208/3208
f 3207/3207/3207 3211/3211/3211 3212/3212/3212
f 3208/3208/3208 3209/3209/3209 3205/3205/3205
f 3208/3208/3208 3212/3212/3212 3209/3209/3209
f 3209/3209/3209 3214/3214/3214 3210/3210/3210
f 3209/3209/3209 3213/3213/3213 3214/3214/3214
f 3210/3210/3210 3215/3215/3215 3211/3211/3211
f 3210/3210/3210 3214/3214/3214 3215/3215/3215
f 3211/3211/3211 3216/3216/3216 3212/3212/3212
f 3211/3211/3211 3215/3215/3215 3216/3216/3216
f 3212/3212/3212 3213/3213/3213 3209/3209/3209
f 3212/3212/3212 3216/3216/3216 3213/3213/3213
f 3213/3213/3213 3218/3218/3218 3214/3214/3214
f 3213/3213/3213 3217/3217/3217 3218/3218/3218
f 3214/3214/3214 3219/3219/3219 3215/3215/3215
f 3214/3214/3214 3218/3218/3218 3219/3219/3219
f 3215/3215/3215 3220/3220/3220 3216/3216/3216
f 3215/3215/3215 3219/3219/3219 3220/3220/3220
f 3216/3216/3216 3217/3217/3217 3213/3213/3213
f 3216/3216/3216 3220/3220/3220 3217/3217/3217
f 3217/3217/3217 3222/3222/3222 3218/3218/3218
f 3217/3217/3217 3221/3221/3221 3222/3222/3222
f 3218/3218/3218 3223/3223/3223 3219/3219/3219
f 3218/3218/3218 3222/3222/3222 3223/3223/3223
f 3219/3219/3219 3224/3224/3224 3220/3220/3220
f 3219/3219/3219 3223/3223/3223 3224/3224/3224
f 3220/3220/3220 3221/3221/3221 3217/3217/3217
f 3220/3220/3220 3224/3224/3224 3221/3221/3221
f 3221/3221/3221 3226/3226/3226 3222/3222/3222
f 3221/3221/3221 3225/3225/3225 3226/3226/3226
f 3222/3222/3222 3227/3227/3227 3223/3223/3223
f 3222/3222/3222 3226/3226/3226 3227/3227/3227
f 3223/3223/3223 3228/3228/3228 3224/3224/3224
f 3223/3223/3223 3227/3227/3227 3228/3228/3228
f 3224/3224/3224 3225/3225/3225 3221/3221/3221
f 3224/3224/3224 3228/3228/3228 3225/3225/3225
f 3225/3225/3225 3230/3230/3230 3226/3226/3226
f 3225/3225/3225 3229/3229/3229 3230/3230/3230
f 3226/3226/3226 3231/3231/3231 3227/3227/3227
f 3226/3226/3226 3230/3230/3230 3231/3231/3231
f 3227/3227/3227 3232/3232/3232 3228/3228/3228
f 3227/3227/3227 3231/3231/3231 3232/3232/3232
f 3228/3228/3228 3229/3229/3229 3225/3225/3225
f 3228/3228/3228 3232/3232/3232 3229/3229/3229
f 3229/3229/3229 3186/3186/3186 3230/3230/3230
f 3229/3229/3229 3185/3185/3185 3186/3186/3186
f 3230/3230/3230 3187/3187/3187 3231/3231/3231
f 3230/3230/3230 3186/3186/3186 3187/3187/3187
f 3231/3231/3231 3188/3188/3188 3232/3232/3232
f 3231/3231/3231 3187/3187/3187 3188/3188/3188
f 3232/3232/3232 3185/3185/3185 3229/3229/3229
f 3232/3232/3232 3188/3188/3188 3185/3185/3185
usemtl rope
v 0.97513439 0.85440725 -0.005 0.84 0.76 0.61
v 0.99262298 0.83668913 -0.005 0.84 0.76 0.61
v 0.97513439 0.81897101 -0.005 0.84 0.76 0.61
v 0.9576458 0.83668913 -0.005 0.84 0.76 0.61
v 0.96229257 0.86000818 0.027268293 0.84 0.76 0.61
v 0.9692048 0.83878963 0.03434912 0.84 0.76 0.61
v 0.95074813 0.82655774 0.027268293 0.84 0.76 0.61
v 0.9438359 0.84777629 0.020187465 0.84 0.76 0.61
v 0.91143806 0.87802286 0.050890322 0.84 0.76 0.61
v 0.91179924 0.85912494 0.061161835 0.84 0.76 0.61
v 0.89989362 0.84457241 0.050890322 0.84 0.76 0.61
v 0.89953245 0.86347033 0.040618809 0.84 0.76 0.61
v 0.84196951 0.90263136 0.059536585 0.84 0.76 0.61
v 0.83619729 0.88590614 0.0706 0.84 0.76 0.61
v 0.83042507 0.86918092 0.059536585 0.84 0.76 0.61
v 0.83619729 0.88590614 0.048473171 0.84 0.76 0.61
v 0.77250096 0.92723986 0.050890322 0.84 0.76 0.61
v 0.76059535 0.91268733 0.061161835 0.84 0.76 0.61
v 0.76095652 0.89378942 0.050890322 0.84 0.76 0.61
v 0.77286214 0.90834195 0.040618809 0.84 0.76 0.61
v 0.72164646 0.94525454 0.027268293 0.84 0.76 0.61
v 0.70318978 0.93302265 0.03434912 0.84 0.76 0.61
v 0.71010202 0.9118041 0.027268293 0.84 0.76 0.61
v 0.72855869 0.92403598 0.020187465 0.84 0.76 0.61
v 0.6972602 0.91740502 -0.005 0.84 0.76 0.61
v 0.71474878 0.93512315 -0.005 0.84 0.76 0.61
v 0.6972602 0.95284127 -0.005 0.84 0.76 0.61
v 0.67977161 0.93512315 -0.005 0.84 0.76 0.61
v 0.71010202 0.9118041 -0.037268293 0.84 0.76 0.61
v 0.72855869 0.92403598 -0.030187465 0.84 0.76 0.61
v 0.72164646 0.94525454 -0.037268293 0.84 0.76 0.61
v 0.70318978 0.93302265 -0.04434912 0.84 0.76 0.61
v 0.76095652 0.89378942 -0.060890322 0.84 0.76 0.61
v 0.77286214 0.90834195 -0.050618809 0.84 0.76 0.61
v 0.77250096 0.92723986 -0.060890322 0.84 0.76 0.61
v 0.76059535 0.91268733 -0.071161835 0.84 0.76 0.61
v 0.83042507 0.86918092 -0.069536585 0.84 0.76 0.61
v 0.83619729 0.88590614 -0.058473171 0.84 0.76 0.61
v 0.84196951 0.90263136 -0.069536585 0.84 0.76 0.61
v 0.83619729 0.88590614 -0.0806 0.84 0.76 0.61
v 0.89989362 0.84457241 -0.060890322 0.84 0.76 0.61
v 0.89953245 0.86347033 -0.050618809 0.84 0.76 0.61
v 0.91143806 0.87802286 -0.060890322 0.84 0.76 0.61
v 0.91179924 0.85912494 -0.071161835 0.84 0.76 0.61
v 0.95074813 0.82655774 -0.037268293 0.84 0.76 0.61
v 0.9438359 0.84777629 -0.030187465 0.84 0.76 0.61
v 0.96229257 0.86000818 -0.037268293 0.84 0.76 0.61
v 0.9692048 0.83878963 -0.04434912 0.84 0.76 0.61
vt 0 0
vt 0 0
vt 0 0
vt 0 0
vt 0 0
vt 0 0
vt 0 0
vt 0 0
vt 0 0
vt 0 0
vt 0 0
vt 0 0
vt 0 0
vt 0 0
vt 0 0
vt 0 0
vt 0 0
vt 0 0
vt 0 0
vt 0 0
vt 0 0
vt 0 0
vt 0 0
vt 0 0
vt 0 0
vt 0 0
vt 0 0
vt 0 0
vt 0 0
vt 0 0
vt 0 0
vt 0 0
vt 0 0
vt 0 0
vt 0 0
vt 0 0
vt 0 0
vt 0 0
vt 0 0
vt 0 0
vt 0 0
vt 0 0
vt 0 0
vt 0 0
vt 0 0
vt 0 0
vt 0 0
vt 0 0
vn 0.5252331 0.81831341 -0.2334381
vn 0.87394411 -0.47524949 0.10178217
vn -0.42091975 -0.85872615 -0.2922601
vn -0.73822287 0.44313063 -0.50858848
vn 0.30810603 0.93593939 0.17055246
vn 0.57676805 -0.19653973 0.79291282
vn -0.19188379 -0.97533173 -0.10912665
vn -0.53218023 0.1806393 -0.82713581
vn 0.29079397 0.94814022 0.12833154
vn 0.22894558 -0.095331018 0.96875999
vn -0.26401162 -0.96421446 -0.024255638
vn -0.2228976 0.095737205 -0.9701294
vn 0.27403705 0.96057071 0.046985105
vn 5.9387055e-17 -1.5631387e-17 1
vn -0.27403705 -0.96057071 0.046985105
vn -3.5634852e-17 1.7586602e-17 -1
vn 0.26401162 0.96421446 -0.024255638
vn -0.22894558 0.095331018 0.96875999
vn -0.29079397 -0.94814022 0.12833154
vn 0.2228976 -0.095737205 -0.9701294
vn 0.50316145 0.70667998 -0.49742534
vn -0.42120942 0.49879617 0.75748598
vn -0.67160878 -0.66579667 0.32504838
vn 0.27162073 -0.46237246 -0.84405799
vn 0.33450676 -0.91332379 0.23226037
vn 0.83004077 0.39702419 0.39166837
vn -0.39993205 0.89914395 0.17774847
vn -0.94247988 -0.32434643 -0.080815073
vn -0.35030205 -0.92887755 0.120312
vn 0.6065546 -0.1244794 0.78523652
vn 0.27428227 0.93049788 -0.24278164
vn -0.6002398 0.14007388 -0.78745888
vn -0.40174182 -0.91543245 0.024226943
vn 0.23475633 -0.062209934 0.97006154
vn 0.37086911 0.91978782 -0.1282438
vn -0.23923175 0.066247659 -0.96869986
vn -0.39168002 -0.91890349 -0.046937627
vn 2.761701e-16 -4.2207846e-16 1
vn 0.39168002 0.91890349 -0.046937627
vn -2.4546649e-16 3.9078466e-16 -1
vn -0.37086911 -0.91978782 -0.1282438
vn -0.23475633 0.062209934 0.97006154
vn 0.40174182 0.91543245 0.024226943
vn 0.23923175 -0.066247659 -0.96869986
vn 0.086033017 -0.95974266 -0.26738051
vn -0.41472002 -0.14870358 0.8977163
vn 0.17882574 0.8247422 0.53649013
vn 0.62730791 0.091469185 -0.773381
f 3233/3233/3233 3238/3238/3238 3234/3234/3234
f 3233/3233/3233 3237/3237/3237 3238/3238/3238
f 3234/3234/3234 3239/3239/3239 3235/3235/3235
f 3234/3234/3234 3238/3238/3238 3239/3239/3239
f 3235/3235/3235 3240/3240/3240 3236/3236/3236
f 3235/3235/3235 3239/3239/3239 3240/3240/3240
f 3236/3236/3236 3237/3237/3237 3233/3233/3233
f 3236/3236/3236 3240/3240/3240 3237/3237/3237
f 3237/3237/3237 3242/3242/3242 3238/3238/3238
f 3237/3237/3237 3241/3241/3241 3242/3242/3242
f 3238/3238/3238 3243/3243/3243 3239/3239/3239
f 3238/3238/3238 3242/3242/3242 3243/3243/3243
f 3239/3239/3239 3244/3244/3244 3240/3240/3240
f 3239/3239/3239 3243/3243/3243 3244/3244/3244
f 3240/3240/3240 3241/3241/3241 3237/3237/3237
f 3240/3240/3240 3244/3244/3244 3241/3241/3241
f 3241/3241/3241 3246/3246/3246 3242/3242/3242
f 3241/3241/3241 3245/3245/3245 3246/3246/3246
f 3242/3242/3242 3247/3247/3247 3243/3243/3243
f 3242/3242/3242 3246/3246/3246 3247/3247/3247
f 3243/3243/3243 3248/3248/3248 3244/3244/3244
f 3243/3243/3243 3247/3247/3247 3248/3248/3248
f 3244/3244/3244 3245/3245/3245 3241/3241/3241
f 3244/3244/3244 3248/3248/3248 3245/3245/3245
f 3245/3245/3245 3250/3250/3250 3246/3246/3246
f 3245/3245/3245 3249/3249/3249 3250/3250/3250
f 3246/3246/3246 3251/3251/3251 3247/3247/3247
f 3246/3246/3246 3250/3250/3250 3251/3251/3251
f 3247/3247/3247 3252/3252/3252 3248/3248/3248
f 3247/3247/3247 3251/3251/3251 3252/3252/3252
f 3248/3248/3248 3249/3249/3249 3245/3245/3245
f 3248/3248/3248 3252/3252/3252 3249/3249/3249
f 3249/3249/3249 3254/3254/3254 3250/3250/3250
f 3249/3249/3249 3253/3253/3253 3254/3254/3254
f 3250/3250/3250 3255/3255/3255 3251/3251/3251
f 3250/3250/3250 3254/3254/3254 3255/3255/3255
f 3251/3251/3251 3256/3256/3256 3252/3252/3252
f 3251/3251/3251 3255/3255/3255 3256/3256/3256
f 3252/3252/3252 3253/3253/3253 3249/3249/3249
f 3252/3252/3252 3256/3256/3256 3253/3253/3253
f 3253/3253/3253 3258/3258/3258 3254/3254/3254
f 3253/3253/3253 3257/3257/3257 3258/3258/3258
f 3254/3254/3254 3259/3259/3259 3255/3255/3255
f 3254/3254/3254 3258/3258/3258 3259/3259/3259
f 3255/3255/3255 3260/3260/3260 3256/3256/3256
f 3255/3255/3255 3259/3259/3259 3260/3260/3260
f 3256/3256/3256 3257/3257/3257 3253/3253/3253
f 3256/3256/3256 3260/3260/3260 3257/3257/3257
f 3257/3257/3257 3262/3262/3262 3258/3258/3258
f 3257/3257/3257 3261/3261/3261 3262/3262/3262
f 3258/3258/3258 3263/3263/3263 3259/3259/3259
f 3258/3258/3258 3262/3262/3262 3263/3263/3263
f 3259/3259/3259 3264/3264/3264 3260/3260/3260
f 3259/3259/3259 3263/3263/3263 3264/3264/3264
f 3260/3260/3260 3261/3261/3261 3257/3257/3257
f 3260/3260/3260 3264/3264/3264 3261/3261/3261
f 3261/3261/3261 3266/3266/3266 3262/3262/3262
f 3261/3261/3261 3265/3265/3265 3266/3266/3266
f 3262/3262/3262 3267/3267/3267 3263/3263/3263
f 3262/3262/3262 3266/3266/3266 3267/3267/3267
f 3263/3263/3263 3268/3268/3268 3264/3264/3264
f 3263/3263/3263 3267/3267/3267 3268/3268/3268
f 3264/3264/3264 3265/3265/3265 3261/3261/3261
f 3264/3264/3264 3268/3268/3268 3265/3265/3265
f 3265/3265/3265 3270/3270/3270 3266/3266/3266
f 3265/3265/3265 3269/3269/3269 3270/3270/3270
f 3266/3266/3266 3271/3271/3271 3267/3267/3267
f 3266/3266/3266 3270/3270/3270 3271/3271/3271
f 3267/3267/3267 3272/3272/3272 3268/3268/3268
f 3267/3267/3267 3271/3271/3271 3272/3272/3272
f 3268/3268/3268 3269/3269/3269 3265/3265/3265
f 3268/3268/3268 3272/3272/3272 3269/3269/3269
f 3269/3269/3269 3274/3274/3274 3270/3270/3270
f 3269/3269/3269 3273/3273/3273 3274/3274/3274
f 3270/3270/3270 3275/3275/3275 3271/3271/3271
f 3270/3270/3270 3274/3274/3274 3275/3275/3275
f 3271/3271/3271 3276/3276/3276 3272/3272/3272
f 3271/3271/3271 3275/3275/3275 3276/3276/3276
f 3272/3272/3272 3273/3273/3273 3269/3269/3269
f 3272/3272/3272 3276/3276/3276 3273/3273/3273
f 3273/3273/3273 3278/3278/3278 3274/3274/3274
f 3273/3273/3273 3277/3277/3277 3278/3278/3278
f 3274/3274/3274 3279/3279/3279 3275/3275/3275
f 3274/3274/3274 3278/3278/3278 3279/3279/3279
f 3275/3275/3275 3280/3280/3280 3276/3276/3276
f 3275/3275/3275 3279/3279/3279 3280/3280/3280
f 3276/3276/3276 3277/3277/3277 3273/3273/3273
f 3276/3276/3276 3280/3280/3280 3277/3277/3277
f 3277/3277/3277 3234/3234/3234 3278/3278/3278
f 3277/3277/3277 3233/3233/3233 3234/3234/3234
f 3278/3278/3278 3235/3235/3235 3279/3279/3279
f 3278/3278/3278 3234/3234/3234 3235/3235/3235
f 3279/3279/3279 3236/3236/3236 3280/3280/3280
f 3279/3279/3279 3235/3235/3235 3236/3236/3236
f 3280/3280/3280 3233/3233/3233 3277/3277/3277
f 3280/3280/3280 3236/3236/3236 3233/3233/3233
usemtl timber
v 1.1852305 0 -0.005 1 1 1
v 1.1756627 0 0.019898443 1 1 1
v 1.1319344 0 0.037211612 1 1 1
v 1.0751108 0 0.045121541 1 1 1
v 1.0177074 0 0.03764234 1 1 1
v 0.9796664 0 0.018633734 1 1 1
v 0.95593574 0 -0.005 1 1 1
v 0.9770876 0 -0.029272289 1 1 1
v 1.017287 0 -0.047954594 1 1 1
v 1.0751108 0 -0.053219923 1 1 1
v 1.1323548 0 -0.047523865 1 1 1
v 1.1782415 0 -0.030536998 1 1 1
v 1.1844283 0.20564632 -0.005 1 1 1
v 1.176518 0.20564632 0.020110221 1 1 1
v 1.1323355 0.20564632 0.037509573 1 1 1
v 1.0751108 0.20564632 0.044697983 1 1 1
v 1.0181085 0.20564632 0.037344379 1 1 1
v 0.97881113 0.20564632 0.018845513 1 1 1
v 0.95513353 0.20564632 -0.005 1 1 1
v 0.97794287 0.20564632 -0.029060511 1 1 1
v 1.0176881 0.20564632 -0.047656632 1 1 1
v 1.0751108 0.20564632 -0.05364348 1 1 1
v 1.1327559 0.20564632 -0.047821827 1 1 1
v 1.1773862 0.20564632 -0.030325219 1 1 1
v 1.1843578 0.41129264 -0.005 1 1 1
v 1.1776182 0.41129264 0.020382646 1 1 1
v 1.1323708 0.41129264 0.037535761 1 1 1
v 1.0751108 0.41129264 0.044153134 1 1 1
v 1.0181437 0.41129264 0.037318191 1 1 1
v 0.97771095 0.41129264 0.019117937 1 1 1
v 0.95506302 0.41129264 -0.005 1 1 1
v 0.97904305 0.41129264 -0.028788086 1 1 1
v 1.0177234 0.41129264 -0.047630444 1 1 1
v 1.0751108 0.41129264 -0.054188329 1 1 1
v 1.1327911 0.41129264 -0.047848015 1 1 1
v 1.1762861 0.41129264 -0.030052794 1 1 1
v 1.1850458 0.61693895 -0.005 1 1 1
v 1.1785451 0.61693895 0.02061216 1 1 1
v 1.1320268 0.61693895 0.037280221 1 1 1
v 1.0751108 0.61693895 0.043694105 1 1 1
v 1.0177997 0.61693895 0.037573731 1 1 1
v 0.97678406 0.61693895 0.019347452 1 1 1
v 0.95575102 0.61693895 -0.005 1 1 1
v 0.97996994 0.61693895 -0.028558571 1 1 1
v 1.0173794 0.61693895 -0.047885985 1 1 1
v 1.0751108 0.61693895 -0.054647359 1 1 1
v 1.1324471 0.61693895 -0.047592475 1 1 1
v 1.1753592 0.61693895 -0.02982328 1 1 1
v 1.1862308 0.82258527 -0.005 1 1 1
v 1.1789463 0.82258527 0.02071152 1 1 1
v 1.1314343 0.82258527 0.03684009 1 1 1
v 1.0751108 0.82258527 0.043495386 1 1 1
v 1.0172072 0.82258527 0.038013861 1 1 1
v 0.9763828 0.82258527 0.019446811 1 1 1
v 0.95693599 0.82258527 -0.005 1 1 1
v 0.9803712 0.82258527 -0.028459212 1 1 1
v 1.0167869 0.82258527 -0.048326115 1 1 1
v 1.0751108 0.82258527 -0.054846077 1 1 1
v 1.1318546 0.82258527 -0.047152344 1 1 1
v 1.1749579 0.82258527 -0.029723921 1 1 1
v 1.1874623 1.0282316 -0.005 1 1 1
v 1.1786694 1.0282316 0.020642954 1 1 1
v 1.1308185 1.0282316 0.036382676 1 1 1
v 1.0751108 1.0282316 0.043632517 1 1 1
v 1.0165915 1.0282316 0.038471276 1 1 1
v 0.9766597 1.0282316 0.019378246 1 1 1
v 0.9581675 1.0282316 -0.005 1 1 1
v 0.9800943 1.0282316 -0.028527777 1 1 1
v 1.0161711 1.0282316 -0.04878353 1 1 1
v 1.0751108 1.0282316 -0.054708946 1 1 1
v 1.1312389 1.0282316 -0.04669493 1 1 1
v 1.1752348 1.0282316 -0.029792486 1 1 1
v 1.0751108 0 -0.005 1 1 1
v 1.0751108 1.4170459 -0.005 1 1 1
vt 1 1.73
vt 1.1666667 1.73
vt 1.3333333 1.73
vt 1.5 1.73
vt 1.6666667 1.73
vt 1.8333333 1.73
vt 2 1.73
vt 0.16666667 1.73
vt 0.33333333 1.73
vt 0.5 1.73
vt 0.66666667 1.73
vt 0.83333333 1.73
vt 1 2.1018487
vt 1.1666667 2.1018487
vt 1.3333333 2.1018487
vt 1.5 2.1018487
vt 1.6666667 2.1018487
vt 1.8333333 2.1018487
vt 2 2.1018487
vt 0.16666667 2.1018487
vt 0.33333333 2.1018487
vt 0.5 2.1018487
vt 0.66666667 2.1018487
vt 0.83333333 2.1018487
vt 1 2.4736974
vt 1.1666667 2.4736974
vt 1.3333333 2.4736974
vt 1.5 2.4736974
vt 1.6666667 2.4736974
vt 1.8333333 2.4736974
vt 2 2.4736974
vt 0.16666667 2.4736974
vt 0.33333333 2.4736974
vt 0.5 2.4736974
vt 0.66666667 2.4736974
vt 0.83333333 2.4736974
vt 1 2.8455461
vt 1.1666667 2.8455461
vt 1.3333333 2.8455461
vt 1.5 2.8455461
vt 1.6666667 2.8455461
vt 1.8333333 2.8455461
vt 2 2.8455461
vt 0.16666667 2.8455461
vt 0.33333333 2.8455461
vt 0.5 2.8455461
vt 0.66666667 2.8455461
vt 0.83333333 2.8455461
vt 1 3.2173948
vt 1.1666667 3.2173948
vt 1.3333333 3.2173948
vt 1.5 3.2173948
vt 1.6666667 3.2173948
vt 1.8333333 3.2173948
vt 2 3.2173948
vt 0.16666667 3.2173948
vt 0.33333333 3.2173948
vt 0.5 3.2173948
vt 0.66666667 3.2173948
vt 0.83333333 3.2173948
vt 1 3.5892435
vt 1.1666667 3.5892435
vt 1.3333333 3.5892435
vt 1.5 3.5892435
vt 1.6666667 3.5892435
vt 1.8333333 3.5892435
vt 2 3.5892435
vt 0.16666667 3.5892435
vt 0.33333333 3.5892435
vt 0.5 3.5892435
vt 0.66666667 3.5892435
vt 0.83333333 3.5892435
vt 1 1.73
vt 1 4.2922958
vn 0.93401445 -0.33286527 0.12968317
vn 0.50730553 -0.23335825 0.82956919
vn 0.19831624 -0.16940351 0.96538755
vn -0.039886817 -0.15849002 0.98655459
vn -0.31107355 -0.18747596 0.93171133
vn -0.59555891 -0.24385796 0.76540373
vn -0.90221327 -0.34883709 -0.25362158
vn -0.50665152 -0.22537924 -0.83217092
vn -0.18637854 -0.16896611 -0.9678396
vn 0.035733847 -0.15609996 -0.98709467
vn 0.2581994 -0.17809741 -0.94953377
vn 0.71705563 -0.29128072 -0.63323516
vn 0.99995128 0.0012036888 0.0097969892
vn 0.62430426 -0.0021541009 0.78117831
vn 0.23395821 -0.00056754626 0.97224649
vn 0.0021756198 0.0013106704 0.99999677
vn -0.25746043 0.00057872758 0.96628867
vn -0.5650292 -0.0020644378 0.82506833
vn -0.99994542 -0.0011658653 0.010382191
vn -0.57038378 0.0020712868 -0.8213757
vn -0.24698638 0.00057218445 -0.96901878
vn 0.0021542515 -0.0013199995 -0.99999681
vn 0.22387825 -0.0005611367 -0.97461696
vn 0.63021735 0.0021609874 -0.77641576
vn 0.99977678 -0.00085167604 -0.02111085
vn 0.62507696 -0.002226689 0.78055995
vn 0.22701178 0.00039908836 0.97389193
vn 0.0018452251 0.0013634035 0.99999737
vn -0.25013969 -0.00040708251 0.96820967
vn -0.56433 -0.0021313315 0.82554655
vn -0.99974927 0.00082457957 -0.022376762
vn -0.56980253 0.0021529447 -0.82177883
vn -0.25431916 -0.00040740835 -0.96712026
vn 0.0018350355 -0.0013636742 -0.99999739
vn 0.23083328 0.00039936434 -0.97299324
vn 0.63085061 0.0022495401 -0.77590106
vn 0.99888405 -0.0025764267 -0.047159585
vn 0.61821412 -0.0014447031 0.7860084
vn 0.22123743 0.0012066289 0.97521923
vn 0.0050138439 0.00089589826 0.99998703
vn -0.2440356 -0.0012261539 0.9697655
vn -0.57049381 -0.0014017828 0.8213007
vn -0.99875283 0.002503551 -0.049865078
vn -0.57605843 0.0014240038 -0.81740728
vn -0.26058009 -0.0012397732 -0.96545144
vn 0.0050043909 -0.00089088704 -0.99998708
vn 0.23675477 0.0012197899 -0.97156867
vn 0.62389549 0.0014683216 -0.7815064
vn 0.9982811 -0.0033118856 -0.058513849
vn 0.60641715 -0.00013351047 0.79514667
vn 0.21878901 0.0015583123 0.97577095
vn 0.010468444 8.3988565e-05 0.9999452
vn -0.24140653 -0.0015733281 0.9704228
vn -0.58131255 -0.00013260728 0.81368035
vn -0.99809458 0.0032388314 -0.061617582
vn -0.58687415 0.00013502204 -0.80967815
vn -0.26334759 -0.0015978881 -0.96469969
vn 0.010465232 -8.3309046e-05 -0.99994523
vn 0.23933143 0.0015822355 -0.97093664
vn 0.61212001 0.00013606571 -0.79076487
vn 0.9801411 0.15643581 -0.12186571
vn 0.64264009 0.12302688 0.75622622
vn 0.23093069 0.076629071 0.96994794
vn 0.032740871 0.069857991 0.99701951
vn -0.2148719 0.077835765 0.97353565
vn -0.56335218 0.10807332 0.81911811
vn -0.98435306 0.16655939 0.057506755
vn -0.61373079 0.11015931 -0.78179246
vn -0.2925784 0.083915755 -0.95255237
vn -0.001230972 0.070781804 -0.99749106
vn 0.22374899 0.077004416 -0.97160008
vn 0.55381197 0.10899792 -0.82547668
vn 0 -1 0
vn -1.2416503e-16 1 -2.4534365e-17
f 3281/3281/3281 3294/3294/3294 3282/3282/3282
f 3281/3281/3281 3293/3293/3293 3294/3294/3294
f 3282/3282/3282 3295/3295/3295 3283/3283/3283
f 3282/3282/3282 3294/3294/3294 3295/3295/3295
f 3283/3283/3283 3296/3296/3296 3284/3284/3284
f 3283/3283/3283 3295/3295/3295 3296/3296/3296
f 3284/3284/3284 3297/3297/3297 3285/3285/3285
f 3284/3284/3284 3296/3296/3296 3297/3297/3297
f 3285/3285/3285 3298/3298/3298 3286/3286/3286
f 3285/3285/3285 3297/3297/3297 3298/3298/3298
f 3286/3286/3286 3299/3299/3299 3287/3287/3287
f 3286/3286/3286 3298/3298/3298 3299/3299/3299
f 3287/3287/3287 3300/3300/3300 3288/3288/3288
f 3287/3287/3287 3299/3299/3299 3300/3300/3300
f 3288/3288/3288 3301/3301/3301 3289/3289/3289
f 3288/3288/3288 3300/3300/3300 3301/3301/3301
f 3289/3289/3289 3302/3302/3302 3290/3290/3290
f 3289/3289/3289 3301/3301/3301 3302/3302/3302
f 3290/3290/3290 3303/3303/3303 3291/3291/3291
f 3290/3290/3290 3302/3302/3302 3303/3303/3303
f 3291/3291/3291 3304/3304/3304 3292/3292/3292
f 3291/3291/3291 3303/3303/3303 3304/3304/3304
f 3292/3292/3292 3293/3293/3293 3281/3281/3281
f 3292/3292/3292 3304/3304/3304 3293/3293/3293
f 3293/3293/3293 3306/3306/3306 3294/3294/3294
f 3293/3293/3293 3305/3305/3305 3306/3306/3306
f 3294/3294/3294 3307/3307/3307 3295/3295/3295
f 3294/3294/3294 3306/3306/3306 3307/3307/3307
f 3295/3295/3295 3308/3308/3308 3296/3296/3296
f 3295/3295/3295 3307/3307/3307 3308/3308/3308
f 3296/3296/3296 3309/3309/3309 3297/3297/3297
f 3296/3296/3296 3308/3308/3308 3309/3309/3309
f 3297/3297/3297 3310/3310/3310 3298/3298/3298
f 3297/3297/3297 3309/3309/3309 3310/3310/3310
f 3298/3298/3298 3311/3311/3311 3299/3299/3299
f 3298/3298/3298 3310/3310/3310 3311/3311/3311
f 3299/3299/3299 3312/3312/3312 3300/3300/3300
f 3299/3299/3299 3311/3311/3311 3312/3312/3312
f 3300/3300/3300 3313/3313/3313 3301/3301/3301
f 3300/3300/3300 3312/3312/3312 3313/3313/3313
f 3301/3301/3301 3314/3314/3314 3302/3302/3302
f 3301/3301/3301 3313/3313/3313 3314/3314/3314
f 3302/3302/3302 3315/3315/3315 3303/3303/3303
f 3302/3302/3302 3314/3314/3314 3315/3315/3315
f 3303/3303/3303 3316/3316/3316 3304/3304/3304
f 3303/3303/3303 3315/3315/3315 3316/3316/3316
f 3304/3304/3304 3305/3305/3305 3293/3293/3293
f 3304/3304/3304 3316/3316/3316 3305/3305/3305
f 3305/3305/3305 3318/3318/3318 3306/3306/3306
f 3305/3305/3305 3317/3317/3317 3318/3318/3318
f 3306/3306/3306 3319/3319/3319 3307/3307/3307
f 3306/3306/3306 3318/3318/3318 3319/3319/3319
f 3307/3307/3307 3320/3320/3320 3308/3308/3308
f 3307/3307/3307 3319/3319/3319 3320/3320/3320
f 3308/3308/3308 3321/3321/3321 3309/3309/3309
f 3308/3308/3308 3320/3320/3320 3321/3321/3321
f 3309/3309/3309 3322/3322/3322 3310/3310/3310
f 3309/3309/3309 3321/3321/3321 3322/3322/3322
f 3310/3310/3310 3323/3323/3323 3311/3311/3311
f 3310/3310/3310 3322/3322/3322 3323/3323/3323
f 3311/3311/3311 3324/3324/3324 3312/3312/3312
f 3311/3311/3311 3323/3323/3323 3324/3324/3324
f 3312/3312/3312 3325/3325/3325 3313/3313/3313
f 3312/3312/3312 3324/3324/3324 3325/3325/3325
f 3313/3313/3313 3326/3326/3326 3314/3314/3314
f 3313/3313/3313 3325/3325/3325 3326/3326/3326
f 3314/3314/3314 3327/3327/3327 3315/3315/3315
f 3314/3314/3314 3326/3326/3326 3327/3327/3327
f 3315/3315/3315 3328/3328/3328 3316/3316/3316
f 3315/3315/3315 3327/3327/3327 3328/3328/3328
f 3316/3316/3316 3317/3317/3317 3305/3305/3305
f 3316/3316/3316 3328/3328/3328 3317/3317/3317
f 3317/3317/3317 3330/3330/3330 3318/3318/3318
f 3317/3317/3317 3329/3329/3329 3330/3330/3330
f 3318/3318/3318 3331/3331/3331 3319/3319/3319
f 3318/3318/3318 3330/3330/3330 3331/3331/3331
f 3319/3319/3319 3332/3332/3332 3320/3320/3320
f 3319/3319/3319 3331/3331/3331 3332/3332/3332
f 3320/3320/3320 3333/3333/3333 3321/3321/3321
f 3320/3320/3320 3332/3332/3332 3333/3333/3333
f 3321/3321/3321 3334/3334/3334 3322/3322/3322
f 3321/3321/3321 3333/3333/3333 3334/3334/3334
f 3322/3322/3322 3335/3335/3335 3323/3323/3323
f 3322/3322/3322 3334/3334/3334 3335/3335/3335
f 3323/3323/3323 3336/3336/3336 3324/3324/3324
f 3323/3323/3323 3335/3335/3335 3336/3336/3336
f 3324/3324/3324 3337/3337/3337 3325/3325/3325
f 3324/3324/3324 3336/3336/3336 3337/3337/3337
f 3325/3325/3325 3338/3338/3338 3326/3326/3326
f 3325/3325/3325 3337/3337/3337 3338/3338/3338
f 3326/3326/3326 3339/3339/3339 3327/3327/3327
f 3326/3326/3326 3338/3338/3338 3339/3339/3339
f 3327/3327/3327 3340/3340/3340 3328/3328/3328
f 3327/3327/3327 3339/3339/3339 3340/3340/3340
f 3328/3328/3328 3329/3329/3329 3317/3317/3317
f 3328/3328/3328 3340/3340/3340 3329/3329/3329
f 3329/3329/3329 3342/3342/3342 3330/3330/3330
f 3329/3329/3329 3341/3341/3341 3342/3342/3342
f 3330/3330/3330 3343/3343/3343 3331/3331/3331
f 3330/3330/3330 3342/3342/3342 3343/3343/3343
f 3331/3331/3331 3344/3344/3344 3332/3332/3332
f 3331/3331/3331 3343/3343/3343 3344/3344/3344
f 3332/3332/3332 3345/3345/3345 3333/3333/3333
f 3332/3332/3332 3344/3344/3344 3345/3345/3345
f 3333/3333/3333 3346/3346/3346 3334/3334/3334
f 3333/3333/3333 3345/3345/3345 3346/3346/3346
f 3334/3334/3334 3347/3347/3347 3335/3335/3335
f 3334/3334/3334 3346/3346/3346 3347/3347/3347
f 3335/3335/3335 3348/3348/3348 3336/3336/3336
f 3335/3335/3335 3347/3347/3347 3348/3348/3348
f 3336/3336/3336 3349/3349/3349 3337/3337/3337
f 3336/3336/3336 3348/3348/3348 3349/3349/3349
f 3337/3337/3337 3350/3350/3350 3338/3338/3338
f 3337/3337/3337 3349/3349/3349 3350/3350/3350
f 3338/3338/3338 3351/3351/3351 3339/3339/3339
f 3338/3338/3338 3350/3350/3350 3351/3351/3351
f 3339/3339/3339 3352/3352/3352 3340/3340/3340
f 3339/3339/3339 3351/3351/3351 3352/3352/3352
f 3340/3340/3340 3341/3341/3341 3329/3329/3329
f 3340/3340/3340 3352/3352/3352 3341/3341/3341
f 3353/3353/3353 3281/3281/3281 3282/3282/3282
f 3341/3341/3341 3354/3354/3354 3342/3342/3342
f 3353/3353/3353 3282/3282/3282 3283/3283/3283
f 3342/3342/3342 3354/3354/3354 3343/3343/3343
f 3353/3353/3353 3283/3283/3283 3284/3284/3284
f 3343/3343/3343 3354/3354/3354 3344/3344/3344
f 3353/3353/3353 3284/3284/3284 3285/3285/3285
f 3344/3344/3344 3354/3354/3354 3345/3345/3345
f 3353/3353/3353 3285/3285/3285 3286/3286/3286
f 3345/3345/3345 3354/3354/3354 3346/3346/3346
f 3353/3353/3353 3286/3286/3286 3287/3287/3287
f 3346/3346/3346 3354/3354/3354 3347/3347/3347
f 3353/3353/3353 3287/3287/3287 3288/3288/3288
f 3347/3347/3347 3354/3354/3354 3348/3348/3348
f 3353/3353/3353 3288/3288/3288 3289/3289/3289
f 3348/3348/3348 3354/3354/3354 3349/3349/3349
f 3353/3353/3353 3289/3289/3289 3290/3290/3290
f 3349/3349/3349 3354/3354/3354 3350/3350/3350
f 3353/3353/3353 3290/3290/3290 3291/3291/3291
f 3350/3350/3350 3354/3354/3354 3351/3351/3351
f 3353/3353/3353 3291/3291/3291 3292/3292/3292
f 3351/3351/3351 3354/3354/3354 3352/3352/3352
f 3353/3353/3353 3292/3292/3292 3281/3281/3281
f 3352/3352/3352 3354/3354/3354 3341/3341/3341
usemtl snow
v 1.2150723 1.0486857 -0.005 1 1 1
v 1.1963211 1.0842549 0.025013815 1 1 1
v 1.1450916 1.0475718 0.046985452 1 1 1
v 1.0751108 1.0836802 0.055027629 1 1 1
v 1.00513 1.071885 0.046985452 1 1 1
v 0.95390056 1.0340025 0.025013815 1 1 1
v 0.93514926 1.1195527 -0.005 1 1 1
v 0.95390056 1.0233212 -0.035013815 1 1 1
v 1.00513 1.0822449 -0.056985452 1 1 1
v 1.0751108 1.0845582 -0.065027629 1 1 1
v 1.1450916 1.0356911 -0.056985452 1 1 1
v 1.1963211 1.0958142 -0.035013815 1 1 1
v 1.2063247 1.1397306 -0.005 1 1 1
v 1.1887454 1.1521798 0.023137951 1 1 1
v 1.1407178 1.1393407 0.043736361 1 1 1
v 1.0751108 1.1519786 0.051275902 1 1 1
v 1.0095038 1.1478503 0.043736361 1 1 1
v 0.9614762 1.1345915 0.023137951 1 1 1
v 0.94389686 1.164534 -0.005 1 1 1
v 0.9614762 1.130853 -0.033137951 1 1 1
v 1.0095038 1.1514763 -0.053736361 1 1 1
v 1.0751108 1.152286 -0.061275902 1 1 1
v 1.1407178 1.1351825 -0.053736361 1 1 1
v 1.1887454 1.1562256 -0.033137951 1 1 1
v 1.1750833 1.2447864 -0.005 1 1 1
v 1.1616896 1.2447864 0.016438439 1 1 1
v 1.1250971 1.2447864 0.032132466 1 1 1
v 1.0751108 1.2447864 0.037876878 1 1 1
v 1.0251245 1.2447864 0.032132466 1 1 1
v 0.98853206 1.2447864 0.016438439 1 1 1
v 0.97513828 1.2447864 -0.005 1 1 1
v 0.98853206 1.2447864 -0.026438439 1 1 1
v 1.0251245 1.2447864 -0.042132466 1 1 1
v 1.0751108 1.2447864 -0.047876878 1 1 1
v 1.1250971 1.2447864 -0.042132466 1 1 1
v 1.1616896 1.2447864 -0.026438439 1 1 1
v 1.1313454 1.3530638 -0.005 1 1 1
v 1.1238114 1.3530638 0.007059122 1 1 1
v 1.1032281 1.3530638 0.015887012 1 1 1
v 1.0751108 1.3530638 0.019118244 1 1 1
v 1.0469935 1.3530638 0.015887012 1 1 1
v 1.0264103 1.3530638 0.007059122 1 1 1
v 1.0188763 1.3530638 -0.005 1 1 1
v 1.0264103 1.3530638 -0.017059122 1 1 1
v 1.0469935 1.3530638 -0.025887012 1 1 1
v 1.0751108 1.3530638 -0.029118244 1 1 1
v 1.1032281 1.3530638 -0.025887012 1 1 1
v 1.1238114 1.3530638 -0.017059122 1 1 1
v 1.0901067 1.4416545 -0.005 1 1 1
v 1.0880976 1.4416545 -0.0017842341 1 1 1
v 1.0826087 1.4416545 0.00056986984 1 1 1
v 1.0751108 1.4416545 0.0014315317 1 1 1
v 1.0676129 1.4416545 0.00056986984 1 1 1
v 1.062124 1.4416545 -0.0017842341 1 1 1
v 1.0601149 1.4416545 -0.005 1 1 1
v 1.062124 1.4416545 -0.0082157659 1 1 1
v 1.0676129 1.4416545 -0.01056987 1 1 1
v 1.0751108 1.4416545 -0.011431532 1 1 1
v 1.0826087 1.4416545 -0.01056987 1 1 1
v 1.0880976 1.4416545 -0.0082157659 1 1 1
v 1.0751108 1.0577618 -0.005 1 1 1
v 1.0751108 1.4642943 -0.005 1 1 1
vt 0 0
vt 0 0
vt 0 0
vt 0 0
vt 0 0
vt 0 0
vt 0 0
vt 0 0
vt 0 0
vt 0 0
vt 0 0
vt 0 0
vt 0 0
vt 0 0
vt 0 0
vt 0 0
vt 0 0
vt 0 0
vt 0 0
vt 0 0
vt 0 0
vt 0 0
vt 0 0
vt 0 0
vt 0 0
vt 0 0
vt 0 0
vt 0 0
vt 0 0
vt 0 0
vt 0 0
vt 0 0
vt 0 0
vt 0 0
vt 0 0
vt 0 0
vt 0 0
vt 0 0
vt 0 0
vt 0 0
vt 0 0
vt 0 0
vt 0 0
vt 0 0
vt 0 0
vt 0 0
vt 0 0
vt 0 0
vt 0 0
vt 0 0
vt 0 0
vt 0 0
vt 0 0
vt 0 0
vt 0 0
vt 0 0
vt 0 0
vt 0 0
vt 0 0
vt 0 0
vt 0 0
vt 0 0
vn 0.66775161 -0.74327516 -0.040617975
vn 0.45347622 -0.50972674 0.73112104
vn 0.18397256 -0.46194003 0.8676206
vn -0.098768384 -0.3856079 0.91736108
vn -0.11591417 -0.37167958 0.92109619
vn -0.65098272 -0.75249569 0.09985857
vn -0.77401211 -0.63018252 -0.061443104
vn -0.59055898 -0.71046895 -0.38271918
vn -0.01609806 -0.35922742 -0.9331112
vn -0.085624955 -0.36013541 -0.92896224
vn 0.2800951 -0.52419096 -0.80422048
vn 0.61681831 -0.58494166 -0.52666728
vn 0.97718009 0.20841469 0.041016923
vn 0.6037843 0.15741381 0.78145084
vn 0.23541736 0.099863306 0.96675022
vn 0.013713823 0.098206112 0.9950716
vn -0.25453025 0.10879305 0.96092582
vn -0.57385233 0.1338779 0.80794196
vn -0.96616574 0.2490165 0.067190379
vn -0.55302788 0.13042033 -0.82289167
vn -0.27223965 0.10972829 -0.95595255
vn 0.010944977 0.10103687 -0.99482248
vn 0.24105891 0.096592834 -0.96569168
vn 0.55914183 0.15523049 -0.81441016
vn 0.94246671 0.33362194 -0.021281336
vn 0.61749061 0.25095485 0.745471
vn 0.24481653 0.16753212 0.95498579
vn 0.019576821 0.15287832 0.9880511
vn -0.22475751 0.16998878 0.95947271
vn -0.56642607 0.22627179 0.7924409
vn -0.92603921 0.34823552 0.14554522
vn -0.57153246 0.23037265 -0.78757799
vn -0.26702161 0.17242981 -0.94813893
vn -0.01226853 0.15617438 -0.9876533
vn 0.23140557 0.16318298 -0.95907392
vn 0.53254426 0.23156055 -0.81411075
vn 0.90913501 0.38566532 -0.15727616
vn 0.63420814 0.29789764 0.71346831
vn 0.27422592 0.20616512 0.93930617
vn 0.031292136 0.17891239 0.98336726
vn -0.19880735 0.19354516 0.96073717
vn -0.51428166 0.2631883 0.81623911
vn -0.90913501 0.38566532 0.15727616
vn -0.63420814 0.29789764 -0.71346831
vn -0.27422592 0.20616512 -0.93930617
vn -0.031292136 0.17891239 -0.98336726
vn 0.19880735 0.19354516 -0.96073717
vn 0.51428166 0.2631883 -0.81623911
vn 0.85375823 0.41114271 -0.31946606
vn 0.69838033 0.35541501 0.62124479
vn 0.31961277 0.24087528 0.91642063
vn 0.067254204 0.20181099 0.97711268
vn -0.1578592 0.2105719 0.96474864
vn -0.44853869 0.27488738 0.85044105
vn -0.85375823 0.41114271 0.31946606
vn -0.69838033 0.35541501 -0.62124479
vn -0.31961277 0.24087528 -0.91642063
vn -0.067254204 0.20181099 -0.97711268
vn 0.1578592 0.2105719 -0.96474864
vn 0.44853869 0.27488738 -0.85044105
vn 9.1087555e-18 -1 -1.1518993e-16
vn 0 1 7.839315e-17
f 3355/3355/3355 3368/3368/3368 3356/3356/3356
f 3355/3355/3355 3367/3367/3367 3368/3368/3368
f 3356/3356/3356 3369/3369/3369 3357/3357/3357
f 3356/3356/3356 3368/3368/3368 3369/3369/3369
f 3357/3357/3357 3370/3370/3370 3358/3358/3358
f 3357/3357/3357 3369/3369/3369 3370/3370/3370
f 3358/3358/3358 3371/3371/3371 3359/3359/3359
f 3358/3358/3358 3370/3370/3370 3371/3371/3371
f 3359/3359/3359 3372/3372/3372 3360/3360/3360
f 3359/3359/3359 3371/3371/3371 3372/3372/3372
f 3360/3360/3360 3373/3373/3373 3361/3361/3361
f 3360/3360/3360 3372/3372/3372 3373/3373/3373
f 3361/3361/3361 3374/3374/3374 3362/3362/3362
f 3361/3361/3361 3373/3373/3373 3374/3374/3374
f 3362/3362/3362 3375/3375/3375 3363/3363/3363
f 3362/3362/3362 3374/3374/3374 3375/3375/3375
f 3363/3363/3363 3376/3376/3376 3364/3364/3364
f 3363/3363/3363 3375/3375/3375 3376/3376/3376
f 3364/3364/3364 3377/3377/3377 3365/3365/3365
f 3364/3364/3364 3376/3376/3376 3377/3377/3377
f 3365/3365/3365 3378/3378/3378 3366/3366/3366
f 3365/3365/3365 3377/3377/3377 3378/3378/3378
f 3366/3366/3366 3367/3367/3367 3355/3355/3355
f 3366/3366/3366 3378/3378/3378 3367/3367/3367
f 3367/3367/3367 3380/3380/3380 3368/3368/3368
f 3367/3367/3367 3379/3379/3379 3380/3380/3380
f 3368/3368/3368 3381/3381/3381 3369/3369/3369
f 3368/3368/3368 3380/3380/3380 3381/3381/3381
f 3369/3369/3369 3382/3382/3382 3370/3370/3370
f 3369/3369/3369 3381/3381/3381 3382/3382/3382
f 3370/3370/3370 3383/3383/3383 3371/3371/3371
f 3370/3370/3370 3382/3382/3382 3383/3383/3383
f 3371/3371/3371 3384/3384/3384 3372/3372/3372
f 3371/3371/3371 3383/3383/3383 3384/3384/3384
f 3372/3372/3372 3385/3385/3385 3373/3373/3373
f 3372/3372/3372 3384/3384/3384 3385/3385/3385
f 3373/3373/3373 3386/3386/3386 3374/3374/3374
f 3373/3373/3373 3385/3385/3385 3386/3386/3386
f 3374/3374/3374 3387/3387/3387 3375/3375/3375
f 3374/3374/3374 3386/3386/3386 3387/3387/3387
f 3375/3375/3375 3388/3388/3388 3376/3376/3376
f 3375/3375/3375 3387/3387/3387 3388/3388/3388
f 3376/3376/3376 3389/3389/3389 3377/3377/3377
f 3376/3376/3376 3388/3388/3388 3389/3389/3389
f 3377/3377/3377 3390/3390/3390 3378/3378/3378
f 3377/3377/3377 3389/3389/3389 3390/3390/3390
f 3378/3378/3378 3379/3379/3379 3367/3367/3367
f 3378/3378/3378 3390/3390/3390 3379/3379/3379
f 3379/3379/3379 3392/3392/3392 3380/3380/3380
f 3379/3379/3379 3391/3391/3391 3392/3392/3392
f 3380/3380/3380 3393/3393/3393 3381/3381/3381
f 3380/3380/3380 3392/3392/3392 3393/3393/3393
f 3381/3381/3381 3394/3394/3394 3382/3382/3382
f 3381/3381/3381 3393/3393/3393 3394/3394/3394
f 3382/3382/3382 3395/3395/3395 3383/3383/3383
f 3382/3382/3382 3394/3394/3394 3395/3395/3395
f 3383/3383/3383 3396/3396/3396 3384/3384/3384
f 3383/3383/3383 3395/3395/3395 3396/3396/3396
f 3384/3384/3384 3397/3397/3397 3385/3385/3385
f 3384/3384/3384 3396/3396/3396 3397/3397/3397
f 3385/3385/3385 3398/3398/3398 3386/3386/3386
f 3385/3385/3385 3397/3397/3397 3398/3398/3398
f 3386/3386/3386 3399/3399/3399 3387/3387/3387
f 3386/3386/3386 3398/3398/3398 3399/3399/3399
f 3387/3387/3387 3400/3400/3400 3388/3388/3388
f 3387/3387/3387 3399/3399/3399 3400/3400/3400
f 3388/3388/3388 3401/3401/3401 3389/3389/3389
f 3388/3388/3388 3400/3400/3400 3401/3401/3401
f 3389/3389/3389 3402/3402/3402 3390/3390/3390
f 3389/3389/3389 3401/3401/3401 3402/3402/3402
f 3390/3390/3390 3391/3391/3391 3379/3379/3379
f 3390/3390/3390 3402/3402/3402 3391/3391/3391
f 3391/3391/3391 3404/3404/3404 3392/3392/3392
f 3391/3391/3391 3403/3403/3403 3404/3404/3404
f 3392/3392/3392 3405/3405/3405 3393/3393/3393
f 3392/3392/3392 3404/3404/3404 3405/3405/3405
f 3393/3393/3393 3406/3406/3406 3394/3394/3394
f 3393/3393/3393 3405/3405/3405 3406/3406/3406
f 3394/3394/3394 3407/3407/3407 3395/3395/3395
f 3394/3394/3394 3406/3406/3406 3407/3407/3407
f 3395/3395/3395 3408/3408/3408 3396/3396/3396
f 3395/3395/3395 3407/3407/3407 3408/3408/3408
f 3396/3396/3396 3409/3409/3409 3397/3397/3397
f 3396/3396/3396 3408/3408/3408 3409/3409/3409
f 3397/3397/3397 3410/3410/3410 3398/3398/3398
f 3397/3397/3397 3409/3409/3409 3410/3410/3410
f 3398/3398/3398 3411/3411/3411 3399/3399/3399
f 3398/3398/3398 3410/3410/3410 3411/3411/3411
f 3399/3399/3399 3412/3412/3412 3400/3400/3400
f 3399/3399/3399 3411/3411/3411 3412/3412/3412
f 3400/3400/3400 3413/3413/3413 3401/3401/3401
f 3400/3400/3400 3412/3412/3412 3413/3413/3413
f 3401/3401/3401 3414/3414/3414 3402/3402/3402
f 3401/3401/3401 3413/3413/3413 3414/3414/3414
f 3402/3402/3402 3403/3403/3403 3391/3391/3391
f 3402/3402/3402 3414/3414/3414 3403/3403/3403
f 3415/3415/3415 3355/3355/3355 3356/3356/3356
f 3403/3403/3403 3416/3416/3416 3404/3404/3404
f 3415/3415/3415 3356/3356/3356 3357/3357/3357
f 3404/3404/3404 3416/3416/3416 3405/3405/3405
f 3415/3415/3415 3357/3357/3357 3358/3358/3358
f 3405/3405/3405 3416/3416/3416 3406/3406/3406
f 3415/3415/3415 3358/3358/3358 3359/3359/3359
f 3406/3406/3406 3416/3416/3416 3407/3407/3407
f 3415/3415/3415 3359/3359/3359 3360/3360/3360
f 3407/3407/3407 3416/3416/3416 3408/3408/3408
f 3415/3415/3415 3360/3360/3360 3361/3361/3361
f 3408/3408/3408 3416/3416/3416 3409/3409/3409
f 3415/3415/3415 3361/3361/3361 3362/3362/3362
f 3409/3409/3409 3416/3416/3416 3410/3410/3410
f 3415/3415/3415 3362/3362/3362 3363/3363/3363
f 3410/3410/3410 3416/3416/3416 3411/3411/3411
f 3415/3415/3415 3363/3363/3363 3364/3364/3364
f 3411/3411/3411 3416/3416/3416 3412/3412/3412
f 3415/3415/3415 3364/3364/3364 3365/3365/3365
f 3412/3412/3412 3416/3416/3416 3413/3413/3413
f 3415/3415/3415 3365/3365/3365 3366/3366/3366
f 3413/3413/3413 3416/3416/3416 3414/3414/3414
f 3415/3415/3415 3366/3366/3366 3355/3355/3355
f 3414/3414/3414 3416/3416/3416 3403/3403/3403
usemtl rope
v 1.2082184 0.40161078 -0.005 0.84 0.76 0.61
v 1.225707 0.38389266 -0.005 0.84 0.76 0.61
v 1.2082184 0.36617454 -0.005 0.84 0.76 0.61
v 1.1907298 0.38389266 -0.005 0.84 0.76 0.61
v 1.1843895 0.3939431 0.02542439 0.84 0.76 0.61
v 1.2028998 0.38192611 0.032592072 0.84 0.76 0.61
v 1.1963812 0.36065456 0.02542439 0.84 0.76 0.61
v 1.1778708 0.37267155 0.018256709 0.84 0.76 0.61
v 1.1356687 0.37592843 0.04769659 0.84 0.76 0.61
v 1.1476594 0.36150075 0.05799715 0.84 0.76 0.61
v 1.1476604 0.34263989 0.04769659 0.84 0.76 0.61
v 1.1356698 0.35706756 0.03739603 0.84 0.76 0.61
v 1.0691149 0.35131992 0.05584878 0.84 0.76 0.61
v 1.0751108 0.33467565 0.066912195 0.84 0.76 0.61
v 1.0811067 0.31803138 0.05584878 0.84 0.76 0.61
v 1.0751108 0.33467565 0.044785366 0.84 0.76 0.61
v 1.0025612 0.32671142 0.04769659 0.84 0.76 0.61
v 1.0025622 0.30785055 0.05799715 0.84 0.76 0.61
v 1.0145529 0.29342288 0.04769659 0.84 0.76 0.61
v 1.0145518 0.31228375 0.03739603 0.84 0.76 0.61
v 0.95384041 0.30869674 0.02542439 0.84 0.76 0.61
v 0.94732177 0.28742519 0.032592072 0.84 0.76 0.61
v 0.96583212 0.2754082 0.02542439 0.84 0.76 0.61
v 0.97235077 0.29667976 0.018256709 0.84 0.76 0.61
v 0.94200324 0.26774052 -0.005 0.84 0.76 0.61
v 0.95949182 0.28545864 -0.005 0.84 0.76 0.61
v 0.94200324 0.30317677 -0.005 0.84 0.76 0.61
v 0.92451465 0.28545864 -0.005 0.84 0.76 0.61
v 0.96583212 0.2754082 -0.03542439 0.84 0.76 0.61
v 0.97235077 0.29667976 -0.028256709 0.84 0.76 0.61
v 0.95384041 0.30869674 -0.03542439 0.84 0.76 0.61
v 0.94732177 0.28742519 -0.042592072 0.84 0.76 0.61
v 1.0145529 0.29342288 -0.05769659 0.84 0.76 0.61
v 1.0145518 0.31228375 -0.04739603 0.84 0.76 0.61
v 1.0025612 0.32671142 -0.05769659 0.84 0.76 0.61
v 1.0025622 0.30785055 -0.06799715 0.84 0.76 0.61
v 1.0811067 0.31803138 -0.06584878 0.84 0.76 0.61
v 1.0751108 0.33467565 -0.054785366 0.84 0.76 0.61
v 1.0691149 0.35131992 -0.06584878 0.84 0.76 0.61
v 1.0751108 0.33467565 -0.076912195 0.84 0.76 0.61
v 1.1476604 0.34263989 -0.05769659 0.84 0.76 0.61
v 1.1356698 0.35706756 -0.04739603 0.84 0.76 0.61
v 1.1356687 0.37592843 -0.05769659 0.84 0.76 0.61
v 1.1476594 0.36150075 -0.06799715 0.84 0.76 0.61
v 1.1963812 0.36065456 -0.03542439 0.84 0.76 0.61
v 1.1778708 0.37267155 -0.028256709 0.84 0.76 0.61
v 1.1843895 0.3939431 -0.03542439 0.84 0.76 0.61
v 1.2028998 0.38192611 -0.042592072 0.84 0.76 0.61
vt 0 0
vt 0 0
vt 0 0
vt 0 0
vt 0 0
vt 0 0
vt 0 0
vt 0 0
vt 0 0
vt 0 0
vt 0 0
vt 0 0
vt 0 0
vt 0 0
vt 0 0
vt 0 0
vt 0 0
vt 0 0
vt 0 0
vt 0 0
vt 0 0
vt 0 0
vt 0 0
vt 0 0
vt 0 0
vt 0 0
vt 0 0
vt 0 0
vt 0 0
vt 0 0
vt 0 0
vt 0 0
vt 0 0
vt 0 0
vt 0 0
vt 0 0
vt 0 0
vt 0 0
vt 0 0
vt 0 0
vt 0 0
vt 0 0
vt 0 0
vt 0 0
vt 0 0
vt 0 0
vt 0 0
vt 0 0
vn 0.39746048 0.89879626 -0.18490658
vn 0.9450059 -0.31757155 0.078180283
vn -0.32747994 -0.91220264 -0.24625845
vn -0.82532719 0.39691001 -0.40161856
vn -0.28289754 0.92605034 0.24979944
vn 0.59208208 0.14350027 0.79299841
vn 0.3624029 -0.92428675 -0.11982549
vn -0.59837997 -0.12610301 -0.79122654
vn -0.3821403 0.9148899 0.13017398
vn 0.23417908 0.067331786 0.96985906
vn 0.4135693 -0.91018866 -0.022738626
vn -0.22948152 -0.062953734 -0.97127497
vn -0.40304213 0.91392797 0.047882194
vn 3.2863307e-17 -1.6218783e-17 1
vn 0.40304213 -0.91392797 0.047882194
vn 1.8531158e-17 7.3164352e-17 -1
vn -0.4135693 0.91018866 -0.022738626
vn -0.23417908 -0.067331786 0.96985906
vn 0.3821403 -0.9148899 0.13017398
vn 0.22948152 0.062953734 -0.97127497
vn -0.20481117 0.81459331 -0.54266945
vn -0.62547486 0.080498925 0.77608062
vn -0.074969445 -0.96144244 0.26459029
vn 0.40329671 -0.14340533 -0.90376251
vn 0.41416083 -0.85526338 0.31144077
vn 0.72755995 0.43948365 0.52679279
vn -0.52772612 0.81316086 0.24550877
vn -0.87321543 -0.47714 -0.099157619
vn 0.20072051 -0.97357498 0.10891757
vn 0.51818385 0.18511055 0.83499676
vn -0.32419682 0.92998891 -0.17325431
vn -0.56737477 -0.20310494 -0.79801895
vn 0.27796524 -0.96032131 0.022766176
vn 0.21663271 0.097753874 0.97134672
vn -0.30494612 0.94341898 -0.13026315
vn -0.22308159 -0.097390822 -0.96992249
vn 0.2884165 -0.95630462 -0.047931221
vn 3.2429526e-16 -2.1949305e-16 1
vn -0.2884165 0.95630462 -0.047931221
vn -2.9576977e-16 2.7571931e-16 -1
vn 0.30494612 -0.94341898 -0.13026315
vn -0.21663271 -0.097753874 0.97134672
vn -0.27796524 0.96032131 0.022766176
vn 0.22308159 0.097390822 -0.96992249
vn 0.68008123 -0.65623855 -0.32686463
vn -0.25704287 -0.46139332 0.84914378
vn -0.50455064 0.70187736 0.50278904
vn 0.41225597 0.50051905 -0.76126585
f 3417/3417/3417 3422/3422/3422 3418/3418/3418
f 3417/3417/3417 3421/3421/3421 3422/3422/3422
f 3418/3418/3418 3423/3423/3423 3419/3419/3419
f 3418/3418/3418 3422/3422/3422 3423/3423/3423
f 3419/3419/3419 3424/3424/3424 3420/3420/3420
f 3419/3419/3419 3423/3423/3423 3424/3424/3424
f 3420/3420/3420 3421/3421/3421 3417/3417/3417
f 3420/3420/3420 3424/3424/3424 3421/3421/3421
f 3421/3421/3421 3426/3426/3426 3422/3422/3422
f 3421/3421/3421 3425/3425/3425 3426/3426/3426
f 3422/3422/3422 3427/3427/3427 3423/3423/3423
f 3422/3422/3422 3426/3426/3426 3427/3427/3427
f 3423/3423/3423 3428/3428/3428 3424/3424/3424
f 3423/3423/3423 3427/3427/3427 3428/3428/3428
f 3424/3424/3424 3425/3425/3425 3421/3421/3421
f 3424/3424/3424 3428/3428/3428 3425/3425/3425
f 3425/3425/3425 3430/3430/3430 3426/3426/3426
f 3425/3425/3425 3429/3429/3429 3430/3430/3430
f 3426/3426/3426 3431/3431/3431 3427/3427/3427
f 3426/3426/3426 3430/3430/3430 3431/3431/3431
f 3427/3427/3427 3432/3432/3432 3428/3428/3428
f 3427/3427/3427 3431/3431/3431 3432/3432/3432
f 3428/3428/3428 3429/3429/3429 3425/3425/3425
f 3428/3428/3428 3432/3432/3432 3429/3429/3429
f 3429/3429/3429 3434/3434/3434 3430/3430/3430
f 3429/3429/3429 3433/3433/3433 3434/3434/3434
f 3430/3430/3430 3435/3435/3435 3431/3431/3431
f 3430/3430/3430 3434/3434/3434 3435/3435/3435
f 3431/3431/3431 3436/3436/3436 3432/3432/3432
f 3431/3431/3431 3435/3435/3435 3436/3436/3436
f 3432/3432/3432 3433/3433/3433 3429/3429/3429
f 3432/3432/3432 3436/3436/3436 3433/3433/3433
f 3433/3433/3433 3438/3438/3438 3434/3434/3434
f 3433/3433/3433 3437/3437/3437 3438/3438/3438
f 3434/3434/3434 3439/3439/3439 3435/3435/3435
f 3434/3434/3434 3438/3438/3438 3439/3439/3439
f 3435/3435/3435 3440/3440/3440 3436/3436/3436
f 3435/3435/3435 3439/3439/3439 3440/3440/3440
f 3436/3436/3436 3437/3437/3437 3433/3433/3433
f 3436/3436/3436 3440/3440/3440 3437/3437/3437
f 3437/3437/3437 3442/3442/3442 3438/3438/3438
f 3437/3437/3437 3441/3441/3441 3442/3442/3442
f 3438/3438/3438 3443/3443/3443 3439/3439/3439
f 3438/3438/3438 3442/3442/3442 3443/3443/3443
f 3439/3439/3439 3444/3444/3444 3440/3440/3440
f 3439/3439/3439 3443/3443/3443 3444/3444/3444
f 3440/3440/3440 3441/3441/3441 3437/3437/3437
f 3440/3440/3440 3444/3444/3444 3441/3441/3441
f 3441/3441/3441 3446/3446/3446 3442/3442/3442
f 3441/3441/3441 3445/3445/3445 3446/3446/3446
f 3442/3442/3442 3447/3447/3447 3443/3443/3443
f 3442/3442/3442 3446/3446/3446 3447/3447/3447
f 3443/3443/3443 3448/3448/3448 3444/3444/3444
f 3443/3443/3443 3447/3447/3447 3448/3448/3448
f 3444/3444/3444 3445/3445/3445 3441/3441/3441
f 3444/3444/3444 3448/3448/3448 3445/3445/3445
f 3445/3445/3445 3450/3450/3450 3446/3446/3446
f 3445/3445/3445 3449/3449/3449 3450/3450/3450
f 3446/3446/3446 3451/3451/3451 3447/3447/3447
f 3446/3446/3446 3450/3450/3450 3451/3451/3451
f 3447/3447/3447 3452/3452/3452 3448/3448/3448
f 3447/3447/3447 3451/3451/3451 3452/3452/3452
f 3448/3448/3448 3449/3449/3449 3445/3445/3445
f 3448/3448/3448 3452/3452/3452 3449/3449/3449
f 3449/3449/3449 3454/3454/3454 3450/3450/3450
f 3449/3449/3449 3453/3453/3453 3454/3454/3454
f 3450/3450/3450 3455/3455/3455 3451/3451/3451
f 3450/3450/3450 3454/3454/3454 3455/3455/3455
f 3451/3451/3451 3456/3456/3456 3452/3452/3452
f 3451/3451/3451 3455/3455/3455 3456/3456/3456
f 3452/3452/3452 3453/3453/3453 3449/3449/3449
f 3452/3452/3452 3456/3456/3456 3453/3453/3453
f 3453/3453/3453 3458/3458/3458 3454/3454/3454
f 3453/3453/3453 3457/3457/3457 3458/3458/3458
f 3454/3454/3454 3459/3459/3459 3455/3455/3455
f 3454/3454/3454 3458/3458/3458 3459/3459/3459
f 3455/3455/3455 3460/3460/3460 3456/3456/3456
f 3455/3455/3455 3459/3459/3459 3460/3460/3460
f 3456/3456/3456 3457/3457/3457 3453/3453/3453
f 3456/3456/3456 3460/3460/3460 3457/3457/3457
f 3457/3457/3457 3462/3462/3462 3458/3458/3458
f 3457/3457/3457 3461/3461/3461 3462/3462/3462
f 3458/3458/3458 3463/3463/3463 3459/3459/3459
f 3458/3458/3458 3462/3462/3462 3463/3463/3463
f 3459/3459/3459 3464/3464/3464 3460/3460/3460
f 3459/3459/3459 3463/3463/3463 3464/3464/3464
f 3460/3460/3460 3461/3461/3461 3457/3457/3457
f 3460/3460/3460 3464/3464/3464 3461/3461/3461
f 3461/3461/3461 3418/3418/3418 3462/3462/3462
f 3461/3461/3461 3417/3417/3417 3418/3418/3418
f 3462/3462/3462 3419/3419/3419 3463/3463/3463
f 3462/3462/3462 3418/3418/3418 3419/3419/3419
f 3463/3463/3463 3420/3420/3420 3464/3464/3464
f 3463/3463/3463 3419/3419/3419 3420/3420/3420
f 3464/3464/3464 3417/3417/3417 3461/3461/3461
f 3464/3464/3464 3420/3420/3420 3417/3417/3417
usemtl rope
v 1.2140479 0.30317677 -0.005 0.84 0.76 0.61
v 1.2315365 0.28545864 -0.005 0.84 0.76 0.61
v 1.2140479 0.26774052 -0.005 0.84 0.76 0.61
v 1.1965593 0.28545864 -0.005 0.84 0.76 0.61
v 1.2012061 0.30877769 0.027268293 0.84 0.76 0.61
v 1.2081183 0.28755914 0.03434912 0.84 0.76 0.61
v 1.1896616 0.27532725 0.027268293 0.84 0.76 0.61
v 1.1827494 0.29654581 0.020187465 0.84 0.76 0.61
v 1.1503516 0.32679237 0.050890322 0.84 0.76 0.61
v 1.1507127 0.30789446 0.061161835 0.84 0.76 0.61
v 1.1388071 0.29334193 0.050890322 0.84 0.76 0.61
v 1.138446 0.31223984 0.040618809 0.84 0.76 0.61
v 1.080883 0.35140087 0.059536585 0.84 0.76 0.61
v 1.0751108 0.33467565 0.0706 0.84 0.76 0.61
v 1.0693386 0.31795043 0.059536585 0.84 0.76 0.61
v 1.0751108 0.33467565 0.048473171 0.84 0.76 0.61
v 1.0114145 0.37600938 0.050890322 0.84 0.76 0.61
v 0.99950886 0.36145685 0.061161835 0.84 0.76 0.61
v 0.99987004 0.34255894 0.050890322 0.84 0.76 0.61
v 1.0117757 0.35711147 0.040618809 0.84 0.76 0.61
v 0.96055997 0.39402405 0.027268293 0.84 0.76 0.61
v 0.9421033 0.38179217 0.03434912 0.84 0.76 0.61
v 0.94901553 0.36057361 0.027268293 0.84 0.76 0.61
v 0.9674722 0.3728055 0.020187465 0.84 0.76 0.61
v 0.93617371 0.36617454 -0.005 0.84 0.76 0.61
v 0.95366229 0.38389266 -0.005 0.84 0.76 0.61
v 0.93617371 0.40161078 -0.005 0.84 0.76 0.61
v 0.91868512 0.38389266 -0.005 0.84 0.76 0.61
v 0.94901553 0.36057361 -0.037268293 0.84 0.76 0.61
v 0.9674722 0.3728055 -0.030187465 0.84 0.76 0.61
v 0.96055997 0.39402405 -0.037268293 0.84 0.76 0.61
v 0.9421033 0.38179217 -0.04434912 0.84 0.76 0.61
v 0.99987004 0.34255894 -0.060890322 0.84 0.76 0.61
v 1.0117757 0.35711147 -0.050618809 0.84 0.76 0.61
v 1.0114145 0.37600938 -0.060890322 0.84 0.76 0.61
v 0.99950886 0.36145685 -0.071161835 0.84 0.76 0.61
v 1.0693386 0.31795043 -0.069536585 0.84 0.76 0.61
v 1.0751108 0.33467565 -0.058473171 0.84 0.76 0.61
v 1.080883 0.35140087 -0.069536585 0.84 0.76 0.61
v 1.0751108 0.33467565 -0.0806 0.84 0.76 0.61
v 1.1388071 0.29334193 -0.060890322 0.84 0.76 0.61
v 1.138446 0.31223984 -0.050618809 0.84 0.76 0.61
v 1.1503516 0.32679237 -0.060890322 0.84 0.76 0.61
v 1.1507127 0.30789446 -0.071161835 0.84 0.76 0.61
v 1.1896616 0.27532725 -0.037268293 0.84 0.76 0.61
v 1.1827494 0.29654581 -0.030187465 0.84 0.76 0.61
v 1.2012061 0.30877769 -0.037268293 0.84 0.76 0.61
v 1.2081183 0.28755914 -0.04434912 0.84 0.76 0.61
vt 0 0
vt 0 0
vt 0 0
vt 0 0
vt 0 0
vt 0 0
vt 0 0
vt 0 0
vt 0 0
vt 0 0
vt 0 0
vt 0 0
vt 0 0
vt 0 0
vt 0 0
vt 0 0
vt 0 0
vt 0 0
vt 0 0
vt 0 0
vt 0 0
vt 0 0
vt 0 0
vt 0 0
vt 0 0
vt 0 0
vt 0 0
vt 0 0
vt 0 0
vt 0 0
vt 0 0
vt 0 0
vt 0 0
vt 0 0
vt 0 0
vt 0 0
vt 0 0
vt 0 0
vt 0 0
vt 0 0
vt 0 0
vt 0 0
vt 0 0
vt 0 0
vt 0 0
vt 0 0
vt 0 0
vt 0 0
vn 0.5252331 0.81831341 -0.2334381
vn 0.87394411 -0.47524949 0.10178217
vn -0.42091975 -0.85872615 -0.2922601
vn -0.73822287 0.44313063 -0.50858848
vn 0.30810603 0.93593939 0.17055246
vn 0.57676805 -0.19653973 0.79291282
vn -0.19188379 -0.97533173 -0.10912665
vn -0.53218023 0.1806393 -0.82713581
vn 0.29079397 0.94814022 0.12833154
vn 0.22894558 -0.095331018 0.96875999
vn -0.26401162 -0.96421446 -0.024255638
vn -0.2228976 0.095737205 -0.9701294
vn 0.27403705 0.96057071 0.046985105
vn 1.1481497e-16 1.5631387e-17 1
vn -0.27403705 -0.96057071 0.046985105
vn -1.4253941e-16 -1.7586602e-17 -1
vn 0.26401162 0.96421446 -0.024255638
vn -0.22894558 0.095331018 0.96875999
vn -0.29079397 -0.94814022 0.12833154
vn 0.2228976 -0.095737205 -0.9701294
vn 0.50316145 0.70667998 -0.49742534
vn -0.42120942 0.49879617 0.75748598
vn -0.67160878 -0.66579667 0.32504838
vn 0.27162073 -0.46237246 -0.84405799
vn 0.33450676 -0.91332379 0.23226037
vn 0.83004077 0.39702419 0.39166837
vn -0.39993205 0.89914395 0.17774847
vn -0.94247988 -0.32434643 -0.080815073
vn -0.35030205 -0.92887755 0.120312
vn 0.6065546 -0.1244794 0.78523652
vn 0.27428227 0.93049788 -0.24278164
vn -0.6002398 0.14007388 -0.78745888
vn -0.40174182 -0.91543245 0.024226943
vn 0.23475633 -0.062209934 0.97006154
vn 0.37086911 0.91978782 -0.1282438
vn -0.23923175 0.066247659 -0.96869986
vn -0.39168002 -0.91890349 -0.046937627
vn 2.1380911e-16 -4.3966506e-16 1
vn 0.39168002 0.91890349 -0.046937627
vn -1.9795685e-16 3.7515328e-16 -1
vn -0.37086911 -0.91978782 -0.1282438
vn -0.23475633 0.062209934 0.97006154
vn 0.40174182 0.91543245 0.024226943
vn 0.23923175 -0.066247659 -0.96869986
vn 0.086033017 -0.95974266 -0.26738051
vn -0.41472002 -0.14870358 0.8977163
vn 0.17882574 0.8247422 0.53649013
vn 0.62730791 0.091469185 -0.773381
f 3465/3465/3465 3470/3470/3470 3466/3466/3466
f 3465/3465/3465 3469/3469/3469 3470/3470/3470
f 3466/3466/3466 3471/3471/3471 3467/3467/3467
f 3466/3466/3466 3470/3470/3470 3471/3471/3471
f 3467/3467/3467 3472/3472/3472 3468/3468/3468
f 3467/3467/3467 3471/3471/3471 3472/3472/3472
f 3468/3468/3468 3469/3469/3469 3465/3465/3465
f 3468/3468/3468 3472/3472/3472 3469/3469/3469
f 3469/3469/3469 3474/3474/3474 3470/3470/3470
f 3469/3469/3469 3473/3473/3473 3474/3474/3474
f 3470/3470/3470 3475/3475/3475 3471/3471/3471
f 3470/3470/3470 3474/3474/3474 3475/3475/3475
f 3471/3471/3471 3476/3476/3476 3472/3472/3472
f 3471/3471/3471 3475/3475/3475 3476/3476/3476
f 3472/3472/3472 3473/3473/3473 3469/3469/3469
f 3472/3472/3472 3476/3476/3476 3473/3473/3473
f 3473/3473/3473 3478/3478/3478 3474/3474/3474
f 3473/3473/3473 3477/3477/3477 3478/3478/3478
f 3474/3474/3474 3479/3479/3479 3475/3475/3475
f 3474/3474/3474 3478/3478/3478 3479/3479/3479
f 3475/3475/3475 3480/3480/3480 3476/3476/3476
f 3475/3475/3475 3479/3479/3479 3480/3480/3480
f 3476/3476/3476 3477/3477/3477 3473/3473/3473
f 3476/3476/3476 3480/3480/3480 3477/3477/3477
f 3477/3477/3477 3482/3482/3482 3478/3478/3478
f 3477/3477/3477 3481/3481/3481 3482/3482/3482
f 3478/3478/3478 3483/3483/3483 3479/3479/3479
f 3478/3478/3478 3482/3482/3482 3483/3483/3483
f 3479/3479/3479 3484/3484/3484 3480/3480/3480
f 3479/3479/3479 3483/3483/3483 3484/3484/3484
f 3480/3480/3480 3481/3481/3481 3477/3477/3477
f 3480/3480/3480 3484/3484/3484 3481/3481/3481
f 3481/3481/3481 3486/3486/3486 3482/3482/3482
f 3481/3481/3481 3485/3485/3485 3486/3486/3486
f 3482/3482/3482 3487/3487/3487 3483/3483/3483
f 3482/3482/3482 3486/3486/3486 3487/3487/3487
f 3483/3483/3483 3488/3488/3488 3484/3484/3484
f 3483/3483/3483 3487/3487/3487 3488/3488/3488
f 3484/3484/3484 3485/3485/3485 3481/3481/3481
f 3484/3484/3484 3488/3488/3488 3485/3485/3485
f 3485/3485/3485 3490/3490/3490 3486/3486/3486
f 3485/3485/3485 3489/3489/3489 3490/3490/3490
f 3486/3486/3486 3491/3491/3491 3487/3487/3487
f 3486/3486/3486 3490/3490/3490 3491/3491/3491
f 3487/3487/3487 3492/3492/3492 3488/3488/3488
f 3487/3487/3487 3491/3491/3491 3492/3492/3492
f 3488/3488/3488 3489/3489/3489 3485/3485/3485
f 3488/3488/3488 3492/3492/3492 3489/3489/3489
f 3489/3489/3489 3494/3494/3494 3490/3490/3490
f 3489/3489/3489 3493/3493/3493 3494/3494/3494
f 3490/3490/3490 3495/3495/3495 3491/3491/3491
f 3490/3490/3490 3494/3494/3494 3495/3495/3495
f 3491/3491/3491 3496/3496/3496 3492/3492/3492
f 3491/3491/3491 3495/3495/3495 3496/3496/3496
f 3492/3492/3492 3493/3493/3493 3489/3489/3489
f 3492/3492/3492 3496/3496/3496 3493/3493/3493
f 3493/3493/3493 3498/3498/3498 3494/3494/3494
f 3493/3493/3493 3497/3497/3497 3498/3498/3498
f 3494/3494/3494 3499/3499/3499 3495/3495/3495
f 3494/3494/3494 3498/3498/3498 3499/3499/3499
f 3495/3495/3495 3500/3500/3500 3496/3496/3496
f 3495/3495/3495 3499/3499/3499 3500/3500/3500
f 3496/3496/3496 3497/3497/3497 3493/3493/3493
f 3496/3496/3496 3500/3500/3500 3497/3497/3497
f 3497/3497/3497 3502/3502/3502 3498/3498/3498
f 3497/3497/3497 3501/3501/3501 3502/3502/3502
f 3498/3498/3498 3503/3503/3503 3499/3499/3499
f 3498/3498/3498 3502/3502/3502 3503/3503/3503
f 3499/3499/3499 3504/3504/3504 3500/3500/3500
f 3499/3499/3499 3503/3503/3503 3504/3504/3504
f 3500/3500/3500 3501/3501/3501 3497/3497/3497
f 3500/3500/3500 3504/3504/3504 3501/3501/3501
f 3501/3501/3501 3506/3506/3506 3502/3502/3502
f 3501/3501/3501 3505/3505/3505 3506/3506/3506
f 3502/3502/3502 3507/3507/3507 3503/3503/3503
f 3502/3502/3502 3506/3506/3506 3507/3507/3507
f 3503/3503/3503 3508/3508/3508 3504/3504/3504
f 3503/3503/3503 3507/3507/3507 3508/3508/3508
f 3504/3504/3504 3505/3505/3505 3501/3501/3501
f 3504/3504/3504 3508/3508/3508 3505/3505/3505
f 3505/3505/3505 3510/3510/3510 3506/3506/3506
f 3505/3505/3505 3509/3509/3509 3510/3510/3510
f 3506/3506/3506 3511/3511/3511 3507/3507/3507
f 3506/3506/3506 3510/3510/3510 3511/3511/3511
f 3507/3507/3507 3512/3512/3512 3508/3508/3508
f 3507/3507/3507 3511/3511/3511 3512/3512/3512
f 3508/3508/3508 3509/3509/3509 3505/3505/3505
f 3508/3508/3508 3512/3512/3512 3509/3509/3509
f 3509/3509/3509 3466/3466/3466 3510/3510/3510
f 3509/3509/3509 3465/3465/3465 3466/3466/3466
f 3510/3510/3510 3467/3467/3467 3511/3511/3511
f 3510/3510/3510 3466/3466/3466 3467/3467/3467
f 3511/3511/3511 3468/3468/3468 3512/3512/3512
f 3511/3511/3511 3467/3467/3467 3468/3468/3468
f 3512/3512/3512 3465/3465/3465 3509/3509/3509
f 3512/3512/3512 3468/3468/3468 3465/3465/3465
usemtl rope
v 1.2082184 0.95284127 -0.005 0.84 0.76 0.61
v 1.225707 0.93512315 -0.005 0.84 0.76 0.61
v 1.2082184 0.91740502 -0.005 0.84 0.76 0.61
v 1.1907298 0.93512315 -0.005 0.84 0.76 0.61
v 1.1843895 0.94517359 0.02542439 0.84 0.76 0.61
v 1.2028998 0.9331566 0.032592072 0.84 0.76 0.61
v 1.1963812 0.91188505 0.02542439 0.84 0.76 0.61
v 1.1778708 0.92390204 0.018256709 0.84 0.76 0.61
v 1.1356687 0.92715891 0.04769659 0.84 0.76 0.61
v 1.1476594 0.91273124 0.05799715 0.84 0.76 0.61
v 1.1476604 0.89387037 0.04769659 0.84 0.76 0.61
v 1.1356698 0.90829804 0.03739603 0.84 0.76 0.61
v 1.0691149 0.90255041 0.05584878 0.84 0.76 0.61
v 1.0751108 0.88590614 0.066912195 0.84 0.76 0.61
v 1.0811067 0.86926187 0.05584878 0.84 0.76 0.61
v 1.0751108 0.88590614 0.044785366 0.84 0.76 0.61
v 1.0025612 0.8779419 0.04769659 0.84 0.76 0.61
v 1.0025622 0.85908104 0.05799715 0.84 0.76 0.61
v 1.0145529 0.84465337 0.04769659 0.84 0.76 0.61
v 1.0145518 0.86351423 0.03739603 0.84 0.76 0.61
v 0.95384041 0.85992723 0.02542439 0.84 0.76 0.61
v 0.94732177 0.83865568 0.032592072 0.84 0.76 0.61
v 0.96583212 0.82663869 0.02542439 0.84 0.76 0.61
v 0.97235077 0.84791024 0.018256709 0.84 0.76 0.61
v 0.94200324 0.81897101 -0.005 0.84 0.76 0.61
v 0.95949182 0.83668913 -0.005 0.84 0.76 0.61
v 0.94200324 0.85440725 -0.005 0.84 0.76 0.61
v 0.92451465 0.83668913 -0.005 0.84 0.76 0.61
v 0.96583212 0.82663869 -0.03542439 0.84 0.76 0.61
v 0.97235077 0.84791024 -0.028256709 0.84 0.76 0.61
v 0.95384041 0.85992723 -0.03542439 0.84 0.76 0.61
v 0.94732177 0.83865568 -0.042592072 0.84 0.76 0.61
v 1.0145529 0.84465337 -0.05769659 0.84 0.76 0.61
v 1.0145518 0.86351423 -0.04739603 0.84 0.76 0.61
v 1.0025612 0.8779419 -0.05769659 0.84 0.76 0.61
v 1.0025622 0.85908104 -0.06799715 0.84 0.76 0.61
v 1.0811067 0.86926187 -0.06584878 0.84 0.76 0.61
v 1.0751108 0.88590614 -0.054785366 0.84 0.76 0.61
v 1.0691149 0.90255041 -0.06584878 0.84 0.76 0.61
v 1.0751108 0.88590614 -0.076912195 0.84 0.76 0.61
v 1.1476604 0.89387037 -0.05769659 0.84 0.76 0.61
v 1.1356698 0.90829804 -0.04739603 0.84 0.76 0.61
v 1.1356687 0.92715891 -0.05769659 0.84 0.76 0.61
v 1.1476594 0.91273124 -0.06799715 0.84 0.76 0.61
v 1.1963812 0.91188505 -0.03542439 0.84 0.76 0.61
v 1.1778708 0.92390204 -0.028256709 0.84 0.76 0.61
v 1.1843895 0.94517359 -0.03542439 0.84 0.76 0.61
v 1.2028998 0.9331566 -0.042592072 0.84 0.76 0.61
vt 0 0
vt 0 0
vt 0 0
vt 0 0
vt 0 0
vt 0 0
vt 0 0
vt 0 0
vt 0 0
vt 0 0
vt 0 0
vt 0 0
vt 0 0
vt 0 0
vt 0 0
vt 0 0
vt 0 0
vt 0 0
vt 0 0
vt 0 0
vt 0 0
vt 0 0
vt 0 0
vt 0 0
vt 0 0
vt 0 0
vt 0 0
vt 0 0
vt 0 0
vt 0 0
vt 0 0
vt 0 0
vt 0 0
vt 0 0
vt 0 0
vt 0 0
vt 0 0
vt 0 0
vt 0 0
vt 0 0
vt 0 0
vt 0 0
vt 0 0
vt 0 0
vt 0 0
vt 0 0
vt 0 0
vt 0 0
vn 0.39746048 0.89879626 -0.18490658
vn 0.9450059 -0.31757155 0.078180283
vn -0.32747994 -0.91220264 -0.24625845
vn -0.82532719 0.39691001 -0.40161856
vn -0.28289754 0.92605034 0.24979944
vn 0.59208208 0.14350027 0.79299841
vn 0.3624029 -0.92428675 -0.11982549
vn -0.59837997 -0.12610301 -0.79122654
vn -0.3821403 0.9148899 0.13017398
vn 0.23417908 0.067331786 0.96985906
vn 0.4135693 -0.91018866 -0.022738626
vn -0.22948152 -0.062953734 -0.97127497
vn -0.40304213 0.91392797 0.047882194
vn 1.0680575e-16 -1.6218783e-17 1
vn 0.40304213 -0.91392797 0.047882194
vn -5.5593473e-17 7.3164352e-17 -1
vn -0.4135693 0.91018866 -0.022738626
vn -0.23417908 -0.067331786 0.96985906
vn 0.3821403 -0.9148899 0.13017398
vn 0.22948152 0.062953734 -0.97127497
vn -0.20481117 0.81459331 -0.54266945
vn -0.62547486 0.080498925 0.77608062
vn -0.074969445 -0.96144244 0.26459029
vn 0.40329671 -0.14340533 -0.90376251
vn 0.41416083 -0.85526338 0.31144077
vn 0.72755995 0.43948365 0.52679279
vn -0.52772612 0.81316086 0.24550877
vn -0.87321543 -0.47714 -0.099157619
vn 0.20072051 -0.97357498 0.10891757
vn 0.51818385 0.18511055 0.83499676
vn -0.32419682 0.92998891 -0.17325431
vn -0.56737477 -0.20310494 -0.79801895
vn 0.27796524 -0.96032131 0.022766176
vn 0.21663271 0.097753874 0.97134672
vn -0.30494612 0.94341898 -0.13026315
vn -0.22308159 -0.097390822 -0.96992249
vn 0.2884165 -0.95630462 -0.047931221
vn 2.4090505e-16 -2.1949305e-16 1
vn -0.2884165 0.95630462 -0.047931221
vn -2.2182732e-16 2.7571931e-16 -1
vn 0.30494612 -0.94341898 -0.13026315
vn -0.21663271 -0.097753874 0.97134672
vn -0.27796524 0.96032131 0.022766176
vn 0.22308159 0.097390822 -0.96992249
vn 0.68008123 -0.65623855 -0.32686463
vn -0.25704287 -0.46139332 0.84914378
vn -0.50455064 0.70187736 0.50278904
vn 0.41225597 0.50051905 -0.76126585
f 3513/3513/3513 3518/3518/3518 3514/3514/3514
f 3513/3513/3513 3517/3517/3517 3518/3518/3518
f 3514/3514/3514 3519/3519/3519 3515/3515/3515
f 3514/3514/3514 3518/3518/3518 3519/3519/3519
f 3515/3515/3515 3520/3520/3520 3516/3516/3516
f 3515/3515/3515 3519/3519/3519 3520/3520/3520
f 3516/3516/3516 3517/3517/3517 3513/3513/3513
f 3516/3516/3516 3520/3520/3520 3517/3517/3517
f 3517/3517/3517 3522/3522/3522 3518/3518/3518
f 3517/3517/3517 3521/3521/3521 3522/3522/3522
f 3518/3518/3518 3523/3523/3523 3519/3519/3519
f 3518/3518/3518 3522/3522/3522 3523/3523/3523
f 3519/3519/3519 3524/3524/3524 3520/3520/3520
f 3519/3519/3519 3523/3523/3523 3524/3524/3524
f 3520/3520/3520 3521/3521/3521 3517/3517/3517
f 3520/3520/3520 3524/3524/3524 3521/3521/3521
f 3521/3521/3521 3526/3526/3526 3522/3522/3522
f 3521/3521/3521 3525/3525/3525 3526/3526/3526
f 3522/3522/3522 3527/3527/3527 3523/3523/3523
f 3522/3522/3522 3526/3526/3526 3527/3527/3527
f 3523/3523/3523 3528/3528/3528 3524/3524/3524
f 3523/3523/3523 3527/3527/3527 3528/3528/3528
f 3524/3524/3524 3525/3525/3525 3521/3521/3521
f 3524/3524/3524 3528/3528/3528 3525/3525/3525
f 3525/3525/3525 3530/3530/3530 3526/3526/3526
f 3525/3525/3525 3529/3529/3529 3530/3530/3530
f 3526/3526/3526 3531/3531/3531 3527/3527/3527
f 3526/3526/3526 3530/3530/3530 3531/3531/3531
f 3527/3527/3527 3532/3532/3532 3528/3528/3528
f 3527/3527/3527 3531/3531/3531 3532/3532/3532
f 3528/3528/3528 3529/3529/3529 3525/3525/3525
f 3528/3528/3528 3532/3532/3532 3529/3529/3529
f 3529/3529/3529 3534/3534/3534 3530/3530/3530
f 3529/3529/3529 3533/3533/3533 3534/3534/3534
f 3530/3530/3530 3535/3535/3535 3531/3531/3531
f 3530/3530/3530 3534/3534/3534 3535/3535/3535
f 3531/3531/3531 3536/3536/3536 3532/3532/3532
f 3531/3531/3531 3535/3535/3535 3536/3536/3536
f 3532/3532/3532 3533/3533/3533 3529/3529/3529
f 3532/3532/3532 3536/3536/3536 3533/3533/3533
f 3533/3533/3533 3538/3538/3538 3534/3534/3534
f 3533/3533/3533 3537/3537/3537 3538/3538/3538
f 3534/3534/3534 3539/3539/3539 3535/3535/3535
f 3534/3534/3534 3538/3538/3538 3539/3539/3539
f 3535/3535/3535 3540/3540/3540 3536/3536/3536
f 3535/3535/3535 3539/3539/3539 3540/3540/3540
f 3536/3536/3536 3537/3537/3537 3533/3533/3533
f 3536/3536/3536 3540/3540/3540 3537/3537/3537
f 3537/3537/3537 3542/3542/3542 3538/3538/3538
f 3537/3537/3537 3541/3541/3541 3542/3542/3542
f 3538/3538/3538 3543/3543/3543 3539/3539/3539
f 3538/3538/3538 3542/3542/3542 3543/3543/3543
f 3539/3539/3539 3544/3544/3544 3540/3540/3540
f 3539/3539/3539 3543/3543/3543 3544/3544/3544
f 3540/3540/3540 3541/3541/3541 3537/3537/3537
f 3540/3540/3540 3544/3544/3544 3541/3541/3541
f 3541/3541/3541 3546/3546/3546 3542/3542/3542
f 3541/3541/3541 3545/3545/3545 3546/3546/3546
f 3542/3542/3542 3547/3547/3547 3543/3543/3543
f 3542/3542/3542 3546/3546/3546 3547/3547/3547
f 3543/3543/3543 3548/3548/3548 3544/3544/3544
f 3543/3543/3543 3547/3547/3547 3548/3548/3548
f 3544/3544/3544 3545/3545/3545 3541/3541/3541
f 3544/3544/3544 3548/3548/3548 3545/3545/3545
f 3545/3545/3545 3550/3550/3550 3546/3546/3546
f 3545/3545/3545 3549/3549/3549 3550/3550/3550
f 3546/3546/3546 3551/3551/3551 3547/3547/3547
f 3546/3546/3546 3550/3550/3550 3551/3551/3551
f 3547/3547/3547 3552/3552/3552 3548/3548/3548
f 3547/3547/3547 3551/3551/3551 3552/3552/3552
f 3548/3548/3548 3549/3549/3549 3545/3545/3545
f 3548/3548/3548 3552/3552/3552 3549/3549/3549
f 3549/3549/3549 3554/3554/3554 3550/3550/3550
f 3549/3549/3549 3553/3553/3553 3554/3554/3554
f 3550/3550/3550 3555/3555/3555 3551/3551/3551
f 3550/3550/3550 3554/3554/3554 3555/3555/3555
f 3551/3551/3551 3556/3556/3556 3552/3552/3552
f 3551/3551/3551 3555/3555/3555 3556/3556/3556
f 3552/3552/3552 3553/3553/3553 3549/3549/3549
f 3552/3552/3552 3556/3556/3556 3553/3553/3553
f 3553/3553/3553 3558/3558/3558 3554/3554/3554
f 3553/3553/3553 3557/3557/3557 3558/3558/3558
f 3554/3554/3554 3559/3559/3559 3555/3555/3555
f 3554/3554/3554 3558/3558/3558 3559/3559/3559
f 3555/3555/3555 3560/3560/3560 3556/3556/3556
f 3555/3555/3555 3559/3559/3559 3560/3560/3560
f 3556/3556/3556 3557/3557/3557 3553/3553/3553
f 3556/3556/3556 3560/3560/3560 3557/3557/3557
f 3557/3557/3557 3514/3514/3514 3558/3558/3558
f 3557/3557/3557 3513/3513/3513 3514/3514/3514
f 3558/3558/3558 3515/3515/3515 3559/3559/3559
f 3558/3558/3558 3514/3514/3514 3515/3515/3515
f 3559/3559/3559 3516/3516/3516 3560/3560/3560
f 3559/3559/3559 3515/3515/3515 3516/3516/3516
f 3560/3560/3560 3513/3513/3513 3557/3557/3557
f 3560/3560/3560 3516/3516/3516 3513/3513/3513
usemtl rope
v 1.2140479 0.85440725 -0.005 0.84 0.76 0.61
v 1.2315365 0.83668913 -0.005 0.84 0.76 0.61
v 1.2140479 0.81897101 -0.005 0.84 0.76 0.61
v 1.1965593 0.83668913 -0.005 0.84 0.76 0.61
v 1.2012061 0.86000818 0.027268293 0.84 0.76 0.61
v 1.2081183 0.83878963 0.03434912 0.84 0.76 0.61
v 1.1896616 0.82655774 0.027268293 0.84 0.76 0.61
v 1.1827494 0.84777629 0.020187465 0.84 0.76 0.61
v 1.1503516 0.87802286 0.050890322 0.84 0.76 0.61
v 1.1507127 0.85912494 0.061161835 0.84 0.76 0.61
v 1.1388071 0.84457241 0.050890322 0.84 0.76 0.61
v 1.138446 0.86347033 0.040618809 0.84 0.76 0.61
v 1.080883 0.90263136 0.059536585 0.84 0.76 0.61
v 1.0751108 0.88590614 0.0706 0.84 0.76 0.61
v 1.0693386 0.86918092 0.059536585 0.84 0.76 0.61
v 1.0751108 0.88590614 0.048473171 0.84 0.76 0.61
v 1.0114145 0.92723986 0.050890322 0.84 0.76 0.61
v 0.99950886 0.91268733 0.061161835 0.84 0.76 0.61
v 0.99987004 0.89378942 0.050890322 0.84 0.76 0.61
v 1.0117757 0.90834195 0.040618809 0.84 0.76 0.61
v 0.96055997 0.94525454 0.027268293 0.84 0.76 0.61
v 0.9421033 0.93302265 0.03434912 0.84 0.76 0.61
v 0.94901553 0.9118041 0.027268293 0.84 0.76 0.61
v 0.9674722 0.92403598 0.020187465 0.84 0.76 0.61
v 0.93617371 0.91740502 -0.005 0.84 0.76 0.61
v 0.95366229 0.93512315 -0.005 0.84 0.76 0.61
v 0.93617371 0.95284127 -0.005 0.84 0.76 0.61
v 0.91868512 0.93512315 -0.005 0.84 0.76 0.61
v 0.94901553 0.9118041 -0.037268293 0.84 0.76 0.61
v 0.9674722 0.92403598 -0.030187465 0.84 0.76 0.61
v 0.96055997 0.94525454 -0.037268293 0.84 0.76 0.61
v 0.9421033 0.93302265 -0.04434912 0.84 0.76 0.61
v 0.99987004 0.89378942 -0.060890322 0.84 0.76 0.61
v 1.0117757 0.90834195 -0.050618809 0.84 0.76 0.61
v 1.0114145 0.92723986 -0.060890322 0.84 0.76 0.61
v 0.99950886 0.91268733 -0.071161835 0.84 0.76 0.61
v 1.0693386 0.86918092 -0.069536585 0.84 0.76 0.61
v 1.0751108 0.88590614 -0.058473171 0.84 0.76 0.61
v 1.080883 0.90263136 -0.069536585 0.84 0.76 0.61
v 1.0751108 0.88590614 -0.0806 0.84 0.76 0.61
v 1.1388071 0.84457241 -0.060890322 0.84 0.76 0.61
v 1.138446 0.86347033 -0.050618809 0.84 0.76 0.61
v 1.1503516 0.87802286 -0.060890322 0.84 0.76 0.61
v 1.1507127 0.85912494 -0.071161835 0.84 0.76 0.61
v 1.1896616 0.82655774 -0.037268293 0.84 0.76 0.61
v 1.1827494 0.84777629 -0.030187465 0.84 0.76 0.61
v 1.2012061 0.86000818 -0.037268293 0.84 0.76 0.61
v 1.2081183 0.83878963 -0.04434912 0.84 0.76 0.61
vt 0 0
vt 0 0
vt 0 0
vt 0 0
vt 0 0
vt 0 0
vt 0 0
vt 0 0
vt 0 0
vt 0 0
vt 0 0
vt 0 0
vt 0 0
vt 0 0
vt 0 0
vt 0 0
vt 0 0
vt 0 0
vt 0 0
vt 0 0
vt 0 0
vt 0 0
vt 0 0
vt 0 0
vt 0 0
vt 0 0
vt 0 0
vt 0 0
vt 0 0
vt 0 0
vt 0 0
vt 0 0
vt 0 0
vt 0 0
vt 0 0
vt 0 0
vt 0 0
vt 0 0
vt 0 0
vt 0 0
vt 0 0
vt 0 0
vt 0 0
vt 0 0
vt 0 0
vt 0 0
vt 0 0
vt 0 0
vn 0.5252331 0.81831341 -0.2334381
vn 0.87394411 -0.47524949 0.10178217
vn -0.42091975 -0.85872615 -0.2922601
vn -0.73822287 0.44313063 -0.50858848
vn 0.30810603 0.93593939 0.17055246
vn 0.57676805 -0.19653973 0.79291282
vn -0.19188379 -0.97533173 -0.10912665
vn -0.53218023 0.1806393 -0.82713581
vn 0.29079397 0.94814022 0.12833154
vn 0.22894558 -0.095331018 0.96875999
vn -0.26401162 -0.96421446 -0.024255638
vn -0.2228976 0.095737205 -0.9701294
vn 0.27403705 0.96057071 0.046985105
vn 5.9387055e-17 1.5631387e-17 1
vn -0.27403705 -0.96057071 0.046985105
vn -3.5634852e-17 -1.7586602e-17 -1
vn 0.26401162 0.96421446 -0.024255638
vn -0.22894558 0.095331018 0.96875999
vn -0.29079397 -0.94814022 0.12833154
vn 0.2228976 -0.095737205 -0.9701294
vn 0.50316145 0.70667998 -0.49742534
vn -0.42120942 0.49879617 0.75748598
vn -0.67160878 -0.66579667 0.32504838
vn 0.27162073 -0.46237246 -0.84405799
vn 0.33450676 -0.91332379 0.23226037
vn 0.83004077 0.39702419 0.39166837
vn -0.39993205 0.89914395 0.17774847
vn -0.94247988 -0.32434643 -0.080815073
vn -0.35030205 -0.92887755 0.120312
vn 0.6065546 -0.1244794 0.78523652
vn 0.27428227 0.93049788 -0.24278164
vn -0.6002398 0.14007388 -0.78745888
vn -0.40174182 -0.91543245 0.024226943
vn 0.23475633 -0.062209934 0.97006154
vn 0.37086911 0.91978782 -0.1282438
vn -0.23923175 0.066247659 -0.96869986
vn -0.39168002 -0.91890349 -0.046937627
vn 2.761701e-16 -4.2207846e-16 1
vn 0.39168002 0.91890349 -0.046937627
vn -2.4546649e-16 3.9078466e-16 -1
vn -0.37086911 -0.91978782 -0.1282438
vn -0.23475633 0.062209934 0.97006154
vn 0.40174182 0.91543245 0.024226943
vn 0.23923175 -0.066247659 -0.96869986
vn 0.086033017 -0.95974266 -0.26738051
vn -0.41472002 -0.14870358 0.8977163
vn 0.17882574 0.8247422 0.53649013
vn 0.62730791 0.091469185 -0.773381
f 3561/3561/3561 3566/3566/3566 3562/3562/3562
f 3561/3561/3561 3565/3565/3565 3566/3566/3566
f 3562/3562/3562 3567/3567/3567 3563/3563/3563
f 3562/3562/3562 3566/3566/3566 3567/3567/3567
f 3563/3563/3563 3568/3568/3568 3564/3564/3564
f 3563/3563/3563 3567/3567/3567 3568/3568/3568
f 3564/3564/3564 3565/3565/3565 3561/3561/3561
f 3564/3564/3564 3568/3568/3568 3565/3565/3565
f 3565/3565/3565 3570/3570/3570 3566/3566/3566
f 3565/3565/3565 3569/3569/3569 3570/3570/3570
f 3566/3566/3566 3571/3571/3571 3567/3567/3567
f 3566/3566/3566 3570/3570/3570 3571/3571/3571
f 3567/3567/3567 3572/3572/3572 3568/3568/3568
f 3567/3567/3567 3571/3571/3571 3572/3572/3572
f 3568/3568/3568 3569/3569/3569 3565/3565/3565
f 3568/3568/3568 3572/3572/3572 3569/3569/3569
f 3569/3569/3569 3574/3574/3574 3570/3570/3570
f 3569/3569/3569 3573/3573/3573 3574/3574/3574
f 3570/3570/3570 3575/3575/3575 3571/3571/3571
f 3570/3570/3570 3574/3574/3574 3575/3575/3575
f 3571/3571/3571 3576/3576/3576 3572/3572/3572
f 3571/3571/3571 3575/3575/3575 3576/3576/3576
f 3572/3572/3572 3573/3573/3573 3569/3569/3569
f 3572/3572/3572 3576/3576/3576 3573/3573/3573
f 3573/3573/3573 3578/3578/3578 3574/3574/3574
f 3573/3573/3573 3577/3577/3577 3578/3578/3578
f 3574/3574/3574 3579/3579/3579 3575/3575/3575
f 3574/3574/3574 3578/3578/3578 3579/3579/3579
f 3575/3575/3575 3580/3580/3580 3576/3576/3576
f 3575/3575/3575 3579/3579/3579 3580/3580/3580
f 3576/3576/3576 3577/3577/3577 3573/3573/3573
f 3576/3576/3576 3580/3580/3580 3577/3577/3577
f 3577/3577/3577 3582/3582/3582 3578/3578/3578
f 3577/3577/3577 3581/3581/3581 3582/3582/3582
f 3578/3578/3578 3583/3583/3583 3579/3579/3579
f 3578/3578/3578 3582/3582/3582 3583/3583/3583
f 3579/3579/3579 3584/3584/3584 3580/3580/3580
f 3579/3579/3579 3583/3583/3583 3584/3584/3584
f 3580/3580/3580 3581/3581/3581 3577/3577/3577
f 3580/3580/3580 3584/3584/3584 3581/3581/3581
f 3581/3581/3581 3586/3586/3586 3582/3582/3582
f 3581/3581/3581 3585/3585/3585 3586/3586/3586
f 3582/3582/3582 3587/3587/3587 3583/3583/3583
f 3582/3582/3582 3586/3586/3586 3587/3587/3587
f 3583/3583/3583 3588/3588/3588 3584/3584/3584
f 3583/3583/3583 3587/3587/3587 3588/3588/3588
f 3584/3584/3584 3585/3585/3585 3581/3581/3581
f 3584/3584/3584 3588/3588/3588 3585/3585/3585
f 3585/3585/3585 3590/3590/3590 3586/3586/3586
f 3585/3585/3585 3589/3589/3589 3590/3590/3590
f 3586/3586/3586 3591/3591/3591 3587/3587/3587
f 3586/3586/3586 3590/3590/3590 3591/3591/3591
f 3587/3587/3587 3592/3592/3592 3588/3588/3588
f 3587/3587/3587 3591/3591/3591 3592/3592/3592
f 3588/3588/3588 3589/3589/3589 3585/3585/3585
f 3588/3588/3588 3592/3592/3592 3589/3589/3589
f 3589/3589/3589 3594/3594/3594 3590/3590/3590
f 3589/3589/3589 3593/3593/3593 3594/3594/3594
f 3590/3590/3590 3595/3595/3595 3591/3591/3591
f 3590/3590/3590 3594/3594/3594 3595/3595/3595
f 3591/3591/3591 3596/3596/3596 3592/3592/3592
f 3591/3591/3591 3595/3595/3595 3596/3596/3596
f 3592/3592/3592 3593/3593/3593 3589/3589/3589
f 3592/3592/3592 3596/3596/3596 3593/3593/3593
f 3593/3593/3593 3598/3598/3598 3594/3594/3594
f 3593/3593/3593 3597/3597/3597 3598/3598/3598
f 3594/3594/3594 3599/3599/3599 3595/3595/3595
f 3594/3594/3594 3598/3598/3598 3599/3599/3599
f 3595/3595/3595 3600/3600/3600 3596/3596/3596
f 3595/3595/3595 3599/3599/3599 3600/3600/3600
f 3596/3596/3596 3597/3597/3597 3593/3593/3593
f 3596/3596/3596 3600/3600/3600 3597/3597/3597
f 3597/3597/3597 3602/3602/3602 3598/3598/3598
f 3597/3597/3597 3601/3601/3601 3602/3602/3602
f 3598/3598/3598 3603/3603/3603 3599/3599/3599
f 3598/3598/3598 3602/3602/3602 3603/3603/3603
f 3599/3599/3599 3604/3604/3604 3600/3600/3600
f 3599/3599/3599 3603/3603/3603 3604/3604/3604
f 3600/3600/3600 3601/3601/3601 3597/3597/3597
f 3600/3600/3600 3604/3604/3604 3601/3601/3601
f 3601/3601/3601 3606/3606/3606 3602/3602/3602
f 3601/3601/3601 3605/3605/3605 3606/3606/3606
f 3602/3602/3602 3607/3607/3607 3603/3603/3603
f 3602/3602/3602 3606/3606/3606 3607/3607/3607
f 3603/3603/3603 3608/3608/3608 3604/3604/3604
f 3603/3603/3603 3607/3607/3607 3608/3608/3608
f 3604/3604/3604 3605/3605/3605 3601/3601/3601
f 3604/3604/3604 3608/3608/3608 3605/3605/3605
f 3605/3605/3605 3562/3562/3562 3606/3606/3606
f 3605/3605/3605 3561/3561/3561 3562/3562/3562
f 3606/3606/3606 3563/3563/3563 3607/3607/3607
f 3606/3606/3606 3562/3562/3562 3563/3563/3563
f 3607/3607/3607 3564/3564/3564 3608/3608/3608
f 3607/3607/3607 3563/3563/3563 3564/3564/3564
f 3608/3608/3608 3561/3561/3561 3605/3605/3605
f 3608/3608/3608 3564/3564/3564 3561/3561/3561
usemtl timber
v 1.4232117 0 -0.005 1 1 1
v 1.4156321 0 0.0201599 1 1 1
v 1.3717657 0 0.037893362 1 1 1
v 1.3140243 0 0.043934121 1 1 1
v 1.2566484 0 0.037621884 1 1 1
v 1.2175111 0 0.018898402 1 1 1
v 1.1939169 0 -0.005 1 1 1
v 1.217057 0 -0.029010832 1 1 1
v 1.2571183 0 -0.047272843 1 1 1
v 1.3140243 0 -0.054407343 1 1 1
v 1.3712958 0 -0.047544321 1 1 1
v 1.4160862 0 -0.03027233 1 1 1
v 1.4235758 0.19644082 -0.005 1 1 1
v 1.4166379 0.19644082 0.020408956 1 1 1
v 1.3715836 0.19644082 0.037758135 1 1 1
v 1.3140243 0.19644082 0.043436008 1 1 1
v 1.2564664 0.19644082 0.037757111 1 1 1
v 1.2165052 0.19644082 0.019147458 1 1 1
v 1.194281 0.19644082 -0.005 1 1 1
v 1.2180628 0.19644082 -0.028761775 1 1 1
v 1.2569362 0.19644082 -0.04740807 1 1 1
v 1.3140243 0.19644082 -0.054905455 1 1 1
v 1.3711138 0.19644082 -0.047409094 1 1 1
v 1.4150804 0.19644082 -0.030023274 1 1 1
v 1.4245311 0.39288163 -0.005 1 1 1
v 1.4172911 0.39288163 0.020570694 1 1 1
v 1.371106 0.39288163 0.037403318 1 1 1
v 1.3140243 0.39288163 0.043112532 1 1 1
v 1.2559887 0.39288163 0.038111929 1 1 1
v 1.2158521 0.39288163 0.019309196 1 1 1
v 1.1952363 0.39288163 -0.005 1 1 1
v 1.218716 0.39288163 -0.028600037 1 1 1
v 1.2564586 0.39288163 -0.047762888 1 1 1
v 1.3140243 0.39288163 -0.055228931 1 1 1
v 1.3706361 0.39288163 -0.047054277 1 1 1
v 1.4144272 0.39288163 -0.029861536 1 1 1
v 1.4257453 0.58932245 -0.005 1 1 1
v 1.4173644 0.58932245 0.020588853 1 1 1
v 1.3704989 0.58932245 0.036952337 1 1 1
v 1.3140243 0.58932245 0.043076216 1 1 1
v 1.2553816 0.58932245 0.03856291 1 1 1
v 1.2157787 0.58932245 0.019327354 1 1 1
v 1.1964505 0.58932245 -0.005 1 1 1
v 1.2187893 0.58932245 -0.028581879 1 1 1
v 1.2558515 0.58932245 -0.048213869 1 1 1
v 1.3140243 0.58932245 -0.055265248 1 1 1
v 1.370029 0.58932245 -0.046603296 1 1 1
v 1.4143539 0.58932245 -0.029843378 1 1 1
v 1.426796 0.78576326 -0.005 1 1 1
v 1.4168324 0.78576326 0.020457114 1 1 1
v 1.3699735 0.78576326 0.03656207 1 1 1
v 1.3140243 0.78576326 0.043339693 1 1 1
v 1.2548563 0.78576326 0.038953177 1 1 1
v 1.2163108 0.78576326 0.019195615 1 1 1
v 1.1975012 0.78576326 -0.005 1 1 1
v 1.2182573 0.78576326 -0.028713618 1 1 1
v 1.2553261 0.78576326 -0.048604135 1 1 1
v 1.3140243 0.78576326 -0.055001771 1 1 1
v 1.3695037 0.78576326 -0.046213029 1 1 1
v 1.4148859 0.78576326 -0.029975116 1 1 1
v 1.4273177 0.98220408 -0.005 1 1 1
v 1.4158801 0.98220408 0.020221305 1 1 1
v 1.3697127 0.98220408 0.036368276 1 1 1
v 1.3140243 0.98220408 0.04381131 1 1 1
v 1.2545954 0.98220408 0.039146971 1 1 1
v 1.2172631 0.98220408 0.018959807 1 1 1
v 1.198023 0.98220408 -0.005 1 1 1
v 1.217305 0.98220408 -0.028949426 1 1 1
v 1.2550653 0.98220408 -0.048797929 1 1 1
v 1.3140243 0.98220408 -0.054530154 1 1 1
v 1.3692428 0.98220408 -0.046019235 1 1 1
v 1.4158382 0.98220408 -0.030210925 1 1 1
v 1.3140243 0 -0.005 1 1 1
v 1.3140243 1.3710184 -0.005 1 1 1
vt 1 1.903
vt 1.1666667 1.903
vt 1.3333333 1.903
vt 1.5 1.903
vt 1.6666667 1.903
vt 1.8333333 1.903
vt 2 1.903
vt 0.16666667 1.903
vt 0.33333333 1.903
vt 0.5 1.903
vt 0.66666667 1.903
vt 0.83333333 1.903
vt 1 2.2704355
vt 1.1666667 2.2704355
vt 1.3333333 2.2704355
vt 1.5 2.2704355
vt 1.6666667 2.2704355
vt 1.8333333 2.2704355
vt 2 2.2704355
vt 0.16666667 2.2704355
vt 0.33333333 2.2704355
vt 0.5 2.2704355
vt 0.66666667 2.2704355
vt 0.83333333 2.2704355
vt 1 2.6378711
vt 1.1666667 2.6378711
vt 1.3333333 2.6378711
vt 1.5 2.6378711
vt 1.6666667 2.6378711
vt 1.8333333 2.6378711
vt 2 2.6378711
vt 0.16666667 2.6378711
vt 0.33333333 2.6378711
vt 0.5 2.6378711
vt 0.66666667 2.6378711
vt 0.83333333 2.6378711
vt 1 3.0053066
vt 1.1666667 3.0053066
vt 1.3333333 3.0053066
vt 1.5 3.0053066
vt 1.6666667 3.0053066
vt 1.8333333 3.0053066
vt 2 3.0053066
vt 0.16666667 3.0053066
vt 0.33333333 3.0053066
vt 0.5 3.0053066
vt 0.66666667 3.0053066
vt 0.83333333 3.0053066
vt 1 3.3727421
vt 1.1666667 3.3727421
vt 1.3333333 3.3727421
vt 1.5 3.3727421
vt 1.6666667 3.3727421
vt 1.8333333 3.3727421
vt 2 3.3727421
vt 0.16666667 3.3727421
vt 0.33333333 3.3727421
vt 0.5 3.3727421
vt 0.66666667 3.3727421
vt 0.83333333 3.3727421
vt 1 3.7401777
vt 1.1666667 3.7401777
vt 1.3333333 3.7401777
vt 1.5 3.7401777
vt 1.6666667 3.7401777
vt 1.8333333 3.7401777
vt 2 3.7401777
vt 0.16666667 3.7401777
vt 0.33333333 3.7401777
vt 0.5 3.7401777
vt 0.66666667 3.7401777
vt 0.83333333 3.7401777
vt 1 1.903
vt 1 4.4674411
vn 0.93316011 -0.34776445 0.090951078
vn 0.51313014 -0.24712706 0.82196452
vn 0.17911068 -0.17597537 0.96796283
vn -0.033982538 -0.16235839 0.98614651
vn -0.29876035 -0.19500882 0.93419153
vn -0.59704754 -0.25775394 0.7596691
vn -0.88726933 -0.35965587 -0.28879195
vn -0.49850866 -0.23190381 -0.83529021
vn -0.20548665 -0.17778083 -0.96237686
vn 0.041558513 -0.16658395 -0.98515109
vn 0.26866769 -0.18702313 -0.94490212
vn 0.71104963 -0.30040349 -0.63574064
vn 0.9998026 -0.001919572 -0.019775757
vn 0.62862268 -0.0019331064 0.77770804
vn 0.22135289 0.00089466279 0.97519336
vn 0.0030001937 0.0011844195 0.9999948
vn -0.24426467 -0.00091125666 0.96970817
vn -0.57244529 -0.0018579292 0.81994081
vn -0.99977914 0.0018646801 -0.02093305
vn -0.56647382 0.0018540384 -0.82407765
vn -0.26015882 -0.00092597737 -0.96556539
vn 0.0030365123 -0.0011734916 -0.9999947
vn 0.23657824 0.00090905132 -0.97161202
vn 0.6219927 0.0019294005 -0.78302066
vn 0.99925206 -0.0031472796 -0.038541191
vn 0.61888269 -0.00083679257 0.78548298
vn 0.21722736 0.0014693728 0.97611993
vn 0.0074522073 0.00051966826 0.9999721
vn -0.23987213 -0.0014891019 0.97080335
vn -0.58130382 -0.00081974896 0.81368618
vn -0.99916805 0.0030722502 -0.040666573
vn -0.57531012 0.00082116742 -0.81793496
vn -0.26468294 -0.0015244463 -0.96433429
vn 0.0075610803 -0.00051287096 -0.99997128
vn 0.24083048 0.0015038416 -0.97056603
vn 0.61226298 0.0008384935 -0.79065374
vn 0.99916518 -0.0032755891 -0.040721156
vn 0.60658462 0.00052174873 0.79501876
vn 0.21680823 0.0015381918 0.976213
vn 0.013113016 -0.00032815234 0.99991397
vn -0.23937804 -0.0015489636 0.97092521
vn -0.59273881 0.00052365345 0.80539458
vn -0.99907865 0.0032176432 -0.042795906
vn -0.58663919 -0.00052478363 -0.80984825
vn -0.26523976 -0.0015871718 -0.96418118
vn 0.013308259 0.00032371786 -0.99991139
vn 0.24130698 0.0015754406 -0.97044756
vn 0.60007415 -0.00052303567 -0.79994421
vn 0.99967277 -0.0022693785 -0.02547947
vn 0.59606619 0.0016731687 0.80293356
vn 0.22021522 0.0010740051 0.97545072
vn 0.018029613 -0.0010601659 0.99983689
vn -0.24296811 -0.001075669 0.97003368
vn -0.60275212 0.0017146496 0.79792665
vn -0.99964132 0.0022415025 -0.026687026
vn -0.59656509 -0.0017131182 -0.80256287
vn -0.26160597 -0.0010956473 -0.96517414
vn 0.01826123 0.0010491622 -0.9998327
vn 0.23785484 0.0010934601 -0.9713001
vn 0.58965067 -0.001671757 -0.80765667
vn 0.98448775 0.16190073 -0.067616742
vn 0.62878489 0.12282543 0.76781735
vn 0.23868457 0.078477829 0.96792092
vn 0.037620692 0.070942719 0.99677069
vn -0.21945597 0.081130255 0.97224326
vn -0.58618451 0.11183732 0.80242142
vn -0.97973506 0.16761105 0.10966197
vn -0.62461637 0.11463769 -0.77247175
vn -0.2823558 0.085120325 -0.95552589
vn 0.0047031875 0.072504288 -0.99735701
vn 0.22017814 0.076864239 -0.97242659
vn 0.53216778 0.10959217 -0.83951594
vn 0 -1 0
vn -1.2416503e-16 1 -2.4534365e-16
f 3609/3609/3609 3622/3622/3622 3610/3610/3610
f 3609/3609/3609 3621/3621/3621 3622/3622/3622
f 3610/3610/3610 3623/3623/3623 3611/3611/3611
f 3610/3610/3610 3622/3622/3622 3623/3623/3623
f 3611/3611/3611 3624/3624/3624 3612/3612/3612
f 3611/3611/3611 3623/3623/3623 3624/3624/3624
f 3612/3612/3612 3625/3625/3625 3613/3613/3613
f 3612/3612/3612 3624/3624/3624 3625/3625/3625
f 3613/3613/3613 3626/3626/3626 3614/3614/3614
f 3613/3613/3613 3625/3625/3625 3626/3626/3626
f 3614/3614/3614 3627/3627/3627 3615/3615/3615
f 3614/3614/3614 3626/3626/3626 3627/3627/3627
f 3615/3615/3615 3628/3628/3628 3616/3616/3616
f 3615/3615/3615 3627/3627/3627 3628/3628/3628
f 3616/3616/3616 3629/3629/3629 3617/3617/3617
f 3616/3616/3616 3628/3628/3628 3629/3629/3629
f 3617/3617/3617 3630/3630/3630 3618/3618/3618
f 3617/3617/3617 3629/3629/3629 3630/3630/3630
f 3618/3618/3618 3631/3631/3631 3619/3619/3619
f 3618/3618/3618 3630/3630/3630 3631/3631/3631
f 3619/3619/3619 3632/3632/3632 3620/3620/3620
f 3619/3619/3619 3631/3631/3631 3632/3632/3632
f 3620/3620/3620 3621/3621/3621 3609/3609/3609
f 3620/3620/3620 3632/3632/3632 3621/3621/3621
f 3621/3621/3621 3634/3634/3634 3622/3622/3622
f 3621/3621/3621 3633/3633/3633 3634/3634/3634
f 3622/3622/3622 3635/3635/3635 3623/3623/3623
f 3622/3622/3622 3634/3634/3634 3635/3635/3635
f 3623/3623/3623 3636/3636/3636 3624/3624/3624
f 3623/3623/3623 3635/3635/3635 3636/3636/3636
f 3624/3624/3624 3637/3637/3637 3625/3625/3625
f 3624/3624/3624 3636/3636/3636 3637/3637/3637
f 3625/3625/3625 3638/3638/3638 3626/3626/3626
f 3625/3625/3625 3637/3637/3637 3638/3638/3638
f 3626/3626/3626 3639/3639/3639 3627/3627/3627
f 3626/3626/3626 3638/3638/3638 3639/3639/3639
f 3627/3627/3627 3640/3640/3640 3628/3628/3628
f 3627/3627/3627 3639/3639/3639 3640/3640/3640
f 3628/3628/3628 3641/3641/3641 3629/3629/3629
f 3628/3628/3628 3640/3640/3640 3641/3641/3641
f 3629/3629/3629 3642/3642/3642 3630/3630/3630
f 3629/3629/3629 3641/3641/3641 3642/3642/3642
f 3630/3630/3630 3643/3643/3643 3631/3631/3631
f 3630/3630/3630 3642/3642/3642 3643/3643/3643
f 3631/3631/3631 3644/3644/3644 3632/3632/3632
f 3631/3631/3631 3643/3643/3643 3644/3644/3644
f 3632/3632/3632 3633/3633/3633 3621/3621/3621
f 3632/3632/3632 3644/3644/3644 3633/3633/3633
f 3633/3633/3633 3646/3646/3646 3634/3634/3634
f 3633/3633/3633 3645/3645/3645 3646/3646/3646
f 3634/3634/3634 3647/3647/3647 3635/3635/3635
f 3634/3634/3634 3646/3646/3646 3647/3647/3647
f 3635/3635/3635 3648/3648/3648 3636/3636/3636
f 3635/3635/3635 3647/3647/3647 3648/3648/3648
f 3636/3636/3636 3649/3649/3649 3637/3637/3637
f 3636/3636/3636 3648/3648/3648 3649/3649/3649
f 3637/3637/3637 3650/3650/3650 3638/3638/3638
f 3637/3637/3637 3649/3649/3649 3650/3650/3650
f 3638/3638/3638 3651/3651/3651 3639/3639/3639
f 3638/3638/3638 3650/3650/3650 3651/3651/3651
f 3639/3639/3639 3652/3652/3652 3640/3640/3640
f 3639/3639/3639 3651/3651/3651 3652/3652/3652
f 3640/3640/3640 3653/3653/3653 3641/3641/3641
f 3640/3640/3640 3652/3652/3652 3653/3653/3653
f 3641/3641/3641 3654/3654/3654 3642/3642/3642
f 3641/3641/3641 3653/3653/3653 3654/3654/3654
f 3642/3642/3642 3655/3655/3655 3643/3643/3643
f 3642/3642/3642 3654/3654/3654 3655/3655/3655
f 3643/3643/3643 3656/3656/3656 3644/3644/3644
f 3643/3643/3643 3655/3655/3655 3656/3656/3656
f 3644/3644/3644 3645/3645/3645 3633/3633/3633
f 3644/3644/3644 3656/3656/3656 3645/3645/3645
f 3645/3645/3645 3658/3658/3658 3646/3646/3646
f 3645/3645/3645 3657/3657/3657 3658/3658/3658
f 3646/3646/3646 3659/3659/3659 3647/3647/3647
f 3646/3646/3646 3658/3658/3658 3659/3659/3659
f 3647/3647/3647 3660/3660/3660 3648/3648/3648
f 3647/3647/3647 3659/3659/3659 3660/3660/3660
f 3648/3648/3648 3661/3661/3661 3649/3649/3649
f 3648/3648/3648 3660/3660/3660 3661/3661/3661
f 3649/3649/3649 3662/3662/3662 3650/3650/3650
f 3649/3649/3649 3661/3661/3661 3662/3662/3662
f 3650/3650/3650 3663/3663/3663 3651/3651/3651
f 3650/3650/3650 3662/3662/3662 3663/3663/3663
f 3651/3651/3651 3664/3664/3664 3652/3652/3652
f 3651/3651/3651 3663/3663/3663 3664/3664/3664
f 3652/3652/3652 3665/3665/3665 3653/3653/3653
f 3652/3652/3652 3664/3664/3664 3665/3665/3665
f 3653/3653/3653 3666/3666/3666 3654/3654/3654
f 3653/3653/3653 3665/3665/3665 3666/3666/3666
f 3654/3654/3654 3667/3667/3667 3655/3655/3655
f 3654/3654/3654 3666/3666/3666 3667/3667/3667
f 3655/3655/3655 3668/3668/3668 3656/3656/3656
f 3655/3655/3655 3667/3667/3667 3668/3668/3668
f 3656/3656/3656 3657/3657/3657 3645/3645/3645
f 3656/3656/3656 3668/3668/3668 3657/3657/3657
f 3657/3657/3657 3670/3670/3670 3658/3658/3658
f 3657/3657/3657 3669/3669/3669 3670/3670/3670
f 3658/3658/3658 3671/3671/3671 3659/3659/3659
f 3658/3658/3658 3670/3670/3670 3671/3671/3671
f 3659/3659/3659 3672/3672/3672 3660/3660/3660
f 3659/3659/3659 3671/3671/3671 3672/3672/3672
f 3660/3660/3660 3673/3673/3673 3661/3661/3661
f 3660/3660/3660 3672/3672/3672 3673/3673/3673
f 3661/3661/3661 3674/3674/3674 3662/3662/3662
f 3661/3661/3661 3673/3673/3673 3674/3674/3674
f 3662/3662/3662 3675/3675/3675 3663/3663/3663
f 3662/3662/3662 3674/3674/3674 3675/3675/3675
f 3663/3663/3663 3676/3676/3676 3664/3664/3664
f 3663/3663/3663 3675/3675/3675 3676/3676/3676
f 3664/3664/3664 3677/3677/3677 3665/3665/3665
f 3664/3664/3664 3676/3676/3676 3677/3677/3677
f 3665/3665/3665 3678/3678/3678 3666/3666/3666
f 3665/3665/3665 3677/3677/3677 3678/3678/3678
f 3666/3666/3666 3679/3679/3679 3667/3667/3667
f 3666/3666/3666 3678/3678/3678 3679/3679/3679
f 3667/3667/3667 3680/3680/3680 3668/3668/3668
f 3667/3667/3667 3679/3679/3679 3680/3680/3680
f 3668/3668/3668 3669/3669/3669 3657/3657/3657
f 3668/3668/3668 3680/3680/3680 3669/3669/3669
f 3681/3681/3681 3609/3609/3609 3610/3610/3610
f 3669/3669/3669 3682/3682/3682 3670/3670/3670
f 3681/3681/3681 3610/3610/3610 3611/3611/3611
f 3670/3670/3670 3682/3682/3682 3671/3671/3671
f 3681/3681/3681 3611/3611/3611 3612/3612/3612
f 3671/3671/3671 3682/3682/3682 3672/3672/3672
f 3681/3681/3681 3612/3612/3612 3613/3613/3613
f 3672/3672/3672 3682/3682/3682 3673/3673/3673
f 3681/3681/3681 3613/3613/3613 3614/3614/3614
f 3673/3673/3673 3682/3682/3682 3674/3674/3674
f 3681/3681/3681 3614/3614/3614 3615/3615/3615
f 3674/3674/3674 3682/3682/3682 3675/3675/3675
f 3681/3681/3681 3615/3615/3615 3616/3616/3616
f 3675/3675/3675 3682/3682/3682 3676/3676/3676
f 3681/3681/3681 3616/3616/3616 3617/3617/3617
f 3676/3676/3676 3682/3682/3682 3677/3677/3677
f 3681/3681/3681 3617/3617/3617 3618/3618/3618
f 3677/3677/3677 3682/3682/3682 3678/3678/3678
f 3681/3681/3681 3618/3618/3618 3619/3619/3619
f 3678/3678/3678 3682/3682/3682 3679/3679/3679
f 3681/3681/3681 3619/3619/3619 3620/3620/3620
f 3679/3679/3679 3682/3682/3682 3680/3680/3680
f 3681/3681/3681 3620/3620/3620 3609/3609/3609
f 3680/3680/3680 3682/3682/3682 3669/3669/3669
usemtl snow
v 1.4539859 1.0063014 -0.005 1 1 1
v 1.4352346 1.0431197 0.025013815 1 1 1
v 1.3840051 0.98942727 0.046985452 1 1 1
v 1.3140243 1.0537476 0.055027629 1 1 1
v 1.2440435 1.0100972 0.046985452 1 1 1
v 1.1928141 0.99917767 0.025013815 1 1 1
v 1.1740628 1.0698819 -0.005 1 1 1
v 1.1928141 0.97240143 -0.035013815 1 1 1
v 1.2440435 1.0483344 -0.056985452 1 1 1
v 1.3140243 1.0224357 -0.065027629 1 1 1
v 1.3840051 1.0054239 -0.056985452 1 1 1
v 1.4352346 1.038584 -0.035013815 1 1 1
v 1.4452383 1.0949782 -0.005 1 1 1
v 1.4276589 1.1078646 0.023137951 1 1 1
v 1.3796313 1.0890723 0.043736361 1 1 1
v 1.3140243 1.1115844 0.051275902 1 1 1
v 1.2484173 1.0963067 0.043736361 1 1 1
v 1.2003897 1.0924849 0.023137951 1 1 1
v 1.1828104 1.1172314 -0.005 1 1 1
v 1.2003897 1.0831132 -0.033137951 1 1 1
v 1.2484173 1.1096897 -0.053736361 1 1 1
v 1.3140243 1.1006252 -0.061275902 1 1 1
v 1.3796313 1.0946711 -0.053736361 1 1 1
v 1.4276589 1.1062771 -0.033137951 1 1 1
v 1.4139968 1.1987589 -0.005 1 1 1
v 1.4006031 1.1987589 0.016438439 1 1 1
v 1.3640106 1.1987589 0.032132466 1 1 1
v 1.3140243 1.1987589 0.037876878 1 1 1
v 1.2640381 1.1987589 0.032132466 1 1 1
v 1.2274456 1.1987589 0.016438439 1 1 1
v 1.2140518 1.1987589 -0.005 1 1 1
v 1.2274456 1.1987589 -0.026438439 1 1 1
v 1.2640381 1.1987589 -0.042132466 1 1 1
v 1.3140243 1.1987589 -0.047876878 1 1 1
v 1.3640106 1.1987589 -0.042132466 1 1 1
v 1.4006031 1.1987589 -0.026438439 1 1 1
v 1.3702589 1.3070363 -0.005 1 1 1
v 1.3627249 1.3070363 0.007059122 1 1 1
v 1.3421416 1.3070363 0.015887012 1 1 1
v 1.3140243 1.3070363 0.019118244 1 1 1
v 1.285907 1.3070363 0.015887012 1 1 1
v 1.2653238 1.3070363 0.007059122 1 1 1
v 1.2577898 1.3070363 -0.005 1 1 1
v 1.2653238 1.3070363 -0.017059122 1 1 1
v 1.285907 1.3070363 -0.025887012 1 1 1
v 1.3140243 1.3070363 -0.029118244 1 1 1
v 1.3421416 1.3070363 -0.025887012 1 1 1
v 1.3627249 1.3070363 -0.017059122 1 1 1
v 1.3290202 1.3956269 -0.005 1 1 1
v 1.3270111 1.3956269 -0.0017842341 1 1 1
v 1.3215223 1.3956269 0.00056986984 1 1 1
v 1.3140243 1.3956269 0.0014315317 1 1 1
v 1.3065264 1.3956269 0.00056986984 1 1 1
v 1.3010375 1.3956269 -0.0017842341 1 1 1
v 1.2990284 1.3956269 -0.005 1 1 1
v 1.3010375 1.3956269 -0.0082157659 1 1 1
v 1.3065264 1.3956269 -0.01056987 1 1 1
v 1.3140243 1.3956269 -0.011431532 1 1 1
v 1.3215223 1.3956269 -0.01056987 1 1 1
v 1.3270111 1.3956269 -0.0082157659 1 1 1
v 1.3140243 1.0117343 -0.005 1 1 1
v 1.3140243 1.4182668 -0.005 1 1 1
vt 0 0
vt 0 0
vt 0 0
vt 0 0
vt 0 0
vt 0 0
vt 0 0
vt 0 0
vt 0 0
vt 0 0
vt 0 0
vt 0 0
vt 0 0
vt 0 0
vt 0 0
vt 0 0
vt 0 0
vt 0 0
vt 0 0
vt 0 0
vt 0 0
vt 0 0
vt 0 0
vt 0 0
vt 0 0
vt 0 0
vt 0 0
vt 0 0
vt 0 0
vt 0 0
vt 0 0
vt 0 0
vt 0 0
vt 0 0
vt 0 0
vt 0 0
vt 0 0
vt 0 0
vt 0 0
vt 0 0
vt 0 0
vt 0 0
vt 0 0
vt 0 0
vt 0 0
vt 0 0
vt 0 0
vt 0 0
vt 0 0
vt 0 0
vt 0 0
vt 0 0
vt 0 0
vt 0 0
vt 0 0
vt 0 0
vt 0 0
vt 0 0
vt 0 0
vt 0 0
vt 0 0
vt 0 0
vn 0.65930554 -0.735173 0.15759718
vn 0.51802745 -0.52959547 0.67169651
vn 0.14526766 -0.47700201 0.86681393
vn -0.088361267 -0.36193421 0.92800642
vn -0.090878161 -0.38354461 0.91904009
vn -0.68689695 -0.72669995 -0.0089309793
vn -0.77137375 -0.62722369 0.10757782
vn -0.51895724 -0.69873181 -0.49239948
vn -0.0487136 -0.35164498 -0.93486512
vn -0.086673328 -0.38392293 -0.91928827
vn 0.30526371 -0.50103939 -0.80979849
vn 0.55863651 -0.57333335 -0.59934474
vn 0.97782162 0.2092672 0.0084926701
vn 0.59524661 0.15896755 0.7876616
vn 0.23622712 0.096787693 0.9668655
vn 0.017604268 0.10263833 0.99456295
vn -0.26109438 0.10533572 0.95954891
vn -0.5604992 0.13489104 0.8170955
vn -0.96821581 0.2485178 0.028231999
vn -0.56064162 0.12943219 -0.81788036
vn -0.27260849 0.11369312 -0.95538395
vn 0.013561599 0.096729836 -0.99521828
vn 0.23442899 0.099481306 -0.96702974
vn 0.57450006 0.15388957 -0.80390776
vn 0.9422247 0.33300467 -0.036338811
vn 0.61718623 0.25304448 0.74501655
vn 0.24162118 0.1649604 0.95624645
vn 0.024777835 0.15508735 0.98758998
vn -0.23171954 0.1690255 0.95798561
vn -0.5569703 0.22524911 0.7994041
vn -0.92783943 0.34950521 0.13023098
vn -0.57213547 0.22863229 -0.78764731
vn -0.27074455 0.17521989 -0.94657032
vn -0.0072105544 0.15392507 -0.98805621
vn 0.22468434 0.16408106 -0.96051775
vn 0.54233319 0.23271915 -0.80728961
vn 0.90913501 0.38566532 -0.15727616
vn 0.63420814 0.29789764 0.71346831
vn 0.27422592 0.20616512 0.93930617
vn 0.031292136 0.17891239 0.98336726
vn -0.19880735 0.19354516 0.96073717
vn -0.51428166 0.2631883 0.81623911
vn -0.90913501 0.38566532 0.15727616
vn -0.63420814 0.29789764 -0.71346831
vn -0.27422592 0.20616512 -0.93930617
vn -0.031292136 0.17891239 -0.98336726
vn 0.19880735 0.19354516 -0.96073717
vn 0.51428166 0.2631883 -0.81623911
vn 0.85375823 0.41114271 -0.31946606
vn 0.69838033 0.35541501 0.62124479
vn 0.31961277 0.24087528 0.91642063
vn 0.067254204 0.20181099 0.97711268
vn -0.1578592 0.2105719 0.96474864
vn -0.44853869 0.27488738 0.85044105
vn -0.85375823 0.41114271 0.31946606
vn -0.69838033 0.35541501 -0.62124479
vn -0.31961277 0.24087528 -0.91642063
vn -0.067254204 0.20181099 -0.97711268
vn 0.1578592 0.2105719 -0.96474864
vn 0.44853869 0.27488738 -0.85044105
vn 7.9376298e-17 -1 1.1518993e-16
vn -1.4169175e-17 1 -4.4796086e-17
f 3683/3683/3683 3696/3696/3696 3684/3684/3684
f 3683/3683/3683 3695/3695/3695 3696/3696/3696
f 3684/3684/3684 3697/3697/3697 3685/3685/3685
f 3684/3684/3684 3696/3696/3696 3697/3697/3697
f 3685/3685/3685 3698/3698/3698 3686/3686/3686
f 3685/3685/3685 3697/3697/3697 3698/3698/3698
f 3686/3686/3686 3699/3699/3699 3687/3687/3687
f 3686/3686/3686 3698/3698/3698 3699/3699/3699
f 3687/3687/3687 3700/3700/3700 3688/3688/3688
f 3687/3687/3687 3699/3699/3699 3700/3700/3700
f 3688/3688/3688 3701/3701/3701 3689/3689/3689
f 3688/3688/3688 3700/3700/3700 3701/3701/3701
f 3689/3689/3689 3702/3702/3702 3690/3690/3690
f 3689/3689/3689 3701/3701/3701 3702/3702/3702
f 3690/3690/3690 3703/3703/3703 3691/3691/3691
f 3690/3690/3690 3702/3702/3702 3703/3703/3703
f 3691/3691/3691 3704/3704/3704 3692/3692/3692
f 3691/3691/3691 3703/3703/3703 3704/3704/3704
f 3692/3692/3692 3705/3705/3705 3693/3693/3693
f 3692/3692/3692 3704/3704/3704 3705/3705/3705
f 3693/3693/3693 3706/3706/3706 3694/3694/3694
f 3693/3693/3693 3705/3705/3705 3706/3706/3706
f 3694/3694/3694 3695/3695/3695 3683/3683/3683
f 3694/3694/3694 3706/3706/3706 3695/3695/3695
f 3695/3695/3695 3708/3708/3708 3696/3696/3696
f 3695/3695/3695 3707/3707/3707 3708/3708/3708
f 3696/3696/3696 3709/3709/3709 3697/3697/3697
f 3696/3696/3696 3708/3708/3708 3709/3709/3709
f 3697/3697/3697 3710/3710/3710 3698/3698/3698
f 3697/3697/3697 3709/3709/3709 3710/3710/3710
f 3698/3698/3698 3711/3711/3711 3699/3699/3699
f 3698/3698/3698 3710/3710/3710 3711/3711/3711
f 3699/3699/3699 3712/3712/3712 3700/3700/3700
f 3699/3699/3699 3711/3711/3711 3712/3712/3712
f 3700/3700/3700 3713/3713/3713 3701/3701/3701
f 3700/3700/3700 3712/3712/3712 3713/3713/3713
f 3701/3701/3701 3714/3714/3714 3702/3702/3702
f 3701/3701/3701 3713/3713/3713 3714/3714/3714
f 3702/3702/3702 3715/3715/3715 3703/3703/3703
f 3702/3702/3702 3714/3714/3714 3715/3715/3715
f 3703/3703/3703 3716/3716/3716 3704/3704/3704
f 3703/3703/3703 3715/3715/3715 3716/3716/3716
f 3704/3704/3704 3717/3717/3717 3705/3705/3705
f 3704/3704/3704 3716/3716/3716 3717/3717/3717
f 3705/3705/3705 3718/3718/3718 3706/3706/3706
f 3705/3705/3705 3717/3717/3717 3718/3718/3718
f 3706/3706/3706 3707/3707/3707 3695/3695/3695
f 3706/3706/3706 3718/3718/3718 3707/3707/3707
f 3707/3707/3707 3720/3720/3720 3708/3708/3708
f 3707/3707/3707 3719/3719/3719 3720/3720/3720
f 3708/3708/3708 3721/3721/3721 3709/3709/3709
f 3708/3708/3708 3720/3720/3720 3721/3721/3721
f 3709/3709/3709 3722/3722/3722 3710/3710/3710
f 3709/3709/3709 3721/3721/3721 3722/3722/3722
f 3710/3710/3710 3723/3723/3723 3711/3711/3711
f 3710/3710/3710 3722/3722/3722 3723/3723/3723
f 3711/3711/3711 3724/3724/3724 3712/3712/3712
f 3711/3711/3711 3723/3723/3723 3724/3724/3724
f 3712/3712/3712 3725/3725/3725 3713/3713/3713
f 3712/3712/3712 3724/3724/3724 3725/3725/3725
f 3713/3713/3713 3726/3726/3726 3714/3714/3714
f 3713/3713/3713 3725/3725/3725 3726/3726/3726
f 3714/3714/3714 3727/3727/3727 3715/3715/3715
f 3714/3714/3714 3726/3726/3726 3727/3727/3727
f 3715/3715/3715 3728/3728/3728 3716/3716/3716
f 3715/3715/3715 3727/3727/3727 3728/3728/3728
f 3716/3716/3716 3729/3729/3729 3717/3717/3717
f 3716/3716/3716 3728/3728/3728 3729/3729/3729
f 3717/3717/3717 3730/3730/3730 3718/3718/3718
f 3717/3717/3717 3729/3729/3729 3730/3730/3730
f 3718/3718/3718 3719/3719/3719 3707/3707/3707
f 3718/3718/3718 3730/3730/3730 3719/3719/3719
f 3719/3719/3719 3732/3732/3732 3720/3720/3720
f 3719/3719/3719 3731/3731/3731 3732/3732/3732
f 3720/3720/3720 3733/3733/3733 3721/3721/3721
f 3720/3720/3720 3732/3732/3732 3733/3733/3733
f 3721/3721/3721 3734/3734/3734 3722/3722/3722
f 3721/3721/3721 3733/3733/3733 3734/3734/3734
f 3722/3722/3722 3735/3735/3735 3723/3723/3723
f 3722/3722/3722 3734/3734/3734 3735/3735/3735
f 3723/3723/3723 3736/3736/3736 3724/3724/3724
f 3723/3723/3723 3735/3735/3735 3736/3736/3736
f 3724/3724/3724 3737/3737/3737 3725/3725/3725
f 3724/3724/3724 3736/3736/3736 3737/3737/3737
f 3725/3725/3725 3738/3738/3738 3726/3726/3726
f 3725/3725/3725 3737/3737/3737 3738/3738/3738
f 3726/3726/3726 3739/3739/3739 3727/3727/3727
f 3726/3726/3726 3738/3738/3738 3739/3739/3739
f 3727/3727/3727 3740/3740/3740 3728/3728/3728
f 3727/3727/3727 3739/3739/3739 3740/3740/3740
f 3728/3728/3728 3741/3741/3741 3729/3729/3729
f 3728/3728/3728 3740/3740/3740 3741/3741/3741
f 3729/3729/3729 3742/3742/3742 3730/3730/3730
f 3729/3729/3729 3741/3741/3741 3742/3742/3742
f 3730/3730/3730 3731/3731/3731 3719/3719/3719
f 3730/3730/3730 3742/3742/3742 3731/3731/3731
f 3743/3743/3743 3683/3683/3683 3684/3684/3684
f 3731/3731/3731 3744/3744/3744 3732/3732/3732
f 3743/3743/3743 3684/3684/3684 3685/3685/3685
f 3732/3732/3732 3744/3744/3744 3733/3733/3733
f 3743/3743/3743 3685/3685/3685 3686/3686/3686
f 3733/3733/3733 3744/3744/3744 3734/3734/3734
f 3743/3743/3743 3686/3686/3686 3687/3687/3687
f 3734/3734/3734 3744/3744/3744 3735/3735/3735
f 3743/3743/3743 3687/3687/3687 3688/3688/3688
f 3735/3735/3735 3744/3744/3744 3736/3736/3736
f 3743/3743/3743 3688/3688/3688 3689/3689/3689
f 3736/3736/3736 3744/3744/3744 3737/3737/3737
f 3743/3743/3743 3689/3689/3689 3690/3690/3690
f 3737/3737/3737 3744/3744/3744 3738/3738/3738
f 3743/3743/3743 3690/3690/3690 3691/3691/3691
f 3738/3738/3738 3744/3744/3744 3739/3739/3739
f 3743/3743/3743 3691/3691/3691 3692/3692/3692
f 3739/3739/3739 3744/3744/3744 3740/3740/3740
f 3743/3743/3743 3692/3692/3692 3693/3693/3693
f 3740/3740/3740 3744/3744/3744 3741/3741/3741
f 3743/3743/3743 3693/3693/3693 3694/3694/3694
f 3741/3741/3741 3744/3744/3744 3742/3742/3742
f 3743/3743/3743 3694/3694/3694 3683/3683/3683
f 3742/3742/3742 3744/3744/3744 3731/3731/3731
usemtl rope
v 1.4471319 0.40161078 -0.005 0.84 0.76 0.61
v 1.4646205 0.38389266 -0.005 0.84 0.76 0.61
v 1.4471319 0.36617454 -0.005 0.84 0.76 0.61
v 1.4296433 0.38389266 -0.005 0.84 0.76 0.61
v 1.423303 0.3939431 0.02542439 0.84 0.76 0.61
v 1.4418134 0.38192611 0.032592072 0.84 0.76 0.61
v 1.4352947 0.36065456 0.02542439 0.84 0.76 0.61
v 1.4167844 0.37267155 0.018256709 0.84 0.76 0.61
v 1.3745822 0.37592843 0.04769659 0.84 0.76 0.61
v 1.3865729 0.36150075 0.05799715 0.84 0.76 0.61
v 1.386574 0.34263989 0.04769659 0.84 0.76 0.61
v 1.3745833 0.35706756 0.03739603 0.84 0.76 0.61
v 1.3080285 0.35131992 0.05584878 0.84 0.76 0.61
v 1.3140243 0.33467565 0.066912195 0.84 0.76 0.61
v 1.3200202 0.31803138 0.05584878 0.84 0.76 0.61
v 1.3140243 0.33467565 0.044785366 0.84 0.76 0.61
v 1.2414747 0.32671142 0.04769659 0.84 0.76 0.61
v 1.2414757 0.30785055 0.05799715 0.84 0.76 0.61
v 1.2534664 0.29342288 0.04769659 0.84 0.76 0.61
v 1.2534653 0.31228375 0.03739603 0.84 0.76 0.61
v 1.1927539 0.30869674 0.02542439 0.84 0.76 0.61
v 1.1862353 0.28742519 0.032592072 0.84 0.76 0.61
v 1.2047456 0.2754082 0.02542439 0.84 0.76 0.61
v 1.2112643 0.29667976 0.018256709 0.84 0.76 0.61
v 1.1809167 0.26774052 -0.005 0.84 0.76 0.61
v 1.1984053 0.28545864 -0.005 0.84 0.76 0.61
v 1.1809167 0.30317677 -0.005 0.84 0.76 0.61
v 1.1634282 0.28545864 -0.005 0.84 0.76 0.61
v 1.2047456 0.2754082 -0.03542439 0.84 0.76 0.61
v 1.2112643 0.29667976 -0.028256709 0.84 0.76 0.61
v 1.1927539 0.30869674 -0.03542439 0.84 0.76 0.61
v 1.1862353 0.28742519 -0.042592072 0.84 0.76 0.61
v 1.2534664 0.29342288 -0.05769659 0.84 0.76 0.61
v 1.2534653 0.31228375 -0.04739603 0.84 0.76 0.61
v 1.2414747 0.32671142 -0.05769659 0.84 0.76 0.61
v 1.2414757 0.30785055 -0.06799715 0.84 0.76 0.61
v 1.3200202 0.31803138 -0.06584878 0.84 0.76 0.61
v 1.3140243 0.33467565 -0.054785366 0.84 0.76 0.61
v 1.3080285 0.35131992 -0.06584878 0.84 0.76 0.61
v 1.3140243 0.33467565 -0.076912195 0.84 0.76 0.61
v 1.386574 0.34263989 -0.05769659 0.84 0.76 0.61
v 1.3745833 0.35706756 -0.04739603 0.84 0.76 0.61
v 1.3745822 0.37592843 -0.05769659 0.84 0.76 0.61
v 1.3865729 0.36150075 -0.06799715 0.84 0.76 0.61
v 1.4352947 0.36065456 -0.03542439 0.84 0.76 0.61
v 1.4167844 0.37267155 -0.028256709 0.84 0.76 0.61
v 1.423303 0.3939431 -0.03542439 0.84 0.76 0.61
v 1.4418134 0.38192611 -0.042592072 0.84 0.76 0.61
vt 0 0
vt 0 0
vt 0 0
vt 0 0
vt 0 0
vt 0 0
vt 0 0
vt 0 0
vt 0 0
vt 0 0
vt 0 0
vt 0 0
vt 0 0
vt 0 0
vt 0 0
vt 0 0
vt 0 0
vt 0 0
vt 0 0
vt 0 0
vt 0 0
vt 0 0
vt 0 0
vt 0 0
vt 0 0
vt 0 0
vt 0 0
vt 0 0
vt 0 0
vt 0 0
vt 0 0
vt 0 0
vt 0 0
vt 0 0
vt 0 0
vt 0 0
vt 0 0
vt 0 0
vt 0 0
vt 0 0
vt 0 0
vt 0 0
vt 0 0
vt 0 0
vt 0 0
vt 0 0
vt 0 0
vt 0 0
vn 0.39746048 0.89879626 -0.18490658
vn 0.9450059 -0.31757155 0.078180283
vn -0.32747994 -0.91220264 -0.24625845
vn -0.82532719 0.39691001 -0.40161856
vn -0.28289754 0.92605034 0.24979944
vn 0.59208208 0.14350027 0.79299841
vn 0.3624029 -0.92428675 -0.11982549
vn -0.59837997 -0.12610301 -0.79122654
vn -0.3821403 0.9148899 0.13017398
vn 0.23417908 0.067331786 0.96985906
vn 0.4135693 -0.91018866 -0.022738626
vn -0.22948152 -0.062953734 -0.97127497
vn -0.40304213 0.91392797 0.047882194
vn 3.2863307e-17 -1.6218783e-17 1
vn 0.40304213 -0.91392797 0.047882194
vn 1.8531158e-17 7.3164352e-17 -1
vn -0.4135693 0.91018866 -0.022738626
vn -0.23417908 -0.067331786 0.96985906
vn 0.3821403 -0.9148899 0.13017398
vn 0.22948152 0.062953734 -0.97127497
vn -0.20481117 0.81459331 -0.54266945
vn -0.62547486 0.080498925 0.77608062
vn -0.074969445 -0.96144244 0.26459029
vn 0.40329671 -0.14340533 -0.90376251
vn 0.41416083 -0.85526338 0.31144077
vn 0.72755995 0.43948365 0.52679279
vn -0.52772612 0.81316086 0.24550877
vn -0.87321543 -0.47714 -0.099157619
vn 0.20072051 -0.97357498 0.10891757
vn 0.51818385 0.18511055 0.83499676
vn -0.32419682 0.92998891 -0.17325431
vn -0.56737477 -0.20310494 -0.79801895
vn 0.27796524 -0.96032131 0.022766176
vn 0.21663271 0.097753874 0.97134672
vn -0.30494612 0.94341898 -0.13026315
vn -0.22308159 -0.097390822 -0.96992249
vn 0.2884165 -0.95630462 -0.047931221
vn 3.2429526e-16 -2.1949305e-16 1
vn -0.2884165 0.95630462 -0.047931221
vn -2.9576977e-16 2.7571931e-16 -1
vn 0.30494612 -0.94341898 -0.13026315
vn -0.21663271 -0.097753874 0.97134672
vn -0.27796524 0.96032131 0.022766176
vn 0.22308159 0.097390822 -0.96992249
vn 0.68008123 -0.65623855 -0.32686463
vn -0.25704287 -0.46139332 0.84914378
vn -0.50455064 0.70187736 0.50278904
vn 0.41225597 0.50051905 -0.76126585
f 3745/3745/3745 3750/3750/3750 3746/3746/3746
f 3745/3745/3745 3749/3749/3749 3750/3750/3750
f 3746/3746/3746 3751/3751/3751 3747/3747/3747
f 3746/3746/3746 3750/3750/3750 3751/3751/3751
f 3747/3747/3747 3752/3752/3752 3748/3748/3748
f 3747/3747/3747 3751/3751/3751 3752/3752/3752
f 3748/3748/3748 3749/3749/3749 3745/3745/3745
f 3748/3748/3748 3752/3752/3752 3749/3749/3749
f 3749/3749/3749 3754/3754/3754 3750/3750/3750
f 3749/3749/3749 3753/3753/3753 3754/3754/3754
f 3750/3750/3750 3755/3755/3755 3751/3751/3751
f 3750/3750/3750 3754/3754/3754 3755/3755/3755
f 3751/3751/3751 3756/3756/3756 3752/3752/3752
f 3751/3751/3751 3755/3755/3755 3756/3756/3756
f 3752/3752/3752 3753/3753/3753 3749/3749/3749
f 3752/3752/3752 3756/3756/3756 3753/3753/3753
f 3753/3753/3753 3758/3758/3758 3754/3754/3754
f 3753/3753/3753 3757/3757/3757 3758/3758/3758
f 3754/3754/3754 3759/3759/3759 3755/3755/3755
f 3754/3754/3754 3758/3758/3758 3759/3759/3759
f 3755/3755/3755 3760/3760/3760 3756/3756/3756
f 3755/3755/3755 3759/3759/3759 3760/3760/3760
f 3756/3756/3756 3757/3757/3757 3753/3753/3753
f 3756/3756/3756 3760/3760/3760 3757/3757/3757
f 3757/3757/3757 3762/3762/3762 3758/3758/3758
f 3757/3757/3757 3761/3761/3761 3762/3762/3762
f 3758/3758/3758 3763/3763/3763 3759/3759/3759
f 3758/3758/3758 3762/3762/3762 3763/3763/3763
f 3759/3759/3759 3764/3764/3764 3760/3760/3760
f 3759/3759/3759 3763/3763/3763 3764/3764/3764
f 3760/3760/3760 3761/3761/3761 3757/3757/3757
f 3760/3760/3760 3764/3764/3764 3761/3761/3761
f 3761/3761/3761 3766/3766/3766 3762/3762/3762
f 3761/3761/3761 3765/3765/3765 3766/3766/3766
f 3762/3762/3762 3767/3767/3767 3763/3763/3763
f 3762/3762/3762 3766/3766/3766 3767/3767/3767
f 3763/3763/3763 3768/3768/3768 3764/3764/3764
f 3763/3763/3763 3767/3767/3767 3768/3768/3768
f 3764/3764/3764 3765/3765/3765 3761/3761/3761
f 3764/3764/3764 3768/3768/3768 3765/3765/3765
f 3765/3765/3765 3770/3770/3770 3766/3766/3766
f 3765/3765/3765 3769/3769/3769 3770/3770/3770
f 3766/3766/3766 3771/3771/3771 3767/3767/3767
f 3766/3766/3766 3770/3770/3770 3771/3771/3771
f 3767/3767/3767 3772/3772/3772 3768/3768/3768
f 3767/3767/3767 3771/3771/3771 3772/3772/3772
f 3768/3768/3768 3769/3769/3769 3765/3765/3765
f 3768/3768/3768 3772/3772/3772 3769/3769/3769
f 3769/3769/3769 3774/3774/3774 3770/3770/3770
f 3769/3769/3769 3773/3773/3773 3774/3774/3774
f 3770/3770/3770 3775/3775/3775 3771/3771/3771
f 3770/3770/3770 3774/3774/3774 3775/3775/3775
f 3771/3771/3771 3776/3776/3776 3772/3772/3772
f 3771/3771/3771 3775/3775/3775 3776/3776/3776
f 3772/3772/3772 3773/3773/3773 3769/3769/3769
f 3772/3772/3772 3776/3776/3776 3773/3773/3773
f 3773/3773/3773 3778/3778/3778 3774/3774/3774
f 3773/3773/3773 3777/3777/3777 3778/3778/3778
f 3774/3774/3774 3779/3779/3779 3775/3775/3775
f 3774/3774/3774 3778/3778/3778 3779/3779/3779
f 3775/3775/3775 3780/3780/3780 3776/3776/3776
f 3775/3775/3775 3779/3779/3779 3780/3780/3780
f 3776/3776/3776 3777/3777/3777 3773/3773/3773
f 3776/3776/3776 3780/3780/3780 3777/3777/3777
f 3777/3777/3777 3782/3782/3782 3778/3778/3778
f 3777/3777/3777 3781/3781/3781 3782/3782/3782
f 3778/3778/3778 3783/3783/3783 3779/3779/3779
f 3778/3778/3778 3782/3782/3782 3783/3783/3783
f 3779/3779/3779 3784/3784/3784 3780/3780/3780
f 3779/3779/3779 3783/3783/3783 3784/3784/3784
f 3780/3780/3780 3781/3781/3781 3777/3777/3777
f 3780/3780/3780 3784/3784/3784 3781/3781/3781
f 3781/3781/3781 3786/3786/3786 3782/3782/3782
f 3781/3781/3781 3785/3785/3785 3786/3786/3786
f 3782/3782/3782 3787/3787/3787 3783/3783/3783
f 3782/3782/3782 3786/3786/3786 3787/3787/3787
f 3783/3783/3783 3788/3788/3788 3784/3784/3784
f 3783/3783/3783 3787/3787/3787 3788/3788/3788
f 3784/3784/3784 3785/3785/3785 3781/3781/3781
f 3784/3784/3784 3788/3788/3788 3785/3785/3785
f 3785/3785/3785 3790/3790/3790 3786/3786/3786
f 3785/3785/3785 3789/3789/3789 3790/3790/3790
f 3786/3786/3786 3791/3791/3791 3787/3787/3787
f 3786/3786/3786 3790/3790/3790 3791/3791/3791
f 3787/3787/3787 3792/3792/3792 3788/3788/3788
f 3787/3787/3787 3791/3791/3791 3792/3792/3792
f 3788/3788/3788 3789/3789/3789 3785/3785/3785
f 3788/3788/3788 3792/3792/3792 3789/3789/3789
f 3789/3789/3789 3746/3746/3746 3790/3790/3790
f 3789/3789/3789 3745/3745/3745 3746/3746/3746
f 3790/3790/3790 3747/3747/3747 3791/3791/3791
f 3790/3790/3790 3746/3746/3746 3747/3747/3747
f 3791/3791/3791 3748/3748/3748 3792/3792/3792
f 3791/3791/3791 3747/3747/3747 3748/3748/3748
f 3792/3792/3792 3745/3745/3745 3789/3789/3789
f 3792/3792/3792 3748/3748/3748 3745/3745/3745
usemtl rope
v 1.4529614 0.30317677 -0.005 0.84 0.76 0.61
v 1.47045 0.28545864 -0.005 0.84 0.76 0.61
v 1.4529614 0.26774052 -0.005 0.84 0.76 0.61
v 1.4354728 0.28545864 -0.005 0.84 0.76 0.61
v 1.4401196 0.30877769 0.027268293 0.84 0.76 0.61
v 1.4470318 0.28755914 0.03434912 0.84 0.76 0.61
v 1.4285752 0.27532725 0.027268293 0.84 0.76 0.61
v 1.4216629 0.29654581 0.020187465 0.84 0.76 0.61
v 1.3892651 0.32679237 0.050890322 0.84 0.76 0.61
v 1.3896263 0.30789446 0.061161835 0.84 0.76 0.61
v 1.3777206 0.29334193 0.050890322 0.84 0.76 0.61
v 1.3773595 0.31223984 0.040618809 0.84 0.76 0.61
v 1.3197965 0.35140087 0.059536585 0.84 0.76 0.61
v 1.3140243 0.33467565 0.0706 0.84 0.76 0.61
v 1.3082521 0.31795043 0.059536585 0.84 0.76 0.61
v 1.3140243 0.33467565 0.048473171 0.84 0.76 0.61
v 1.250328 0.37600938 0.050890322 0.84 0.76 0.61
v 1.2384224 0.36145685 0.061161835 0.84 0.76 0.61
v 1.2387835 0.34255894 0.050890322 0.84 0.76 0.61
v 1.2506892 0.35711147 0.040618809 0.84 0.76 0.61
v 1.1994735 0.39402405 0.027268293 0.84 0.76 0.61
v 1.1810168 0.38179217 0.03434912 0.84 0.76 0.61
v 1.187929 0.36057361 0.027268293 0.84 0.76 0.61
v 1.2063857 0.3728055 0.020187465 0.84 0.76 0.61
v 1.1750872 0.36617454 -0.005 0.84 0.76 0.61
v 1.1925758 0.38389266 -0.005 0.84 0.76 0.61
v 1.1750872 0.40161078 -0.005 0.84 0.76 0.61
v 1.1575986 0.38389266 -0.005 0.84 0.76 0.61
v 1.187929 0.36057361 -0.037268293 0.84 0.76 0.61
v 1.2063857 0.3728055 -0.030187465 0.84 0.76 0.61
v 1.1994735 0.39402405 -0.037268293 0.84 0.76 0.61
v 1.1810168 0.38179217 -0.04434912 0.84 0.76 0.61
v 1.2387835 0.34255894 -0.060890322 0.84 0.76 0.61
v 1.2506892 0.35711147 -0.050618809 0.84 0.76 0.61
v 1.250328 0.37600938 -0.060890322 0.84 0.76 0.61
v 1.2384224 0.36145685 -0.071161835 0.84 0.76 0.61
v 1.3082521 0.31795043 -0.069536585 0.84 0.76 0.61
v 1.3140243 0.33467565 -0.058473171 0.84 0.76 0.61
v 1.3197965 0.35140087 -0.069536585 0.84 0.76 0.61
v 1.3140243 0.33467565 -0.0806 0.84 0.76 0.61
v 1.3777206 0.29334193 -0.060890322 0.84 0.76 0.61
v 1.3773595 0.31223984 -0.050618809 0.84 0.76 0.61
v 1.3892651 0.32679237 -0.060890322 0.84 0.76 0.61
v 1.3896263 0.30789446 -0.071161835 0.84 0.76 0.61
v 1.4285752 0.27532725 -0.037268293 0.84 0.76 0.61
v 1.4216629 0.29654581 -0.030187465 0.84 0.76 0.61
v 1.4401196 0.30877769 -0.037268293 0.84 0.76 0.61
v 1.4470318 0.28755914 -0.04434912 0.84 0.76 0.61
vt 0 0
vt 0 0
vt 0 0
vt 0 0
vt 0 0
vt 0 0
vt 0 0
vt 0 0
vt 0 0
vt 0 0
vt 0 0
vt 0 0
vt 0 0
vt 0 0
vt 0 0
vt 0 0
vt 0 0
vt 0 0
vt 0 0
vt 0 0
vt 0 0
vt 0 0
vt 0 0
vt 0 0
vt 0 0
vt 0 0
vt 0 0
vt 0 0
vt 0 0
vt 0 0
vt 0 0
vt 0 0
vt 0 0
vt 0 0
vt 0 0
vt 0 0
vt 0 0
vt 0 0
vt 0 0
vt 0 0
vt 0 0
vt 0 0
vt 0 0
vt 0 0
vt 0 0
vt 0 0
vt 0 0
vt 0 0
vn 0.5252331 0.81831341 -0.2334381
vn 0.87394411 -0.47524949 0.10178217
vn -0.42091975 -0.85872615 -0.2922601
vn -0.73822287 0.44313063 -0.50858848
vn 0.30810603 0.93593939 0.17055246
vn 0.57676805 -0.19653973 0.79291282
vn -0.19188379 -0.97533173 -0.10912665
vn -0.53218023 0.1806393 -0.82713581
vn 0.29079397 0.94814022 0.12833154
vn 0.22894558 -0.095331018 0.96875999
vn -0.26401162 -0.96421446 -0.024255638
vn -0.2228976 0.095737205 -0.9701294
vn 0.27403705 0.96057071 0.046985105
vn 1.1481497e-16 1.5631387e-17 1
vn -0.27403705 -0.96057071 0.046985105
vn -1.4253941e-16 -1.7586602e-17 -1
vn 0.26401162 0.96421446 -0.024255638
vn -0.22894558 0.095331018 0.96875999
vn -0.29079397 -0.94814022 0.12833154
vn 0.2228976 -0.095737205 -0.9701294
vn 0.50316145 0.70667998 -0.49742534
vn -0.42120942 0.49879617 0.75748598
vn -0.67160878 -0.66579667 0.32504838
vn 0.27162073 -0.46237246 -0.84405799
vn 0.33450676 -0.91332379 0.23226037
vn 0.83004077 0.39702419 0.39166837
vn -0.39993205 0.89914395 0.17774847
vn -0.94247988 -0.32434643 -0.080815073
vn -0.35030205 -0.92887755 0.120312
vn 0.6065546 -0.1244794 0.78523652
vn 0.27428227 0.93049788 -0.24278164
vn -0.6002398 0.14007388 -0.78745888
vn -0.40174182 -0.91543245 0.024226943
vn 0.23475633 -0.062209934 0.97006154
vn 0.37086911 0.91978782 -0.1282438
vn -0.23923175 0.066247659 -0.96869986
vn -0.39168002 -0.91890349 -0.046937627
vn 2.1380911e-16 -4.3966506e-16 1
vn 0.39168002 0.91890349 -0.046937627
vn -1.9795685e-16 3.7515328e-16 -1
vn -0.37086911 -0.91978782 -0.1282438
vn -0.23475633 0.062209934 0.97006154
vn 0.40174182 0.91543245 0.024226943
vn 0.23923175 -0.066247659 -0.96869986
vn 0.086033017 -0.95974266 -0.26738051
vn -0.41472002 -0.14870358 0.8977163
vn 0.17882574 0.8247422 0.53649013
vn 0.62730791 0.091469185 -0.773381
f 3793/3793/3793 3798/3798/3798 3794/3794/3794
f 3793/3793/3793 3797/3797/3797 3798/3798/3798
f 3794/3794/3794 3799/3799/3799 3795/3795/3795
f 3794/3794/3794 3798/3798/3798 3799/3799/3799
f 3795/3795/3795 3800/3800/3800 3796/3796/3796
f 3795/3795/3795 3799/3799/3799 3800/3800/3800
f 3796/3796/3796 3797/3797/3797 3793/3793/3793
f 3796/3796/3796 3800/3800/3800 3797/3797/3797
f 3797/3797/3797 3802/3802/3802 3798/3798/3798
f 3797/3797/3797 3801/3801/3801 3802/3802/3802
f 3798/3798/3798 3803/3803/3803 3799/3799/3799
f 3798/3798/3798 3802/3802/3802 3803/3803/3803
f 3799/3799/3799 3804/3804/3804 3800/3800/3800
f 3799/3799/3799 3803/3803/3803 3804/3804/3804
f 3800/3800/3800 3801/3801/3801 3797/3797/3797
f 3800/3800/3800 3804/3804/3804 3801/3801/3801
f 3801/3801/3801 3806/3806/3806 3802/3802/3802
f 3801/3801/3801 3805/3805/3805 3806/3806/3806
f 3802/3802/3802 3807/3807/3807 3803/3803/3803
f 3802/3802/3802 3806/3806/3806 3807/3807/3807
f 3803/3803/3803 3808/3808/3808 3804/3804/3804
f 3803/3803/3803 3807/3807/3807 3808/3808/3808
f 3804/3804/3804 3805/3805/3805 3801/3801/3801
f 3804/3804/3804 3808/3808/3808 3805/3805/3805
f 3805/3805/3805 3810/3810/3810 3806/3806/3806
f 3805/3805/3805 3809/3809/3809 3810/3810/3810
f 3806/3806/3806 3811/3811/3811 3807/3807/3807
f 3806/3806/3806 3810/3810/3810 3811/3811/3811
f 3807/3807/3807 3812/3812/3812 3808/3808/3808
f 3807/3807/3807 3811/3811/3811 3812/3812/3812
f 3808/3808/3808 3809/3809/3809 3805/3805/3805
f 3808/3808/3808 3812/3812/3812 3809/3809/3809
f 3809/3809/3809 3814/3814/3814 3810/3810/3810
f 3809/3809/3809 3813/3813/3813 3814/3814/3814
f 3810/3810/3810 3815/3815/3815 3811/3811/3811
f 3810/3810/3810 3814/3814/3814 3815/3815/3815
f 3811/3811/3811 3816/3816/3816 3812/3812/3812
f 3811/3811/3811 3815/3815/3815 3816/3816/3816
f 3812/3812/3812 3813/3813/3813 3809/3809/3809
f 3812/3812/3812 3816/3816/3816 3813/3813/3813
f 3813/3813/3813 3818/3818/3818 3814/3814/3814
f 3813/3813/3813 3817/3817/3817 3818/3818/3818
f 3814/3814/3814 3819/3819/3819 3815/3815/3815
f 3814/3814/3814 3818/3818/3818 3819/3819/3819
f 3815/3815/3815 3820/3820/3820 3816/3816/3816
f 3815/3815/3815 3819/3819/3819 3820/3820/3820
f 3816/3816/3816 3817/3817/3817 3813/3813/3813
f 3816/3816/3816 3820/3820/3820 3817/3817/3817
f 3817/3817/3817 3822/3822/3822 3818/3818/3818
f 3817/3817/3817 3821/3821/3821 3822/3822/3822
f 3818/3818/3818 3823/3823/3823 3819/3819/3819
f 3818/3818/3818 3822/3822/3822 3823/3823/3823
f 3819/3819/3819 3824/3824/3824 3820/3820/3820
f 3819/3819/3819 3823/3823/3823 3824/3824/3824
f 3820/3820/3820 3821/3821/3821 3817/3817/3817
f 3820/3820/3820 3824/3824/3824 3821/3821/3821
f 3821/3821/3821 3826/3826/3826 3822/3822/3822
f 3821/3821/3821 3825/3825/3825 3826/3826/3826
f 3822/3822/3822 3827/3827/3827 3823/3823/3823
f 3822/3822/3822 3826/3826/3826 3827/3827/3827
f 3823/3823/3823 3828/3828/3828 3824/3824/3824
f 3823/3823/3823 3827/3827/3827 3828/3828/3828
f 3824/3824/3824 3825/3825/3825 3821/3821/3821
f 3824/3824/3824 3828/3828/3828 3825/3825/3825
f 3825/3825/3825 3830/3830/3830 3826/3826/3826
f 3825/3825/3825 3829/3829/3829 3830/3830/3830
f 3826/3826/3826 3831/3831/3831 3827/3827/3827
f 3826/3826/3826 3830/3830/3830 3831/3831/3831
f 3827/3827/3827 3832/3832/3832 3828/3828/3828
f 3827/3827/3827 3831/3831/3831 3832/3832/3832
f 3828/3828/3828 3829/3829/3829 3825/3825/3825
f 3828/3828/3828 3832/3832/3832 3829/3829/3829
f 3829/3829/3829 3834/3834/3834 3830/3830/3830
f 3829/3829/3829 3833/3833/3833 3834/3834/3834
f 3830/3830/3830 3835/3835/3835 3831/3831/3831
f 3830/3830/3830 3834/3834/3834 3835/3835/3835
f 3831/3831/3831 3836/3836/3836 3832/3832/3832
f 3831/3831/3831 3835/3835/3835 3836/3836/3836
f 3832/3832/3832 3833/3833/3833 3829/3829/3829
f 3832/3832/3832 3836/3836/3836 3833/3833/3833
f 3833/3833/3833 3838/3838/3838 3834/3834/3834
f 3833/3833/3833 3837/3837/3837 3838/3838/3838
f 3834/3834/3834 3839/3839/3839 3835/3835/3835
f 3834/3834/3834 3838/3838/3838 3839/3839/3839
f 3835/3835/3835 3840/3840/3840 3836/3836/3836
f 3835/3835/3835 3839/3839/3839 3840/3840/3840
f 3836/3836/3836 3837/3837/3837 3833/3833/3833
f 3836/3836/3836 3840/3840/3840 3837/3837/3837
f 3837/3837/3837 3794/3794/3794 3838/3838/3838
f 3837/3837/3837 3793/3793/3793 3794/3794/3794
f 3838/3838/3838 3795/3795/3795 3839/3839/3839
f 3838/3838/3838 3794/3794/3794 3795/3795/3795
f 3839/3839/3839 3796/3796/3796 3840/3840/3840
f 3839/3839/3839 3795/3795/3795 3796/3796/3796
f 3840/3840/3840 3793/3793/3793 3837/3837/3837
f 3840/3840/3840 3796/3796/3796 3793/3793/3793
usemtl rope
v 1.4471319 0.95284127 -0.005 0.84 0.76 0.61
v 1.4646205 0.93512315 -0.005 0.84 0.76 0.61
v 1.4471319 0.91740502 -0.005 0.84 0.76 0.61
v 1.4296433 0.93512315 -0.005 0.84 0.76 0.61
v 1.423303 0.94517359 0.02542439 0.84 0.76 0.61
v 1.4418134 0.9331566 0.032592072 0.84 0.76 0.61
v 1.4352947 0.91188505 0.02542439 0.84 0.76 0.61
v 1.4167844 0.92390204 0.018256709 0.84 0.76 0.61
v 1.3745822 0.92715891 0.04769659 0.84 0.76 0.61
v 1.3865729 0.91273124 0.05799715 0.84 0.76 0.61
v 1.386574 0.89387037 0.04769659 0.84 0.76 0.61
v 1.3745833 0.90829804 0.03739603 0.84 0.76 0.61
v 1.3080285 0.90255041 0.05584878 0.84 0.76 0.61
v 1.3140243 0.88590614 0.066912195 0.84 0.76 0.61
v 1.3200202 0.86926187 0.05584878 0.84 0.76 0.61
v 1.3140243 0.88590614 0.044785366 0.84 0.76 0.61
v 1.2414747 0.8779419 0.04769659 0.84 0.76 0.61
v 1.2414757 0.85908104 0.05799715 0.84 0.76 0.61
v 1.2534664 0.84465337 0.04769659 0.84 0.76 0.61
v 1.2534653 0.86351423 0.03739603 0.84 0.76 0.61
v 1.1927539 0.85992723 0.02542439 0.84 0.76 0.61
v 1.1862353 0.83865568 0.032592072 0.84 0.76 0.61
v 1.2047456 0.82663869 0.02542439 0.84 0.76 0.61
v 1.2112643 0.84791024 0.018256709 0.84 0.76 0.61
v 1.1809167 0.81897101 -0.005 0.84 0.76 0.61
v 1.1984053 0.83668913 -0.005 0.84 0.76 0.61
v 1.1809167 0.85440725 -0.005 0.84 0.76 0.61
v 1.1634282 0.83668913 -0.005 0.84 0.76 0.61
v 1.2047456 0.82663869 -0.03542439 0.84 0.76 0.61
v 1.2112643 0.84791024 -0.028256709 0.84 0.76 0.61
v 1.1927539 0.85992723 -0.03542439 0.84 0.76 0.61
v 1.1862353 0.83865568 -0.042592072 0.84 0.76 0.61
v 1.2534664 0.84465337 -0.05769659 0.84 0.76 0.61
v 1.2534653 0.86351423 -0.04739603 0.84 0.76 0.61
v 1.2414747 0.8779419 -0.05769659 0.84 0.76 0.61
v 1.2414757 0.85908104 -0.06799715 0.84 0.76 0.61
v 1.3200202 0.86926187 -0.06584878 0.84 0.76 0.61
v 1.3140243 0.88590614 -0.054785366 0.84 0.76 0.61
v 1.3080285 0.90255041 -0.06584878 0.84 0.76 0.61
v 1.3140243 0.88590614 -0.076912195 0.84 0.76 0.61
v 1.386574 0.89387037 -0.05769659 0.84 0.76 0.61
v 1.3745833 0.90829804 -0.04739603 0.84 0.76 0.61
v 1.3745822 0.92715891 -0.05769659 0.84 0.76 0.61
v 1.3865729 0.91273124 -0.06799715 0.84 0.76 0.61
v 1.4352947 0.91188505 -0.03542439 0.84 0.76 0.61
v 1.4167844 0.92390204 -0.028256709 0.84 0.76 0.61
v 1.423303 0.94517359 -0.03542439 0.84 0.76 0.61
v 1.4418134 0.9331566 -0.042592072 0.84 0.76 0.61
vt 0 0
vt 0 0
vt 0 0
vt 0 0
vt 0 0
vt 0 0
vt 0 0
vt 0 0
vt 0 0
vt 0 0
vt 0 0
vt 0 0
vt 0 0
vt 0 0
vt 0 0
vt 0 0
vt 0 0
vt 0 0
vt 0 0
vt 0 0
vt 0 0
vt 0 0
vt 0 0
vt 0 0
vt 0 0
vt 0 0
vt 0 0
vt 0 0
vt 0 0
vt 0 0
vt 0 0
vt 0 0
vt 0 0
vt 0 0
vt 0 0
vt 0 0
vt 0 0
vt 0 0
vt 0 0
vt 0 0
vt 0 0
vt 0 0
vt 0 0
vt 0 0
vt 0 0
vt 0 0
vt 0 0
vt 0 0
vn 0.39746048 0.89879626 -0.18490658
vn 0.9450059 -0.31757155 0.078180283
vn -0.32747994 -0.91220264 -0.24625845
vn -0.82532719 0.39691001 -0.40161856
vn -0.28289754 0.92605034 0.24979944
vn 0.59208208 0.14350027 0.79299841
vn 0.3624029 -0.92428675 -0.11982549
vn -0.59837997 -0.12610301 -0.79122654
vn -0.3821403 0.9148899 0.13017398
vn 0.23417908 0.067331786 0.96985906
vn 0.4135693 -0.91018866 -0.022738626
vn -0.22948152 -0.062953734 -0.97127497
vn -0.40304213 0.91392797 0.047882194
vn 1.0680575e-16 -1.6218783e-17 1
vn 0.40304213 -0.91392797 0.047882194
vn -5.5593473e-17 7.3164352e-17 -1
vn -0.4135693 0.91018866 -0.022738626
vn -0.23417908 -0.067331786 0.96985906
vn 0.3821403 -0.9148899 0.13017398
vn 0.22948152 0.062953734 -0.97127497
vn -0.20481117 0.81459331 -0.54266945
vn -0.62547486 0.080498925 0.77608062
vn -0.074969445 -0.96144244 0.26459029
vn 0.40329671 -0.14340533 -0.90376251
vn 0.41416083 -0.85526338 0.31144077
vn 0.72755995 0.43948365 0.52679279
vn -0.52772612 0.81316086 0.24550877
vn -0.87321543 -0.47714 -0.099157619
vn 0.20072051 -0.97357498 0.10891757
vn 0.51818385 0.18511055 0.83499676
vn -0.32419682 0.92998891 -0.17325431
vn -0.56737477 -0.20310494 -0.79801895
vn 0.27796524 -0.96032131 0.022766176
vn 0.21663271 0.097753874 0.97134672
vn -0.30494612 0.94341898 -0.13026315
vn -0.22308159 -0.097390822 -0.96992249
vn 0.2884165 -0.95630462 -0.047931221
vn 2.4090505e-16 -2.1949305e-16 1
vn -0.2884165 0.95630462 -0.047931221
vn -2.2182732e-16 2.7571931e-16 -1
vn 0.30494612 -0.94341898 -0.13026315
vn -0.21663271 -0.097753874 0.97134672
vn -0.27796524 0.96032131 0.022766176
vn 0.22308159 0.097390822 -0.96992249
vn 0.68008123 -0.65623855 -0.32686463
vn -0.25704287 -0.46139332 0.84914378
vn -0.50455064 0.70187736 0.50278904
vn 0.41225597 0.50051905 -0.76126585
f 3841/3841/3841 3846/3846/3846 3842/3842/3842
f 3841/3841/3841 3845/3845/3845 3846/3846/3846
f 3842/3842/3842 3847/3847/3847 3843/3843/3843
f 3842/3842/3842 3846/3846/3846 3847/3847/3847
f 3843/3843/3843 3848/3848/3848 3844/3844/3844
f 3843/3843/3843 3847/3847/3847 3848/3848/3848
f 3844/3844/3844 3845/3845/3845 3841/3841/3841
f 3844/3844/3844 3848/3848/3848 3845/3845/3845
f 3845/3845/3845 3850/3850/3850 3846/3846/3846
f 3845/3845/3845 3849/3849/3849 3850/3850/3850
f 3846/3846/3846 3851/3851/3851 3847/3847/3847
f 3846/3846/3846 3850/3850/3850 3851/3851/3851
f 3847/3847/3847 3852/3852/3852 3848/3848/3848
f 3847/3847/3847 3851/3851/3851 3852/3852/3852
f 3848/3848/3848 3849/3849/3849 3845/3845/3845
f 3848/3848/3848 3852/3852/3852 3849/3849/3849
f 3849/3849/3849 3854/3854/3854 3850/3850/3850
f 3849/3849/3849 3853/3853/3853 3854/3854/3854
f 3850/3850/3850 3855/3855/3855 3851/3851/3851
f 3850/3850/3850 3854/3854/3854 3855/3855/3855
f 3851/3851/3851 3856/3856/3856 3852/3852/3852
f 3851/3851/3851 3855/3855/3855 3856/3856/3856
f 3852/3852/3852 3853/3853/3853 3849/3849/3849
f 3852/3852/3852 3856/3856/3856 3853/3853/3853
f 3853/3853/3853 3858/3858/3858 3854/3854/3854
f 3853/3853/3853 3857/3857/3857 3858/3858/3858
f 3854/3854/3854 3859/3859/3859 3855/3855/3855
f 3854/3854/3854 3858/3858/3858 3859/3859/3859
f 3855/3855/3855 3860/3860/3860 3856/3856/3856
f 3855/3855/3855 3859/3859/3859 3860/3860/3860
f 3856/3856/3856 3857/3857/3857 3853/3853/3853
f 3856/3856/3856 3860/3860/3860 3857/3857/3857
f 3857/3857/3857 3862/3862/3862 3858/3858/3858
f 3857/3857/3857 3861/3861/3861 3862/3862/3862
f 3858/3858/3858 3863/3863/3863 3859/3859/3859
f 3858/3858/3858 3862/3862/3862 3863/3863/3863
f 3859/3859/3859 3864/3864/3864 3860/3860/3860
f 3859/3859/3859 3863/3863/3863 3864/3864/3864
f 3860/3860/3860 3861/3861/3861 3857/3857/3857
f 3860/3860/3860 3864/3864/3864 3861/3861/3861
f 3861/3861/3861 3866/3866/3866 3862/3862/3862
f 3861/3861/3861 3865/3865/3865 3866/3866/3866
f 3862/3862/3862 3867/3867/3867 3863/3863/3863
f 3862/3862/3862 3866/3866/3866 3867/3867/3867
f 3863/3863/3863 3868/3868/3868 3864/3864/3864
f 3863/3863/3863 3867/3867/3867 3868/3868/3868
f 3864/3864/3864 3865/3865/3865 3861/3861/3861
f 3864/3864/3864 3868/3868/3868 3865/3865/3865
f 3865/3865/3865 3870/3870/3870 3866/3866/3866
f 3865/3865/3865 3869/3869/3869 3870/3870/3870
f 3866/3866/3866 3871/3871/3871 3867/3867/3867
f 3866/3866/3866 3870/3870/3870 3871/3871/3871
f 3867/3867/3867 3872/3872/3872 3868/3868/3868
f 3867/3867/3867 3871/3871/3871 3872/3872/3872
f 3868/3868/3868 3869/3869/3869 3865/3865/3865
f 3868/3868/3868 3872/3872/3872 3869/3869/3869
f 3869/3869/3869 3874/3874/3874 3870/3870/3870
f 3869/3869/3869 3873/3873/3873 3874/3874/3874
f 3870/3870/3870 3875/3875/3875 3871/3871/3871
f 3870/3870/3870 3874/3874/3874 3875/3875/3875
f 3871/3871/3871 3876/3876/3876 3872/3872/3872
f 3871/3871/3871 3875/3875/3875 3876/3876/3876
f 3872/3872/3872 3873/3873/3873 3869/3869/3869
f 3872/3872/3872 3876/3876/3876 3873/3873/3873
f 3873/3873/3873 3878/3878/3878 3874/3874/3874
f 3873/3873/3873 3877/3877/3877 3878/3878/3878
f 3874/3874/3874 3879/3879/3879 3875/3875/3875
f 3874/3874/3874 3878/3878/3878 3879/3879/3879
f 3875/3875/3875 3880/3880/3880 3876/3876/3876
f 3875/3875/3875 3879/3879/3879 3880/3880/3880
f 3876/3876/3876 3877/3877/3877 3873/3873/3873
f 3876/3876/3876 3880/3880/3880 3877/3877/3877
f 3877/3877/3877 3882/3882/3882 3878/3878/3878
f 3877/3877/3877 3881/3881/3881 3882/3882/3882
f 3878/3878/3878 3883/3883/3883 3879/3879/3879
f 3878/3878/3878 3882/3882/3882 3883/3883/3883
f 3879/3879/3879 3884/3884/3884 3880/3880/3880
f 3879/3879/3879 3883/3883/3883 3884/3884/3884
f 3880/3880/3880 3881/3881/3881 3877/3877/3877
f 3880/3880/3880 3884/3884/3884 3881/3881/3881
f 3881/3881/3881 3886/3886/3886 3882/3882/3882
f 3881/3881/3881 3885/3885/3885 3886/3886/3886
f 3882/3882/3882 3887/3887/3887 3883/3883/3883
f 3882/3882/3882 3886/3886/3886 3887/3887/3887
f 3883/3883/3883 3888/3888/3888 3884/3884/3884
f 3883/3883/3883 3887/3887/3887 3888/3888/3888
f 3884/3884/3884 3885/3885/3885 3881/3881/3881
f 3884/3884/3884 3888/3888/3888 3885/3885/3885
f 3885/3885/3885 3842/3842/3842 3886/3886/3886
f 3885/3885/3885 3841/3841/3841 3842/3842/3842
f 3886/3886/3886 3843/3843/3843 3887/3887/3887
f 3886/3886/3886 3842/3842/3842 3843/3843/3843
f 3887/3887/3887 3844/3844/3844 3888/3888/3888
f 3887/3887/3887 3843/3843/3843 3844/3844/3844
f 3888/3888/3888 3841/3841/3841 3885/3885/3885
f 3888/3888/3888 3844/3844/3844 3841/3841/3841
usemtl rope
v 1.4529614 0.85440725 -0.005 0.84 0.76 0.61
v 1.47045 0.83668913 -0.005 0.84 0.76 0.61
v 1.4529614 0.81897101 -0.005 0.84 0.76 0.61
v 1.4354728 0.83668913 -0.005 0.84 0.76 0.61
v 1.4401196 0.86000818 0.027268293 0.84 0.76 0.61
v 1.4470318 0.83878963 0.03434912 0.84 0.76 0.61
v 1.4285752 0.82655774 0.027268293 0.84 0.76 0.61
v 1.4216629 0.84777629 0.020187465 0.84 0.76 0.61
v 1.3892651 0.87802286 0.050890322 0.84 0.76 0.61
v 1.3896263 0.85912494 0.061161835 0.84 0.76 0.61
v 1.3777206 0.84457241 0.050890322 0.84 0.76 0.61
v 1.3773595 0.86347033 0.040618809 0.84 0.76 0.61
v 1.3197965 0.90263136 0.059536585 0.84 0.76 0.61
v 1.3140243 0.88590614 0.0706 0.84 0.76 0.61
v 1.3082521 0.86918092 0.059536585 0.84 0.76 0.61
v 1.3140243 0.88590614 0.048473171 0.84 0.76 0.61
v 1.250328 0.92723986 0.050890322 0.84 0.76 0.61
v 1.2384224 0.91268733 0.061161835 0.84 0.76 0.61
v 1.2387835 0.89378942 0.050890322 0.84 0.76 0.61
v 1.2506892 0.90834195 0.040618809 0.84 0.76 0.61
v 1.1994735 0.94525454 0.027268293 0.84 0.76 0.61
v 1.1810168 0.93302265 0.03434912 0.84 0.76 0.61
v 1.187929 0.9118041 0.027268293 0.84 0.76 0.61
v 1.2063857 0.92403598 0.020187465 0.84 0.76 0.61
v 1.1750872 0.91740502 -0.005 0.84 0.76 0.61
v 1.1925758 0.93512315 -0.005 0.84 0.76 0.61
v 1.1750872 0.95284127 -0.005 0.84 0.76 0.61
v 1.1575986 0.93512315 -0.005 0.84 0.76 0.61
v 1.187929 0.9118041 -0.037268293 0.84 0.76 0.61
v 1.2063857 0.92403598 -0.030187465 0.84 0.76 0.61
v 1.1994735 0.94525454 -0.037268293 0.84 0.76 0.61
v 1.1810168 0.93302265 -0.04434912 0.84 0.76 0.61
v 1.2387835 0.89378942 -0.060890322 0.84 0.76 0.61
v 1.2506892 0.90834195 -0.050618809 0.84 0.76 0.61
v 1.250328 0.92723986 -0.060890322 0.84 0.76 0.61
v 1.2384224 0.91268733 -0.071161835 0.84 0.76 0.61
v 1.3082521 0.86918092 -0.069536585 0.84 0.76 0.61
v 1.3140243 0.88590614 -0.058473171 0.84 0.76 0.61
v 1.3197965 0.90263136 -0.069536585 0.84 0.76 0.61
v 1.3140243 0.88590614 -0.0806 0.84 0.76 0.61
v 1.3777206 0.84457241 -0.060890322 0.84 0.76 0.61
v 1.3773595 0.86347033 -0.050618809 0.84 0.76 0.61
v 1.3892651 0.87802286 -0.060890322 0.84 0.76 0.61
v 1.3896263 0.85912494 -0.071161835 0.84 0.76 0.61
v 1.4285752 0.82655774 -0.037268293 0.84 0.76 0.61
v 1.4216629 0.84777629 -0.030187465 0.84 0.76 0.61
v 1.4401196 0.86000818 -0.037268293 0.84 0.76 0.61
v 1.4470318 0.83878963 -0.04434912 0.84 0.76 0.61
vt 0 0
vt 0 0
vt 0 0
vt 0 0
vt 0 0
vt 0 0
vt 0 0
vt 0 0
vt 0 0
vt 0 0
vt 0 0
vt 0 0
vt 0 0
vt 0 0
vt 0 0
vt 0 0
vt 0 0
vt 0 0
vt 0 0
vt 0 0
vt 0 0
vt 0 0
vt 0 0
vt 0 0
vt 0 0
vt 0 0
vt 0 0
vt 0 0
vt 0 0
vt 0 0
vt 0 0
vt 0 0
vt 0 0
vt 0 0
vt 0 0
vt 0 0
vt 0 0
vt 0 0
vt 0 0
vt 0 0
vt 0 0
vt 0 0
vt 0 0
vt 0 0
vt 0 0
vt 0 0
vt 0 0
vt 0 0
vn 0.5252331 0.81831341 -0.2334381
vn 0.87394411 -0.47524949 0.10178217
vn -0.42091975 -0.85872615 -0.2922601
vn -0.73822287 0.44313063 -0.50858848
vn 0.30810603 0.93593939 0.17055246
vn 0.57676805 -0.19653973 0.79291282
vn -0.19188379 -0.97533173 -0.10912665
vn -0.53218023 0.1806393 -0.82713581
vn 0.29079397 0.94814022 0.12833154
vn 0.22894558 -0.095331018 0.96875999
vn -0.26401162 -0.96421446 -0.024255638
vn -0.2228976 0.095737205 -0.9701294
vn 0.27403705 0.96057071 0.046985105
vn 5.9387055e-17 1.5631387e-17 1
vn -0.27403705 -0.96057071 0.046985105
vn -3.5634852e-17 -1.7586602e-17 -1
vn 0.26401162 0.96421446 -0.024255638
vn -0.22894558 0.095331018 0.96875999
vn -0.29079397 -0.94814022 0.12833154
vn 0.2228976 -0.095737205 -0.9701294
vn 0.50316145 0.70667998 -0.49742534
vn -0.42120942 0.49879617 0.75748598
vn -0.67160878 -0.66579667 0.32504838
vn 0.27162073 -0.46237246 -0.84405799
vn 0.33450676 -0.91332379 0.23226037
vn 0.83004077 0.39702419 0.39166837
vn -0.39993205 0.89914395 0.17774847
vn -0.94247988 -0.32434643 -0.080815073
vn -0.35030205 -0.92887755 0.120312
vn 0.6065546 -0.1244794 0.78523652
vn 0.27428227 0.93049788 -0.24278164
vn -0.6002398 0.14007388 -0.78745888
vn -0.40174182 -0.91543245 0.024226943
vn 0.23475633 -0.062209934 0.97006154
vn 0.37086911 0.91978782 -0.1282438
vn -0.23923175 0.066247659 -0.96869986
vn -0.39168002 -0.91890349 -0.046937627
vn 2.761701e-16 -4.2207846e-16 1
vn 0.39168002 0.91890349 -0.046937627
vn -2.4546649e-16 3.9078466e-16 -1
vn -0.37086911 -0.91978782 -0.1282438
vn -0.23475633 0.062209934 0.97006154
vn 0.40174182 0.91543245 0.024226943
vn 0.23923175 -0.066247659 -0.96869986
vn 0.086033017 -0.95974266 -0.26738051
vn -0.41472002 -0.14870358 0.8977163
vn 0.17882574 0.8247422 0.53649013
vn 0.62730791 0.091469185 -0.773381
f 3889/3889/3889 3894/3894/3894 3890/3890/3890
f 3889/3889/3889 3893/3893/3893 3894/3894/3894
f 3890/3890/3890 3895/3895/3895 3891/3891/3891
f 3890/3890/3890 3894/3894/3894 3895/3895/3895
f 3891/3891/3891 3896/3896/3896 3892/3892/3892
f 3891/3891/3891 3895/3895/3895 3896/3896/3896
f 3892/3892/3892 3893/3893/3893 3889/3889/3889
f 3892/3892/3892 3896/3896/3896 3893/3893/3893
f 3893/3893/3893 3898/3898/3898 3894/3894/3894
f 3893/3893/3893 3897/3897/3897 3898/3898/3898
f 3894/3894/3894 3899/3899/3899 3895/3895/3895
f 3894/3894/3894 3898/3898/3898 3899/3899/3899
f 3895/3895/3895 3900/3900/3900 3896/3896/3896
f 3895/3895/3895 3899/3899/3899 3900/3900/3900
f 3896/3896/3896 3897/3897/3897 3893/3893/3893
f 3896/3896/3896 3900/3900/3900 3897/3897/3897
f 3897/3897/3897 3902/3902/3902 3898/3898/3898
f 3897/3897/3897 3901/3901/3901 3902/3902/3902
f 3898/3898/3898 3903/3903/3903 3899/3899/3899
f 3898/3898/3898 3902/3902/3902 3903/3903/3903
f 3899/3899/3899 3904/3904/3904 3900/3900/3900
f 3899/3899/3899 3903/3903/3903 3904/3904/3904
f 3900/3900/3900 3901/3901/3901 3897/3897/3897
f 3900/3900/3900 3904/3904/3904 3901/3901/3901
f 3901/3901/3901 3906/3906/3906 3902/3902/3902
f 3901/3901/3901 3905/3905/3905 3906/3906/3906
f 3902/3902/3902 3907/3907/3907 3903/3903/3903
f 3902/3902/3902 3906/3906/3906 3907/3907/3907
f 3903/3903/3903 3908/3908/3908 3904/3904/3904
f 3903/3903/3903 3907/3907/3907 3908/3908/3908
f 3904/3904/3904 3905/3905/3905 3901/3901/3901
f 3904/3904/3904 3908/3908/3908 3905/3905/3905
f 3905/3905/3905 3910/3910/3910 3906/3906/3906
f 3905/3905/3905 3909/3909/3909 3910/3910/3910
f 3906/3906/3906 3911/3911/3911 3907/3907/3907
f 3906/3906/3906 3910/3910/3910 3911/3911/3911
f 3907/3907/3907 3912/3912/3912 3908/3908/3908
f 3907/3907/3907 3911/3911/3911 3912/3912/3912
f 3908/3908/3908 3909/3909/3909 3905/3905/3905
f 3908/3908/3908 3912/3912/3912 3909/3909/3909
f 3909/3909/3909 3914/3914/3914 3910/3910/3910
f 3909/3909/3909 3913/3913/3913 3914/3914/3914
f 3910/3910/3910 3915/3915/3915 3911/3911/3911
f 3910/3910/3910 3914/3914/3914 3915/3915/3915
f 3911/3911/3911 3916/3916/3916 3912/3912/3912
f 3911/3911/3911 3915/3915/3915 3916/3916/3916
f 3912/3912/3912 3913/3913/3913 3909/3909/3909
f 3912/3912/3912 3916/3916/3916 3913/3913/3913
f 3913/3913/3913 3918/3918/3918 3914/3914/3914
f 3913/3913/3913 3917/3917/3917 3918/3918/3918
f 3914/3914/3914 3919/3919/3919 3915/3915/3915
f 3914/3914/3914 3918/3918/3918 3919/3919/3919
f 3915/3915/3915 3920/3920/3920 3916/3916/3916
f 3915/3915/3915 3919/3919/3919 3920/3920/3920
f 3916/3916/3916 3917/3917/3917 3913/3913/3913
f 3916/3916/3916 3920/3920/3920 3917/3917/3917
f 3917/3917/3917 3922/3922/3922 3918/3918/3918
f 3917/3917/3917 3921/3921/3921 3922/3922/3922
f 3918/3918/3918 3923/3923/3923 3919/3919/3919
f 3918/3918/3918 3922/3922/3922 3923/3923/3923
f 3919/3919/3919 3924/3924/3924 3920/3920/3920
f 3919/3919/3919 3923/3923/3923 3924/3924/3924
f 3920/3920/3920 3921/3921/3921 3917/3917/3917
f 3920/3920/3920 3924/3924/3924 3921/3921/3921
f 3921/3921/3921 3926/3926/3926 3922/3922/3922
f 3921/3921/3921 3925/3925/3925 3926/3926/3926
f 3922/3922/3922 3927/3927/3927 3923/3923/3923
f 3922/3922/3922 3926/3926/3926 3927/3927/3927
f 3923/3923/3923 3928/3928/3928 3924/3924/3924
f 3923/3923/3923 3927/3927/3927 3928/3928/3928
f 3924/3924/3924 3925/3925/3925 3921/3921/3921
f 3924/3924/3924 3928/3928/3928 3925/3925/3925
f 3925/3925/3925 3930/3930/3930 3926/3926/3926
f 3925/3925/3925 3929/3929/3929 3930/3930/3930
f 3926/3926/3926 3931/3931/3931 3927/3927/3927
f 3926/3926/3926 3930/3930/3930 3931/3931/3931
f 3927/3927/3927 3932/3932/3932 3928/3928/3928
f 3927/3927/3927 3931/3931/3931 3932/3932/3932
f 3928/3928/3928 3929/3929/3929 3925/3925/3925
f 3928/3928/3928 3932/3932/3932 3929/3929/3929
f 3929/3929/3929 3934/3934/3934 3930/3930/3930
f 3929/3929/3929 3933/3933/3933 3934/3934/3934
f 3930/3930/3930 3935/3935/3935 3931/3931/3931
f 3930/3930/3930 3934/3934/3934 3935/3935/3935
f 3931/3931/3931 3936/3936/3936 3932/3932/3932
f 3931/3931/3931 3935/3935/3935 3936/3936/3936
f 3932/3932/3932 3933/3933/3933 3929/3929/3929
f 3932/3932/3932 3936/3936/3936 3933/3933/3933
f 3933/3933/3933 3890/3890/3890 3934/3934/3934
f 3933/3933/3933 3889/3889/3889 3890/3890/3890
f 3934/3934/3934 3891/3891/3891 3935/3935/3935
f 3934/3934/3934 3890/3890/3890 3891/3891/3891
f 3935/3935/3935 3892/3892/3892 3936/3936/3936
f 3935/3935/3935 3891/3891/3891 3892/3892/3892
f 3936/3936/3936 3889/3889/3889 3933/3933/3933
f 3936/3936/3936 3892/3892/3892 3889/3889/3889
usemtl timber_dark
v -1.4042774 0.2880255 0.019958876 1 1 1
v -1.4065466 0.29825507 0.018523326 1 1 1
v -1.4065466 0.35140943 0.018523326 1 1 1
v -1.4042774 0.361639 0.019958876 1 1 1
v -1.4065466 0.28572646 0.026346341 1 1 1
v -1.4116689 0.29825507 0.026346341 1 1 1
v -1.4116689 0.35140943 0.026346341 1 1 1
v -1.4065466 0.36393804 0.026346341 1 1 1
v -1.4065466 0.28572646 0.053390244 1 1 1
v -1.4116689 0.29825507 0.053390244 1 1 1
v -1.4116689 0.35140943 0.053390244 1 1 1
v -1.4065466 0.36393804 0.053390244 1 1 1
v -1.4042774 0.2880255 0.059777709 1 1 1
v -1.4065466 0.29825507 0.061213259 1 1 1
v -1.4065466 0.35140943 0.061213259 1 1 1
v -1.4042774 0.361639 0.059777709 1 1 1
v 1.4042774 0.2880255 0.019958876 1 1 1
v 1.4065466 0.29825507 0.018523326 1 1 1
v 1.4065466 0.35140943 0.018523326 1 1 1
v 1.4042774 0.361639 0.019958876 1 1 1
v 1.4065466 0.28572646 0.026346341 1 1 1
v 1.4116689 0.29825507 0.026346341 1 1 1
v 1.4116689 0.35140943 0.026346341 1 1 1
v 1.4065466 0.36393804 0.026346341 1 1 1
v 1.4065466 0.28572646 0.053390244 1 1 1
v 1.4116689 0.29825507 0.053390244 1 1 1
v 1.4116689 0.35140943 0.053390244 1 1 1
v 1.4065466 0.36393804 0.053390244 1 1 1
v 1.4042774 0.2880255 0.059777709 1 1 1
v 1.4065466 0.29825507 0.061213259 1 1 1
v 1.4065466 0.35140943 0.061213259 1 1 1
v 1.4042774 0.361639 0.059777709 1 1 1
v -1.3941803 0.28572646 0.018523326 1 1 1
v 1.3941803 0.28572646 0.018523326 1 1 1
v -1.3941803 0.28053694 0.026346341 1 1 1
v 1.3941803 0.28053694 0.026346341 1 1 1
v -1.3941803 0.28053694 0.053390244 1 1 1
v 1.3941803 0.28053694 0.053390244 1 1 1
v -1.3941803 0.28572646 0.061213259 1 1 1
v 1.3941803 0.28572646 0.061213259 1 1 1
v -1.3941803 0.36393804 0.018523326 1 1 1
v 1.3941803 0.36393804 0.018523326 1 1 1
v -1.3941803 0.36912756 0.026346341 1 1 1
v 1.3941803 0.36912756 0.026346341 1 1 1
v -1.3941803 0.36912756 0.053390244 1 1 1
v 1.3941803 0.36912756 0.053390244 1 1 1
v -1.3941803 0.36393804 0.061213259 1 1 1
v 1.3941803 0.36393804 0.061213259 1 1 1
v -1.3941803 0.29825507 0.015282927 1 1 1
v 1.3941803 0.29825507 0.015282927 1 1 1
v -1.3941803 0.35140943 0.015282927 1 1 1
v 1.3941803 0.35140943 0.015282927 1 1 1
v -1.3941803 0.29825507 0.064453659 1 1 1
v 1.3941803 0.29825507 0.064453659 1 1 1
v -1.3941803 0.35140943 0.064453659 1 1 1
v 1.3941803 0.35140943 0.064453659 1 1 1
vt 0 0
vt 0 0
vt 0 0
vt 0 0
vt 0 0
vt 0 0
vt 0 0
vt 0 0
vt 0 0
vt 0 0
vt 0 0
vt 0 0
vt 0 0
vt 0 0
vt 0 0
vt 0 0
vt 0 0
vt 0 0
vt 0 0
vt 0 0
vt 0 0
vt 0 0
vt 0 0
vt 0 0
vt 0 0
vt 0 0
vt 0 0
vt 0 0
vt 0 0
vt 0 0
vt 0 0
vt 0 0
vt 0 0
vt 0 0
vt 0 0
vt 0 0
vt 0 0
vt 0 0
vt 0 0
vt 0 0
vt 0 0
vt 0 0
vt 0 0
vt 0 0
vt 0 0
vt 0 0
vt 0 0
vt 0 0
vt 0 0
vt 0 0
vt 0 0
vt 0 0
vt 0 0
vt 0 0
vt 0 0
vt 0 0
vn -0.47282222 -0.46669684 -0.7474177
vn -0.53449852 -0.020815732 -0.84491303
vn -0.53305109 0.076417724 -0.84262499
vn -0.42845857 0.59808211 -0.67728948
vn -0.71068878 -0.70148186 -0.053335392
vn -0.99407579 -0.0515047 -0.095710917
vn -0.97552119 0.10160304 -0.19502625
vn -0.64868396 0.75363887 -0.10600743
vn -0.69933381 -0.69027399 0.185618
vn -0.97552119 -0.10160304 0.19502625
vn -0.99407579 0.0515047 0.095710917
vn -0.76194144 0.63894787 0.10578682
vn -0.37872669 -0.37382031 0.84665487
vn -0.46650064 -0.0405731 0.88358982
vn -0.60349109 0.043805016 0.79616558
vn -0.60450526 0.42191219 0.67569482
vn 0.60450526 -0.42191219 -0.67569482
vn 0.60349109 -0.043805016 -0.79616558
vn 0.46650064 0.0405731 -0.88358982
vn 0.37872669 0.37382031 -0.84665487
vn 0.76194144 -0.63894787 -0.10578682
vn 0.99407579 -0.0515047 -0.095710917
vn 0.97552119 0.10160304 -0.19502625
vn 0.69933381 0.69027399 -0.185618
vn 0.64868396 -0.75363887 0.10600743
vn 0.97552119 -0.10160304 0.19502625
vn 0.99407579 0.0515047 0.095710917
vn 0.71068878 0.70148186 0.053335392
vn 0.42845857 -0.59808211 0.67728948
vn 0.53305109 -0.076417724 0.84262499
vn 0.53449852 0.020815732 0.84491303
vn 0.47282222 0.46669684 0.7474177
vn -0.00043590657 -0.5296404 -0.84822217
vn 0.0019976394 -0.52963939 -0.84822056
vn -0.0011450168 -0.99648001 -0.083822874
vn 0.0026065379 -0.97191713 -0.23530893
vn -0.0026065379 -0.97191713 0.23530893
vn 0.0011450168 -0.99648001 0.083822874
vn -0.00089788428 -0.42827077 0.90365001
vn 0.0010109618 -0.63531061 0.77225605
vn -0.0010109618 0.63531061 -0.77225605
vn 0.00089788428 0.42827077 -0.90365001
vn -0.0011450168 0.99648001 -0.083822874
vn 0.0026065379 0.97191713 -0.23530893
vn -0.0026065379 0.97191713 0.23530893
vn 0.0011450168 0.99648001 0.083822874
vn -0.0019976394 0.52963939 0.84822056
vn 0.00043590657 0.5296404 0.84822217
vn -0.00069442582 -0.027356589 -0.9996255
vn 0.001748 -0.082210903 -0.99661342
vn -0.001748 0.082210903 -0.99661342
vn 0.00069442582 0.027356589 -0.9996255
vn -0.00069442582 -0.027356589 0.9996255
vn 0.001748 -0.082210903 0.99661342
vn -0.001748 0.082210903 0.99661342
vn 0.00069442582 0.027356589 0.9996255
f 3942/3942/3942 3938/3938/3938 3937/3937/3937
f 3941/3941/3941 3942/3942/3942 3937/3937/3937
f 3943/3943/3943 3939/3939/3939 3938/3938/3938
f 3942/3942/3942 3943/3943/3943 3938/3938/3938
f 3944/3944/3944 3940/3940/3940 3939/3939/3939
f 3943/3943/3943 3944/3944/3944 3939/3939/3939
f 3946/3946/3946 3942/3942/3942 3941/3941/3941
f 3945/3945/3945 3946/3946/3946 3941/3941/3941
f 3947/3947/3947 3943/3943/3943 3942/3942/3942
f 3946/3946/3946 3947/3947/3947 3942/3942/3942
f 3948/3948/3948 3944/3944/3944 3943/3943/3943
f 3947/3947/3947 3948/3948/3948 3943/3943/3943
f 3950/3950/3950 3946/3946/3946 3945/3945/3945
f 3949/3949/3949 3950/3950/3950 3945/3945/3945
f 3951/3951/3951 3947/3947/3947 3946/3946/3946
f 3950/3950/3950 3951/3951/3951 3946/3946/3946
f 3952/3952/3952 3948/3948/3948 3947/3947/3947
f 3951/3951/3951 3952/3952/3952 3947/3947/3947
f 3953/3953/3953 3954/3954/3954 3958/3958/3958
f 3953/3953/3953 3958/3958/3958 3957/3957/3957
f 3954/3954/3954 3955/3955/3955 3959/3959/3959
f 3954/3954/3954 3959/3959/3959 3958/3958/3958
f 3955/3955/3955 3956/3956/3956 3960/3960/3960
f 3955/3955/3955 3960/3960/3960 3959/3959/3959
f 3957/3957/3957 3958/3958/3958 3962/3962/3962
f 3957/3957/3957 3962/3962/3962 3961/3961/3961
f 3958/3958/3958 3959/3959/3959 3963/3963/3963
f 3958/3958/3958 3963/3963/3963 3962/3962/3962
f 3959/3959/3959 3960/3960/3960 3964/3964/3964
f 3959/3959/3959 3964/3964/3964 3963/3963/3963
f 3961/3961/3961 3962/3962/3962 3966/3966/3966
f 3961/3961/3961 3966/3966/3966 3965/3965/3965
f 3962/3962/3962 3963/3963/3963 3967/3967/3967
f 3962/3962/3962 3967/3967/3967 3966/3966/3966
f 3963/3963/3963 3964/3964/3964 3968/3968/3968
f 3963/3963/3963 3968/3968/3968 3967/3967/3967
f 3937/3937/3937 3969/3969/3969 3971/3971/3971
f 3937/3937/3937 3971/3971/3971 3941/3941/3941
f 3969/3969/3969 3970/3970/3970 3972/3972/3972
f 3969/3969/3969 3972/3972/3972 3971/3971/3971
f 3970/3970/3970 3953/3953/3953 3957/3957/3957
f 3970/3970/3970 3957/3957/3957 3972/3972/3972
f 3941/3941/3941 3971/3971/3971 3973/3973/3973
f 3941/3941/3941 3973/3973/3973 3945/3945/3945
f 3971/3971/3971 3972/3972/3972 3974/3974/3974
f 3971/3971/3971 3974/3974/3974 3973/3973/3973
f 3972/3972/3972 3957/3957/3957 3961/3961/3961
f 3972/3972/3972 3961/3961/3961 3974/3974/3974
f 3945/3945/3945 3973/3973/3973 3975/3975/3975
f 3945/3945/3945 3975/3975/3975 3949/3949/3949
f 3973/3973/3973 3974/3974/3974 3976/3976/3976
f 3973/3973/3973 3976/3976/3976 3975/3975/3975
f 3974/3974/3974 3961/3961/3961 3965/3965/3965
f 3974/3974/3974 3965/3965/3965 3976/3976/3976
f 3979/3979/3979 3977/3977/3977 3940/3940/3940
f 3944/3944/3944 3979/3979/3979 3940/3940/3940
f 3980/3980/3980 3978/3978/3978 3977/3977/3977
f 3979/3979/3979 3980/3980/3980 3977/3977/3977
f 3960/3960/3960 3956/3956/3956 3978/3978/3978
f 3980/3980/3980 3960/3960/3960 3978/3978/3978
f 3981/3981/3981 3979/3979/3979 3944/3944/3944
f 3948/3948/3948 3981/3981/3981 3944/3944/3944
f 3982/3982/3982 3980/3980/3980 3979/3979/3979
f 3981/3981/3981 3982/3982/3982 3979/3979/3979
f 3964/3964/3964 3960/3960/3960 3980/3980/3980
f 3982/3982/3982 3964/3964/3964 3980/3980/3980
f 3983/3983/3983 3981/3981/3981 3948/3948/3948
f 3952/3952/3952 3983/3983/3983 3948/3948/3948
f 3984/3984/3984 3982/3982/3982 3981/3981/3981
f 3983/3983/3983 3984/3984/3984 3981/3981/3981
f 3968/3968/3968 3964/3964/3964 3982/3982/3982
f 3984/3984/3984 3968/3968/3968 3982/3982/3982
f 3985/3985/3985 3969/3969/3969 3937/3937/3937
f 3938/3938/3938 3985/3985/3985 3937/3937/3937
f 3986/3986/3986 3970/3970/3970 3969/3969/3969
f 3985/3985/3985 3986/3986/3986 3969/3969/3969
f 3954/3954/3954 3953/3953/3953 3970/3970/3970
f 3986/3986/3986 3954/3954/3954 3970/3970/3970
f 3987/3987/3987 3985/3985/3985 3938/3938/3938
f 3939/3939/3939 3987/3987/3987 3938/3938/3938
f 3988/3988/3988 3986/3986/3986 3985/3985/3985
f 3987/3987/3987 3988/3988/3988 3985/3985/3985
f 3955/3955/3955 3954/3954/3954 3986/3986/3986
f 3988/3988/3988 3955/3955/3955 3986/3986/3986
f 3977/3977/3977 3987/3987/3987 3939/3939/3939
f 3940/3940/3940 3977/3977/3977 3939/3939/3939
f 3978/3978/3978 3988/3988/3988 3987/3987/3987
f 3977/3977/3977 3978/3978/3978 3987/3987/3987
f 3956/3956/3956 3955/3955/3955 3988/3988/3988
f 3978/3978/3978 3956/3956/3956 3988/3988/3988
f 3949/3949/3949 3975/3975/3975 3989/3989/3989
f 3949/3949/3949 3989/3989/3989 3950/3950/3950
f 3975/3975/3975 3976/3976/3976 3990/3990/3990
f 3975/3975/3975 3990/3990/3990 3989/3989/3989
f 3976/3976/3976 3965/3965/3965 3966/3966/3966
f 3976/3976/3976 3966/3966/3966 3990/3990/3990
f 3950/3950/3950 3989/3989/3989 3991/3991/3991
f 3950/3950/3950 3991/3991/3991 3951/3951/3951
f 3989/3989/3989 3990/3990/3990 3992/3992/3992
f 3989/3989/3989 3992/3992/3992 3991/3991/3991
f 3990/3990/3990 3966/3966/3966 3967/3967/3967
f 3990/3990/3990 3967/3967/3967 3992/3992/3992
f 3951/3951/3951 3991/3991/3991 3983/3983/3983
f 3951/3951/3951 3983/3983/3983 3952/3952/3952
f 3991/3991/3991 3992/3992/3992 3984/3984/3984
f 3991/3991/3991 3984/3984/3984 3983/3983/3983
f 3992/3992/3992 3967/3967/3967 3968/3968/3968
f 3992/3992/3992 3968/3968/3968 3984/3984/3984
usemtl timber_dark
v -1.4042774 0.82941259 0.019958876 1 1 1
v -1.4065466 0.83964215 0.018523326 1 1 1
v -1.4065466 0.89279652 0.018523326 1 1 1
v -1.4042774 0.90302608 0.019958876 1 1 1
v -1.4065466 0.82711355 0.026346341 1 1 1
v -1.4116689 0.83964215 0.026346341 1 1 1
v -1.4116689 0.89279652 0.026346341 1 1 1
v -1.4065466 0.90532512 0.026346341 1 1 1
v -1.4065466 0.82711355 0.053390244 1 1 1
v -1.4116689 0.83964215 0.053390244 1 1 1
v -1.4116689 0.89279652 0.053390244 1 1 1
v -1.4065466 0.90532512 0.053390244 1 1 1
v -1.4042774 0.82941259 0.059777709 1 1 1
v -1.4065466 0.83964215 0.061213259 1 1 1
v -1.4065466 0.89279652 0.061213259 1 1 1
v -1.4042774 0.90302608 0.059777709 1 1 1
v 1.4042774 0.82941259 0.019958876 1 1 1
v 1.4065466 0.83964215 0.018523326 1 1 1
v 1.4065466 0.89279652 0.018523326 1 1 1
v 1.4042774 0.90302608 0.019958876 1 1 1
v 1.4065466 0.82711355 0.026346341 1 1 1
v 1.4116689 0.83964215 0.026346341 1 1 1
v 1.4116689 0.89279652 0.026346341 1 1 1
v 1.4065466 0.90532512 0.026346341 1 1 1
v 1.4065466 0.82711355 0.053390244 1 1 1
v 1.4116689 0.83964215 0.053390244 1 1 1
v 1.4116689 0.89279652 0.053390244 1 1 1
v 1.4065466 0.90532512 0.053390244 1 1 1
v 1.4042774 0.82941259 0.059777709 1 1 1
v 1.4065466 0.83964215 0.061213259 1 1 1
v 1.4065466 0.89279652 0.061213259 1 1 1
v 1.4042774 0.90302608 0.059777709 1 1 1
v -1.3941803 0.82711355 0.018523326 1 1 1
v 1.3941803 0.82711355 0.018523326 1 1 1
v -1.3941803 0.82192403 0.026346341 1 1 1
v 1.3941803 0.82192403 0.026346341 1 1 1
v -1.3941803 0.82192403 0.053390244 1 1 1
v 1.3941803 0.82192403 0.053390244 1 1 1
v -1.3941803 0.82711355 0.061213259 1 1 1
v 1.3941803 0.82711355 0.061213259 1 1 1
v -1.3941803 0.90532512 0.018523326 1 1 1
v 1.3941803 0.90532512 0.018523326 1 1 1
v -1.3941803 0.91051464 0.026346341 1 1 1
v 1.3941803 0.91051464 0.026346341 1 1 1
v -1.3941803 0.91051464 0.053390244 1 1 1
v 1.3941803 0.91051464 0.053390244 1 1 1
v -1.3941803 0.90532512 0.061213259 1 1 1
v 1.3941803 0.90532512 0.061213259 1 1 1
v -1.3941803 0.83964215 0.015282927 1 1 1
v 1.3941803 0.83964215 0.015282927 1 1 1
v -1.3941803 0.89279652 0.015282927 1 1 1
v 1.3941803 0.89279652 0.015282927 1 1 1
v -1.3941803 0.83964215 0.064453659 1 1 1
v 1.3941803 0.83964215 0.064453659 1 1 1
v -1.3941803 0.89279652 0.064453659 1 1 1
v 1.3941803 0.89279652 0.064453659 1 1 1
vt 0 0
vt 0 0
vt 0 0
vt 0 0
vt 0 0
vt 0 0
vt 0 0
vt 0 0
vt 0 0
vt 0 0
vt 0 0
vt 0 0
vt 0 0
vt 0 0
vt 0 0
vt 0 0
vt 0 0
vt 0 0
vt 0 0
vt 0 0
vt 0 0
vt 0 0
vt 0 0
vt 0 0
vt 0 0
vt 0 0
vt 0 0
vt 0 0
vt 0 0
vt 0 0
vt 0 0
vt 0 0
vt 0 0
vt 0 0
vt 0 0
vt 0 0
vt 0 0
vt 0 0
vt 0 0
vt 0 0
vt 0 0
vt 0 0
vt 0 0
vt 0 0
vt 0 0
vt 0 0
vt 0 0
vt 0 0
vt 0 0
vt 0 0
vt 0 0
vt 0 0
vt 0 0
vt 0 0
vt 0 0
vt 0 0
vn -0.47282222 -0.46669684 -0.7474177
vn -0.53449852 -0.020815732 -0.84491303
vn -0.53305109 0.076417724 -0.84262499
vn -0.42845857 0.59808211 -0.67728948
vn -0.71068878 -0.70148186 -0.053335392
vn -0.99407579 -0.0515047 -0.095710917
vn -0.97552119 0.10160304 -0.19502625
vn -0.64868396 0.75363887 -0.10600743
vn -0.69933381 -0.69027399 0.185618
vn -0.97552119 -0.10160304 0.19502625
vn -0.99407579 0.0515047 0.095710917
vn -0.76194144 0.63894787 0.10578682
vn -0.37872669 -0.37382031 0.84665487
vn -0.46650064 -0.0405731 0.88358982
vn -0.60349109 0.043805016 0.79616558
vn -0.60450526 0.42191219 0.67569482
vn 0.60450526 -0.42191219 -0.67569482
vn 0.60349109 -0.043805016 -0.79616558
vn 0.46650064 0.0405731 -0.88358982
vn 0.37872669 0.37382031 -0.84665487
vn 0.76194144 -0.63894787 -0.10578682
vn 0.99407579 -0.0515047 -0.095710917
vn 0.97552119 0.10160304 -0.19502625
vn 0.69933381 0.69027399 -0.185618
vn 0.64868396 -0.75363887 0.10600743
vn 0.97552119 -0.10160304 0.19502625
vn 0.99407579 0.0515047 0.095710917
vn 0.71068878 0.70148186 0.053335392
vn 0.42845857 -0.59808211 0.67728948
vn 0.53305109 -0.076417724 0.84262499
vn 0.53449852 0.020815732 0.84491303
vn 0.47282222 0.46669684 0.7474177
vn -0.00043590657 -0.5296404 -0.84822217
vn 0.0019976394 -0.52963939 -0.84822056
vn -0.0011450168 -0.99648001 -0.083822874
vn 0.0026065379 -0.97191713 -0.23530893
vn -0.0026065379 -0.97191713 0.23530893
vn 0.0011450168 -0.99648001 0.083822874
vn -0.00089788428 -0.42827077 0.90365001
vn 0.0010109618 -0.63531061 0.77225605
vn -0.0010109618 0.63531061 -0.77225605
vn 0.00089788428 0.42827077 -0.90365001
vn -0.0011450168 0.99648001 -0.083822874
vn 0.0026065379 0.97191713 -0.23530893
vn -0.0026065379 0.97191713 0.23530893
vn 0.0011450168 0.99648001 0.083822874
vn -0.0019976394 0.52963939 0.84822056
vn 0.00043590657 0.5296404 0.84822217
vn -0.00069442582 -0.027356589 -0.9996255
vn 0.001748 -0.082210903 -0.99661342
vn -0.001748 0.082210903 -0.99661342
vn 0.00069442582 0.027356589 -0.9996255
vn -0.00069442582 -0.027356589 0.9996255
vn 0.001748 -0.082210903 0.99661342
vn -0.001748 0.082210903 0.99661342
vn 0.00069442582 0.027356589 0.9996255
f 3998/3998/3998 3994/3994/3994 3993/3993/3993
f 3997/3997/3997 3998/3998/3998 3993/3993/3993
f 3999/3999/3999 3995/3995/3995 3994/3994/3994
f 3998/3998/3998 3999/3999/3999 3994/3994/3994
f 4000/4000/4000 3996/3996/3996 3995/3995/3995
f 3999/3999/3999 4000/4000/4000 3995/3995/3995
f 4002/4002/4002 3998/3998/3998 3997/3997/3997
f 4001/4001/4001 4002/4002/4002 3997/3997/3997
f 4003/4003/4003 3999/3999/3999 3998/3998/3998
f 4002/4002/4002 4003/4003/4003 3998/3998/3998
f 4004/4004/4004 4000/4000/4000 3999/3999/3999
f 4003/4003/4003 4004/4004/4004 3999/3999/3999
f 4006/4006/4006 4002/4002/4002 4001/4001/4001
f 4005/4005/4005 4006/4006/4006 4001/4001/4001
f 4007/4007/4007 4003/4003/4003 4002/4002/4002
f 4006/4006/4006 4007/4007/4007 4002/4002/4002
f 4008/4008/4008 4004/4004/4004 4003/4003/4003
f 4007/4007/4007 4008/4008/4008 4003/4003/4003
f 4009/4009/4009 4010/4010/4010 4014/4014/4014
f 4009/4009/4009 4014/4014/4014 4013/4013/4013
f 4010/4010/4010 4011/4011/4011 4015/4015/4015
f 4010/4010/4010 4015/4015/4015 4014/4014/4014
f 4011/4011/4011 4012/4012/4012 4016/4016/4016
f 4011/4011/4011 4016/4016/4016 4015/4015/4015
f 4013/4013/4013 4014/4014/4014 4018/4018/4018
f 4013/4013/4013 4018/4018/4018 4017/4017/4017
f 4014/4014/4014 4015/4015/4015 4019/4019/4019
f 4014/4014/4014 4019/4019/4019 4018/4018/4018
f 4015/4015/4015 4016/4016/4016 4020/4020/4020
f 4015/4015/4015 4020/4020/4020 4019/4019/4019
f 4017/4017/4017 4018/4018/4018 4022/4022/4022
f 4017/4017/4017 4022/4022/4022 4021/4021/4021
f 4018/4018/4018 4019/4019/4019 4023/4023/4023
f 4018/4018/4018 4023/4023/4023 4022/4022/4022
f 4019/4019/4019 4020/4020/4020 4024/4024/4024
f 4019/4019/4019 4024/4024/4024 4023/4023/4023
f 3993/3993/3993 4025/4025/4025 4027/4027/4027
f 3993/3993/3993 4027/4027/4027 3997/3997/3997
f 4025/4025/4025 4026/4026/4026 4028/4028/4028
f 4025/4025/4025 4028/4028/4028 4027/4027/4027
f 4026/4026/4026 4009/4009/4009 4013/4013/4013
f 4026/4026/4026 4013/4013/4013 4028/4028/4028
f 3997/3997/3997 4027/4027/4027 4029/4029/4029
f 3997/3997/3997 4029/4029/4029 4001/4001/4001
f 4027/4027/4027 4028/4028/4028 4030/4030/4030
f 4027/4027/4027 4030/4030/4030 4029/4029/4029
f 4028/4028/4028 4013/4013/4013 4017/4017/4017
f 4028/4028/4028 4017/4017/4017 4030/4030/4030
f 4001/4001/4001 4029/4029/4029 4031/4031/4031
f 4001/4001/4001 4031/4031/4031 4005/4005/4005
f 4029/4029/4029 4030/4030/4030 4032/4032/4032
f 4029/4029/4029 4032/4032/4032 4031/4031/4031
f 4030/4030/4030 4017/4017/4017 4021/4021/4021
f 4030/4030/4030 4021/4021/4021 4032/4032/4032
f 4035/4035/4035 4033/4033/4033 3996/3996/3996
f 4000/4000/4000 4035/4035/4035 3996/3996/3996
f 4036/4036/4036 4034/4034/4034 4033/4033/4033
f 4035/4035/4035 4036/4036/4036 4033/4033/4033
f 4016/4016/4016 4012/4012/4012 4034/4034/4034
f 4036/4036/4036 4016/4016/4016 4034/4034/4034
f 4037/4037/4037 4035/4035/4035 4000/4000/4000
f 4004/4004/4004 4037/4037/4037 4000/4000/4000
f 4038/4038/4038 4036/4036/4036 4035/4035/4035
f 4037/4037/4037 4038/4038/4038 4035/4035/4035
f 4020/4020/4020 4016/4016/4016 4036/4036/4036
f 4038/4038/4038 4020/4020/4020 4036/4036/4036
f 4039/4039/4039 4037/4037/4037 4004/4004/4004
f 4008/4008/4008 4039/4039/4039 4004/4004/4004
f 4040/4040/4040 4038/4038/4038 4037/4037/4037
f 4039/4039/4039 4040/4040/4040 4037/4037/4037
f 4024/4024/4024 4020/4020/4020 4038/4038/4038
f 4040/4040/4040 4024/4024/4024 4038/4038/4038
f 4041/4041/4041 4025/4025/4025 3993/3993/3993
f 3994/3994/3994 4041/4041/4041 3993/3993/3993
f 4042/4042/4042 4026/4026/4026 4025/4025/4025
f 4041/4041/4041 4042/4042/4042 4025/4025/4025
f 4010/4010/4010 4009/4009/4009 4026/4026/4026
f 4042/4042/4042 4010/4010/4010 4026/4026/4026
f 4043/4043/4043 4041/4041/4041 3994/3994/3994
f 3995/3995/3995 4043/4043/4043 3994/3994/3994
f 4044/4044/4044 4042/4042/4042 4041/4041/4041
f 4043/4043/4043 4044/4044/4044 4041/4041/4041
f 4011/4011/4011 4010/4010/4010 4042/4042/4042
f 4044/4044/4044 4011/4011/4011 4042/4042/4042
f 4033/4033/4033 4043/4043/4043 3995/3995/3995
f 3996/3996/3996 4033/4033/4033 3995/3995/3995
f 4034/4034/4034 4044/4044/4044 4043/4043/4043
f 4033/4033/4033 4034/4034/4034 4043/4043/4043
f 4012/4012/4012 4011/4011/4011 4044/4044/4044
f 4034/4034/4034 4012/4012/4012 4044/4044/4044
f 4005/4005/4005 4031/4031/4031 4045/4045/4045
f 4005/4005/4005 4045/4045/4045 4006/4006/4006
f 4031/4031/4031 4032/4032/4032 4046/4046/4046
f 4031/4031/4031 4046/4046/4046 4045/4045/4045
f 4032/4032/4032 4021/4021/4021 4022/4022/4022
f 4032/4032/4032 4022/4022/4022 4046/4046/4046
f 4006/4006/4006 4045/4045/4045 4047/4047/4047
f 4006/4006/4006 4047/4047/4047 4007/4007/4007
f 4045/4045/4045 4046/4046/4046 4048/4048/4048
f 4045/4045/4045 4048/4048/4048 4047/4047/4047
f 4046/4046/4046 4022/4022/4022 4023/4023/4023
f 4046/4046/4046 4023/4023/4023 4048/4048/4048
f 4007/4007/4007 4047/4047/4047 4039/4039/4039
f 4007/4007/4007 4039/4039/4039 4008/4008/4008
f 4047/4047/4047 4048/4048/4048 4040/4040/4040
f 4047/4047/4047 4040/4040/4040 4039/4039/4039
f 4048/4048/4048 4023/4023/4023 4024/4024/4024
f 4048/4048/4048 4024/4024/4024 4040/4040/4040
