# HAVENLINE supplied-reference T03 sculpted visual candidate
mtllib boundary_v2.mtl
o gate_leaf
s 1
usemtl timber
v -1.319439 0.105703 0.016890 1.000000 1.000000 1.000000
v -1.321843 0.116836 0.014489 1.000000 1.000000 1.000000
v -1.321843 1.118615 0.014489 1.000000 1.000000 1.000000
v -1.319439 1.129747 0.016890 1.000000 1.000000 1.000000
v -1.321843 0.103201 0.027572 1.000000 1.000000 1.000000
v -1.327270 0.116836 0.027572 1.000000 1.000000 1.000000
v -1.327270 1.118615 0.027572 1.000000 1.000000 1.000000
v -1.321843 1.132249 0.027572 1.000000 1.000000 1.000000
v -1.321843 0.103201 0.067660 1.000000 1.000000 1.000000
v -1.327270 0.116836 0.067660 1.000000 1.000000 1.000000
v -1.327270 1.118615 0.067660 1.000000 1.000000 1.000000
v -1.321843 1.132249 0.067660 1.000000 1.000000 1.000000
v -1.319439 0.105703 0.078343 1.000000 1.000000 1.000000
v -1.321843 0.116836 0.080744 1.000000 1.000000 1.000000
v -1.321843 1.118615 0.080744 1.000000 1.000000 1.000000
v -1.319439 1.129747 0.078343 1.000000 1.000000 1.000000
v -0.907524 0.105703 0.016890 1.000000 1.000000 1.000000
v -0.905120 0.116836 0.014489 1.000000 1.000000 1.000000
v -0.905120 1.118615 0.014489 1.000000 1.000000 1.000000
v -0.907524 1.129747 0.016890 1.000000 1.000000 1.000000
v -0.905120 0.103201 0.027572 1.000000 1.000000 1.000000
v -0.899693 0.116836 0.027572 1.000000 1.000000 1.000000
v -0.899693 1.118615 0.027572 1.000000 1.000000 1.000000
v -0.905120 1.132249 0.027572 1.000000 1.000000 1.000000
v -0.905120 0.103201 0.067660 1.000000 1.000000 1.000000
v -0.899693 0.116836 0.067660 1.000000 1.000000 1.000000
v -0.899693 1.118615 0.067660 1.000000 1.000000 1.000000
v -0.905120 1.132249 0.067660 1.000000 1.000000 1.000000
v -0.907524 0.105703 0.078343 1.000000 1.000000 1.000000
v -0.905120 0.116836 0.080744 1.000000 1.000000 1.000000
v -0.905120 1.118615 0.080744 1.000000 1.000000 1.000000
v -0.907524 1.129747 0.078343 1.000000 1.000000 1.000000
v -1.308741 0.103201 0.014489 1.000000 1.000000 1.000000
v -0.918221 0.103201 0.014489 1.000000 1.000000 1.000000
v -1.308741 0.097554 0.027572 1.000000 1.000000 1.000000
v -0.918221 0.097554 0.027572 1.000000 1.000000 1.000000
v -1.308741 0.097554 0.067660 1.000000 1.000000 1.000000
v -0.918221 0.097554 0.067660 1.000000 1.000000 1.000000
v -1.308741 0.103201 0.080744 1.000000 1.000000 1.000000
v -0.918221 0.103201 0.080744 1.000000 1.000000 1.000000
v -1.308741 1.132249 0.014489 1.000000 1.000000 1.000000
v -0.918221 1.132249 0.014489 1.000000 1.000000 1.000000
v -1.308741 1.137897 0.027572 1.000000 1.000000 1.000000
v -0.918221 1.137897 0.027572 1.000000 1.000000 1.000000
v -1.308741 1.137897 0.067660 1.000000 1.000000 1.000000
v -0.918221 1.137897 0.067660 1.000000 1.000000 1.000000
v -1.308741 1.132249 0.080744 1.000000 1.000000 1.000000
v -0.918221 1.132249 0.080744 1.000000 1.000000 1.000000
v -1.308741 0.116836 0.009070 1.000000 1.000000 1.000000
v -0.918221 0.116836 0.009070 1.000000 1.000000 1.000000
v -1.308741 1.118615 0.009070 1.000000 1.000000 1.000000
v -0.918221 1.118615 0.009070 1.000000 1.000000 1.000000
v -1.308741 0.116836 0.086163 1.000000 1.000000 1.000000
v -0.918221 0.116836 0.086163 1.000000 1.000000 1.000000
v -1.308741 1.118615 0.086163 1.000000 1.000000 1.000000
v -0.918221 1.118615 0.086163 1.000000 1.000000 1.000000
vt 0.018315 0.018198
vt 0.012692 0.043056
vt 0.012692 2.279944
vt 0.018315 2.304802
vt 0.012692 0.012611
vt 0.000000 0.043056
vt 0.000000 2.279944
vt 0.012692 2.310389
vt 0.012692 0.012611
vt 0.000000 0.043056
vt 0.000000 2.279944
vt 0.012692 2.310389
vt 0.018315 0.018198
vt 0.012692 0.043056
vt 0.012692 2.279944
vt 0.018315 2.304802
vt 0.981685 0.018198
vt 0.987308 0.043056
vt 0.987308 2.279944
vt 0.981685 2.304802
vt 0.987308 0.012611
vt 1.000000 0.043056
vt 1.000000 2.279944
vt 0.987308 2.310389
vt 0.987308 0.012611
vt 1.000000 0.043056
vt 1.000000 2.279944
vt 0.987308 2.310389
vt 0.981685 0.018198
vt 0.987308 0.043056
vt 0.987308 2.279944
vt 0.981685 2.304802
vt 0.043333 0.012611
vt 0.956667 0.012611
vt 0.043333 0.000000
vt 0.956667 0.000000
vt 0.043333 0.000000
vt 0.956667 0.000000
vt 0.043333 0.012611
vt 0.956667 0.012611
vt 0.043333 2.310389
vt 0.956667 2.310389
vt 0.043333 2.323000
vt 0.956667 2.323000
vt 0.043333 2.323000
vt 0.956667 2.323000
vt 0.043333 2.310389
vt 0.956667 2.310389
vt 0.043333 0.043056
vt 0.956667 0.043056
vt 0.043333 2.279944
vt 0.956667 2.279944
vt 0.043333 0.043056
vt 0.956667 0.043056
vt 0.043333 2.279944
vt 0.956667 2.279944
vn -0.584593 -0.561731 -0.585414
vn -0.706609 -0.001686 -0.707602
vn -0.706589 0.007647 -0.707582
vn -0.509684 0.692614 -0.510400
vn -0.720541 -0.692363 -0.038132
vn -0.998270 -0.003389 -0.058704
vn -0.987130 0.007386 -0.159749
vn -0.664798 0.743213 -0.075351
vn -0.714910 -0.686952 0.130381
vn -0.987130 -0.007386 0.159749
vn -0.998270 0.003389 0.058704
vn -0.768867 0.635006 0.074903
vn -0.504501 -0.484772 0.714475
vn -0.605747 -0.003660 0.795649
vn -0.794828 0.003662 0.606824
vn -0.713728 0.484945 0.505391
vn 0.713728 -0.484945 -0.505391
vn 0.794828 -0.003662 -0.606824
vn 0.605747 0.003660 -0.795649
vn 0.504501 0.484772 -0.714475
vn 0.768867 -0.635006 -0.074903
vn 0.998270 -0.003389 -0.058704
vn 0.987130 0.007386 -0.159749
vn 0.714910 0.686952 -0.130381
vn 0.664798 -0.743213 0.075351
vn 0.987130 -0.007386 0.159749
vn 0.998270 0.003389 0.058704
vn 0.720541 0.692363 0.038132
vn 0.509684 -0.692614 0.510400
vn 0.706589 -0.007647 0.707582
vn 0.706609 0.001686 0.707602
vn 0.584593 0.561731 0.585414
vn -0.004376 -0.692354 -0.721545
vn 0.019403 -0.692230 -0.721416
vn -0.008929 -0.998037 -0.061995
vn 0.019174 -0.986394 -0.163275
vn -0.019174 -0.986394 0.163275
vn 0.008929 -0.998037 0.061995
vn -0.009384 -0.594032 0.804386
vn 0.009484 -0.780043 0.625653
vn -0.009484 0.780043 -0.625653
vn 0.009384 0.594032 -0.804386
vn -0.008929 0.998037 -0.061995
vn 0.019174 0.986394 -0.163275
vn -0.019174 0.986394 0.163275
vn 0.008929 0.998037 0.061995
vn -0.019403 0.692230 0.721416
vn 0.004376 0.692354 0.721545
vn -0.006909 -0.002769 -0.999972
vn 0.025514 -0.010045 -0.999624
vn -0.025514 0.010045 -0.999624
vn 0.006909 0.002769 -0.999972
vn -0.006909 -0.002769 0.999972
vn 0.025514 -0.010045 0.999624
vn -0.025514 0.010045 0.999624
vn 0.006909 0.002769 0.999972
f 6/6/6 2/2/2 1/1/1
f 5/5/5 6/6/6 1/1/1
f 7/7/7 3/3/3 2/2/2
f 6/6/6 7/7/7 2/2/2
f 8/8/8 4/4/4 3/3/3
f 7/7/7 8/8/8 3/3/3
f 10/10/10 6/6/6 5/5/5
f 9/9/9 10/10/10 5/5/5
f 11/11/11 7/7/7 6/6/6
f 10/10/10 11/11/11 6/6/6
f 12/12/12 8/8/8 7/7/7
f 11/11/11 12/12/12 7/7/7
f 14/14/14 10/10/10 9/9/9
f 13/13/13 14/14/14 9/9/9
f 15/15/15 11/11/11 10/10/10
f 14/14/14 15/15/15 10/10/10
f 16/16/16 12/12/12 11/11/11
f 15/15/15 16/16/16 11/11/11
f 17/17/17 18/18/18 22/22/22
f 17/17/17 22/22/22 21/21/21
f 18/18/18 19/19/19 23/23/23
f 18/18/18 23/23/23 22/22/22
f 19/19/19 20/20/20 24/24/24
f 19/19/19 24/24/24 23/23/23
f 21/21/21 22/22/22 26/26/26
f 21/21/21 26/26/26 25/25/25
f 22/22/22 23/23/23 27/27/27
f 22/22/22 27/27/27 26/26/26
f 23/23/23 24/24/24 28/28/28
f 23/23/23 28/28/28 27/27/27
f 25/25/25 26/26/26 30/30/30
f 25/25/25 30/30/30 29/29/29
f 26/26/26 27/27/27 31/31/31
f 26/26/26 31/31/31 30/30/30
f 27/27/27 28/28/28 32/32/32
f 27/27/27 32/32/32 31/31/31
f 1/1/1 33/33/33 35/35/35
f 1/1/1 35/35/35 5/5/5
f 33/33/33 34/34/34 36/36/36
f 33/33/33 36/36/36 35/35/35
f 34/34/34 17/17/17 21/21/21
f 34/34/34 21/21/21 36/36/36
f 5/5/5 35/35/35 37/37/37
f 5/5/5 37/37/37 9/9/9
f 35/35/35 36/36/36 38/38/38
f 35/35/35 38/38/38 37/37/37
f 36/36/36 21/21/21 25/25/25
f 36/36/36 25/25/25 38/38/38
f 9/9/9 37/37/37 39/39/39
f 9/9/9 39/39/39 13/13/13
f 37/37/37 38/38/38 40/40/40
f 37/37/37 40/40/40 39/39/39
f 38/38/38 25/25/25 29/29/29
f 38/38/38 29/29/29 40/40/40
f 43/43/43 41/41/41 4/4/4
f 8/8/8 43/43/43 4/4/4
f 44/44/44 42/42/42 41/41/41
f 43/43/43 44/44/44 41/41/41
f 24/24/24 20/20/20 42/42/42
f 44/44/44 24/24/24 42/42/42
f 45/45/45 43/43/43 8/8/8
f 12/12/12 45/45/45 8/8/8
f 46/46/46 44/44/44 43/43/43
f 45/45/45 46/46/46 43/43/43
f 28/28/28 24/24/24 44/44/44
f 46/46/46 28/28/28 44/44/44
f 47/47/47 45/45/45 12/12/12
f 16/16/16 47/47/47 12/12/12
f 48/48/48 46/46/46 45/45/45
f 47/47/47 48/48/48 45/45/45
f 32/32/32 28/28/28 46/46/46
f 48/48/48 32/32/32 46/46/46
f 49/49/49 33/33/33 1/1/1
f 2/2/2 49/49/49 1/1/1
f 50/50/50 34/34/34 33/33/33
f 49/49/49 50/50/50 33/33/33
f 18/18/18 17/17/17 34/34/34
f 50/50/50 18/18/18 34/34/34
f 51/51/51 49/49/49 2/2/2
f 3/3/3 51/51/51 2/2/2
f 52/52/52 50/50/50 49/49/49
f 51/51/51 52/52/52 49/49/49
f 19/19/19 18/18/18 50/50/50
f 52/52/52 19/19/19 50/50/50
f 41/41/41 51/51/51 3/3/3
f 4/4/4 41/41/41 3/3/3
f 42/42/42 52/52/52 51/51/51
f 41/41/41 42/42/42 51/51/51
f 20/20/20 19/19/19 52/52/52
f 42/42/42 20/20/20 52/52/52
f 13/13/13 39/39/39 53/53/53
f 13/13/13 53/53/53 14/14/14
f 39/39/39 40/40/40 54/54/54
f 39/39/39 54/54/54 53/53/53
f 40/40/40 29/29/29 30/30/30
f 40/40/40 30/30/30 54/54/54
f 14/14/14 53/53/53 55/55/55
f 14/14/14 55/55/55 15/15/15
f 53/53/53 54/54/54 56/56/56
f 53/53/53 56/56/56 55/55/55
f 54/54/54 30/30/30 31/31/31
f 54/54/54 31/31/31 56/56/56
f 15/15/15 55/55/55 47/47/47
f 15/15/15 47/47/47 16/16/16
f 55/55/55 56/56/56 48/48/48
f 55/55/55 48/48/48 47/47/47
f 56/56/56 31/31/31 32/32/32
f 56/56/56 32/32/32 48/48/48
usemtl timber
v -0.874046 0.105703 0.016890 1.000000 1.000000 1.000000
v -0.876450 0.116836 0.014489 1.000000 1.000000 1.000000
v -0.876450 1.118615 0.014489 1.000000 1.000000 1.000000
v -0.874046 1.129747 0.016890 1.000000 1.000000 1.000000
v -0.876450 0.103201 0.027572 1.000000 1.000000 1.000000
v -0.881877 0.116836 0.027572 1.000000 1.000000 1.000000
v -0.881877 1.118615 0.027572 1.000000 1.000000 1.000000
v -0.876450 1.132249 0.027572 1.000000 1.000000 1.000000
v -0.876450 0.103201 0.067660 1.000000 1.000000 1.000000
v -0.881877 0.116836 0.067660 1.000000 1.000000 1.000000
v -0.881877 1.118615 0.067660 1.000000 1.000000 1.000000
v -0.876450 1.132249 0.067660 1.000000 1.000000 1.000000
v -0.874046 0.105703 0.078343 1.000000 1.000000 1.000000
v -0.876450 0.116836 0.080744 1.000000 1.000000 1.000000
v -0.876450 1.118615 0.080744 1.000000 1.000000 1.000000
v -0.874046 1.129747 0.078343 1.000000 1.000000 1.000000
v -0.462131 0.105703 0.016890 1.000000 1.000000 1.000000
v -0.459727 0.116836 0.014489 1.000000 1.000000 1.000000
v -0.459727 1.118615 0.014489 1.000000 1.000000 1.000000
v -0.462131 1.129747 0.016890 1.000000 1.000000 1.000000
v -0.459727 0.103201 0.027572 1.000000 1.000000 1.000000
v -0.454300 0.116836 0.027572 1.000000 1.000000 1.000000
v -0.454300 1.118615 0.027572 1.000000 1.000000 1.000000
v -0.459727 1.132249 0.027572 1.000000 1.000000 1.000000
v -0.459727 0.103201 0.067660 1.000000 1.000000 1.000000
v -0.454300 0.116836 0.067660 1.000000 1.000000 1.000000
v -0.454300 1.118615 0.067660 1.000000 1.000000 1.000000
v -0.459727 1.132249 0.067660 1.000000 1.000000 1.000000
v -0.462131 0.105703 0.078343 1.000000 1.000000 1.000000
v -0.459727 0.116836 0.080744 1.000000 1.000000 1.000000
v -0.459727 1.118615 0.080744 1.000000 1.000000 1.000000
v -0.462131 1.129747 0.078343 1.000000 1.000000 1.000000
v -0.863349 0.103201 0.014489 1.000000 1.000000 1.000000
v -0.472829 0.103201 0.014489 1.000000 1.000000 1.000000
v -0.863349 0.097554 0.027572 1.000000 1.000000 1.000000
v -0.472829 0.097554 0.027572 1.000000 1.000000 1.000000
v -0.863349 0.097554 0.067660 1.000000 1.000000 1.000000
v -0.472829 0.097554 0.067660 1.000000 1.000000 1.000000
v -0.863349 0.103201 0.080744 1.000000 1.000000 1.000000
v -0.472829 0.103201 0.080744 1.000000 1.000000 1.000000
v -0.863349 1.132249 0.014489 1.000000 1.000000 1.000000
v -0.472829 1.132249 0.014489 1.000000 1.000000 1.000000
v -0.863349 1.137897 0.027572 1.000000 1.000000 1.000000
v -0.472829 1.137897 0.027572 1.000000 1.000000 1.000000
v -0.863349 1.137897 0.067660 1.000000 1.000000 1.000000
v -0.472829 1.137897 0.067660 1.000000 1.000000 1.000000
v -0.863349 1.132249 0.080744 1.000000 1.000000 1.000000
v -0.472829 1.132249 0.080744 1.000000 1.000000 1.000000
v -0.863349 0.116836 0.009070 1.000000 1.000000 1.000000
v -0.472829 0.116836 0.009070 1.000000 1.000000 1.000000
v -0.863349 1.118615 0.009070 1.000000 1.000000 1.000000
v -0.472829 1.118615 0.009070 1.000000 1.000000 1.000000
v -0.863349 0.116836 0.086163 1.000000 1.000000 1.000000
v -0.472829 0.116836 0.086163 1.000000 1.000000 1.000000
v -0.863349 1.118615 0.086163 1.000000 1.000000 1.000000
v -0.472829 1.118615 0.086163 1.000000 1.000000 1.000000
vt 0.018315 0.018198
vt 0.012692 0.043056
vt 0.012692 2.279944
vt 0.018315 2.304802
vt 0.012692 0.012611
vt 0.000000 0.043056
vt 0.000000 2.279944
vt 0.012692 2.310389
vt 0.012692 0.012611
vt 0.000000 0.043056
vt 0.000000 2.279944
vt 0.012692 2.310389
vt 0.018315 0.018198
vt 0.012692 0.043056
vt 0.012692 2.279944
vt 0.018315 2.304802
vt 0.981685 0.018198
vt 0.987308 0.043056
vt 0.987308 2.279944
vt 0.981685 2.304802
vt 0.987308 0.012611
vt 1.000000 0.043056
vt 1.000000 2.279944
vt 0.987308 2.310389
vt 0.987308 0.012611
vt 1.000000 0.043056
vt 1.000000 2.279944
vt 0.987308 2.310389
vt 0.981685 0.018198
vt 0.987308 0.043056
vt 0.987308 2.279944
vt 0.981685 2.304802
vt 0.043333 0.012611
vt 0.956667 0.012611
vt 0.043333 0.000000
vt 0.956667 0.000000
vt 0.043333 0.000000
vt 0.956667 0.000000
vt 0.043333 0.012611
vt 0.956667 0.012611
vt 0.043333 2.310389
vt 0.956667 2.310389
vt 0.043333 2.323000
vt 0.956667 2.323000
vt 0.043333 2.323000
vt 0.956667 2.323000
vt 0.043333 2.310389
vt 0.956667 2.310389
vt 0.043333 0.043056
vt 0.956667 0.043056
vt 0.043333 2.279944
vt 0.956667 2.279944
vt 0.043333 0.043056
vt 0.956667 0.043056
vt 0.043333 2.279944
vt 0.956667 2.279944
vn -0.584593 -0.561731 -0.585414
vn -0.706609 -0.001686 -0.707602
vn -0.706589 0.007647 -0.707582
vn -0.509684 0.692614 -0.510400
vn -0.720541 -0.692363 -0.038132
vn -0.998270 -0.003389 -0.058704
vn -0.987130 0.007386 -0.159749
vn -0.664798 0.743213 -0.075351
vn -0.714910 -0.686952 0.130381
vn -0.987130 -0.007386 0.159749
vn -0.998270 0.003389 0.058704
vn -0.768867 0.635006 0.074903
vn -0.504501 -0.484772 0.714475
vn -0.605747 -0.003660 0.795649
vn -0.794828 0.003662 0.606824
vn -0.713728 0.484945 0.505391
vn 0.713728 -0.484945 -0.505391
vn 0.794828 -0.003662 -0.606824
vn 0.605747 0.003660 -0.795649
vn 0.504501 0.484772 -0.714475
vn 0.768867 -0.635006 -0.074903
vn 0.998270 -0.003389 -0.058704
vn 0.987130 0.007386 -0.159749
vn 0.714910 0.686952 -0.130381
vn 0.664798 -0.743213 0.075351
vn 0.987130 -0.007386 0.159749
vn 0.998270 0.003389 0.058704
vn 0.720541 0.692363 0.038132
vn 0.509684 -0.692614 0.510400
vn 0.706589 -0.007647 0.707582
vn 0.706609 0.001686 0.707602
vn 0.584593 0.561731 0.585414
vn -0.004376 -0.692354 -0.721545
vn 0.019403 -0.692230 -0.721416
vn -0.008929 -0.998037 -0.061995
vn 0.019174 -0.986394 -0.163275
vn -0.019174 -0.986394 0.163275
vn 0.008929 -0.998037 0.061995
vn -0.009384 -0.594032 0.804386
vn 0.009484 -0.780043 0.625653
vn -0.009484 0.780043 -0.625653
vn 0.009384 0.594032 -0.804386
vn -0.008929 0.998037 -0.061995
vn 0.019174 0.986394 -0.163275
vn -0.019174 0.986394 0.163275
vn 0.008929 0.998037 0.061995
vn -0.019403 0.692230 0.721416
vn 0.004376 0.692354 0.721545
vn -0.006909 -0.002769 -0.999972
vn 0.025514 -0.010045 -0.999624
vn -0.025514 0.010045 -0.999624
vn 0.006909 0.002769 -0.999972
vn -0.006909 -0.002769 0.999972
vn 0.025514 -0.010045 0.999624
vn -0.025514 0.010045 0.999624
vn 0.006909 0.002769 0.999972
f 62/62/62 58/58/58 57/57/57
f 61/61/61 62/62/62 57/57/57
f 63/63/63 59/59/59 58/58/58
f 62/62/62 63/63/63 58/58/58
f 64/64/64 60/60/60 59/59/59
f 63/63/63 64/64/64 59/59/59
f 66/66/66 62/62/62 61/61/61
f 65/65/65 66/66/66 61/61/61
f 67/67/67 63/63/63 62/62/62
f 66/66/66 67/67/67 62/62/62
f 68/68/68 64/64/64 63/63/63
f 67/67/67 68/68/68 63/63/63
f 70/70/70 66/66/66 65/65/65
f 69/69/69 70/70/70 65/65/65
f 71/71/71 67/67/67 66/66/66
f 70/70/70 71/71/71 66/66/66
f 72/72/72 68/68/68 67/67/67
f 71/71/71 72/72/72 67/67/67
f 73/73/73 74/74/74 78/78/78
f 73/73/73 78/78/78 77/77/77
f 74/74/74 75/75/75 79/79/79
f 74/74/74 79/79/79 78/78/78
f 75/75/75 76/76/76 80/80/80
f 75/75/75 80/80/80 79/79/79
f 77/77/77 78/78/78 82/82/82
f 77/77/77 82/82/82 81/81/81
f 78/78/78 79/79/79 83/83/83
f 78/78/78 83/83/83 82/82/82
f 79/79/79 80/80/80 84/84/84
f 79/79/79 84/84/84 83/83/83
f 81/81/81 82/82/82 86/86/86
f 81/81/81 86/86/86 85/85/85
f 82/82/82 83/83/83 87/87/87
f 82/82/82 87/87/87 86/86/86
f 83/83/83 84/84/84 88/88/88
f 83/83/83 88/88/88 87/87/87
f 57/57/57 89/89/89 91/91/91
f 57/57/57 91/91/91 61/61/61
f 89/89/89 90/90/90 92/92/92
f 89/89/89 92/92/92 91/91/91
f 90/90/90 73/73/73 77/77/77
f 90/90/90 77/77/77 92/92/92
f 61/61/61 91/91/91 93/93/93
f 61/61/61 93/93/93 65/65/65
f 91/91/91 92/92/92 94/94/94
f 91/91/91 94/94/94 93/93/93
f 92/92/92 77/77/77 81/81/81
f 92/92/92 81/81/81 94/94/94
f 65/65/65 93/93/93 95/95/95
f 65/65/65 95/95/95 69/69/69
f 93/93/93 94/94/94 96/96/96
f 93/93/93 96/96/96 95/95/95
f 94/94/94 81/81/81 85/85/85
f 94/94/94 85/85/85 96/96/96
f 99/99/99 97/97/97 60/60/60
f 64/64/64 99/99/99 60/60/60
f 100/100/100 98/98/98 97/97/97
f 99/99/99 100/100/100 97/97/97
f 80/80/80 76/76/76 98/98/98
f 100/100/100 80/80/80 98/98/98
f 101/101/101 99/99/99 64/64/64
f 68/68/68 101/101/101 64/64/64
f 102/102/102 100/100/100 99/99/99
f 101/101/101 102/102/102 99/99/99
f 84/84/84 80/80/80 100/100/100
f 102/102/102 84/84/84 100/100/100
f 103/103/103 101/101/101 68/68/68
f 72/72/72 103/103/103 68/68/68
f 104/104/104 102/102/102 101/101/101
f 103/103/103 104/104/104 101/101/101
f 88/88/88 84/84/84 102/102/102
f 104/104/104 88/88/88 102/102/102
f 105/105/105 89/89/89 57/57/57
f 58/58/58 105/105/105 57/57/57
f 106/106/106 90/90/90 89/89/89
f 105/105/105 106/106/106 89/89/89
f 74/74/74 73/73/73 90/90/90
f 106/106/106 74/74/74 90/90/90
f 107/107/107 105/105/105 58/58/58
f 59/59/59 107/107/107 58/58/58
f 108/108/108 106/106/106 105/105/105
f 107/107/107 108/108/108 105/105/105
f 75/75/75 74/74/74 106/106/106
f 108/108/108 75/75/75 106/106/106
f 97/97/97 107/107/107 59/59/59
f 60/60/60 97/97/97 59/59/59
f 98/98/98 108/108/108 107/107/107
f 97/97/97 98/98/98 107/107/107
f 76/76/76 75/75/75 108/108/108
f 98/98/98 76/76/76 108/108/108
f 69/69/69 95/95/95 109/109/109
f 69/69/69 109/109/109 70/70/70
f 95/95/95 96/96/96 110/110/110
f 95/95/95 110/110/110 109/109/109
f 96/96/96 85/85/85 86/86/86
f 96/96/96 86/86/86 110/110/110
f 70/70/70 109/109/109 111/111/111
f 70/70/70 111/111/111 71/71/71
f 109/109/109 110/110/110 112/112/112
f 109/109/109 112/112/112 111/111/111
f 110/110/110 86/86/86 87/87/87
f 110/110/110 87/87/87 112/112/112
f 71/71/71 111/111/111 103/103/103
f 71/71/71 103/103/103 72/72/72
f 111/111/111 112/112/112 104/104/104
f 111/111/111 104/104/104 103/103/103
f 112/112/112 87/87/87 88/88/88
f 112/112/112 88/88/88 104/104/104
usemtl timber
v -0.428654 0.105703 0.016890 1.000000 1.000000 1.000000
v -0.431058 0.116836 0.014489 1.000000 1.000000 1.000000
v -0.431058 1.118615 0.014489 1.000000 1.000000 1.000000
v -0.428654 1.129747 0.016890 1.000000 1.000000 1.000000
v -0.431058 0.103201 0.027572 1.000000 1.000000 1.000000
v -0.436485 0.116836 0.027572 1.000000 1.000000 1.000000
v -0.436485 1.118615 0.027572 1.000000 1.000000 1.000000
v -0.431058 1.132249 0.027572 1.000000 1.000000 1.000000
v -0.431058 0.103201 0.067660 1.000000 1.000000 1.000000
v -0.436485 0.116836 0.067660 1.000000 1.000000 1.000000
v -0.436485 1.118615 0.067660 1.000000 1.000000 1.000000
v -0.431058 1.132249 0.067660 1.000000 1.000000 1.000000
v -0.428654 0.105703 0.078343 1.000000 1.000000 1.000000
v -0.431058 0.116836 0.080744 1.000000 1.000000 1.000000
v -0.431058 1.118615 0.080744 1.000000 1.000000 1.000000
v -0.428654 1.129747 0.078343 1.000000 1.000000 1.000000
v -0.016739 0.105703 0.016890 1.000000 1.000000 1.000000
v -0.014335 0.116836 0.014489 1.000000 1.000000 1.000000
v -0.014335 1.118615 0.014489 1.000000 1.000000 1.000000
v -0.016739 1.129747 0.016890 1.000000 1.000000 1.000000
v -0.014335 0.103201 0.027572 1.000000 1.000000 1.000000
v -0.008908 0.116836 0.027572 1.000000 1.000000 1.000000
v -0.008908 1.118615 0.027572 1.000000 1.000000 1.000000
v -0.014335 1.132249 0.027572 1.000000 1.000000 1.000000
v -0.014335 0.103201 0.067660 1.000000 1.000000 1.000000
v -0.008908 0.116836 0.067660 1.000000 1.000000 1.000000
v -0.008908 1.118615 0.067660 1.000000 1.000000 1.000000
v -0.014335 1.132249 0.067660 1.000000 1.000000 1.000000
v -0.016739 0.105703 0.078343 1.000000 1.000000 1.000000
v -0.014335 0.116836 0.080744 1.000000 1.000000 1.000000
v -0.014335 1.118615 0.080744 1.000000 1.000000 1.000000
v -0.016739 1.129747 0.078343 1.000000 1.000000 1.000000
v -0.417956 0.103201 0.014489 1.000000 1.000000 1.000000
v -0.027436 0.103201 0.014489 1.000000 1.000000 1.000000
v -0.417956 0.097554 0.027572 1.000000 1.000000 1.000000
v -0.027436 0.097554 0.027572 1.000000 1.000000 1.000000
v -0.417956 0.097554 0.067660 1.000000 1.000000 1.000000
v -0.027436 0.097554 0.067660 1.000000 1.000000 1.000000
v -0.417956 0.103201 0.080744 1.000000 1.000000 1.000000
v -0.027436 0.103201 0.080744 1.000000 1.000000 1.000000
v -0.417956 1.132249 0.014489 1.000000 1.000000 1.000000
v -0.027436 1.132249 0.014489 1.000000 1.000000 1.000000
v -0.417956 1.137897 0.027572 1.000000 1.000000 1.000000
v -0.027436 1.137897 0.027572 1.000000 1.000000 1.000000
v -0.417956 1.137897 0.067660 1.000000 1.000000 1.000000
v -0.027436 1.137897 0.067660 1.000000 1.000000 1.000000
v -0.417956 1.132249 0.080744 1.000000 1.000000 1.000000
v -0.027436 1.132249 0.080744 1.000000 1.000000 1.000000
v -0.417956 0.116836 0.009070 1.000000 1.000000 1.000000
v -0.027436 0.116836 0.009070 1.000000 1.000000 1.000000
v -0.417956 1.118615 0.009070 1.000000 1.000000 1.000000
v -0.027436 1.118615 0.009070 1.000000 1.000000 1.000000
v -0.417956 0.116836 0.086163 1.000000 1.000000 1.000000
v -0.027436 0.116836 0.086163 1.000000 1.000000 1.000000
v -0.417956 1.118615 0.086163 1.000000 1.000000 1.000000
v -0.027436 1.118615 0.086163 1.000000 1.000000 1.000000
vt 0.018315 0.018198
vt 0.012692 0.043056
vt 0.012692 2.279944
vt 0.018315 2.304802
vt 0.012692 0.012611
vt 0.000000 0.043056
vt 0.000000 2.279944
vt 0.012692 2.310389
vt 0.012692 0.012611
vt 0.000000 0.043056
vt 0.000000 2.279944
vt 0.012692 2.310389
vt 0.018315 0.018198
vt 0.012692 0.043056
vt 0.012692 2.279944
vt 0.018315 2.304802
vt 0.981685 0.018198
vt 0.987308 0.043056
vt 0.987308 2.279944
vt 0.981685 2.304802
vt 0.987308 0.012611
vt 1.000000 0.043056
vt 1.000000 2.279944
vt 0.987308 2.310389
vt 0.987308 0.012611
vt 1.000000 0.043056
vt 1.000000 2.279944
vt 0.987308 2.310389
vt 0.981685 0.018198
vt 0.987308 0.043056
vt 0.987308 2.279944
vt 0.981685 2.304802
vt 0.043333 0.012611
vt 0.956667 0.012611
vt 0.043333 0.000000
vt 0.956667 0.000000
vt 0.043333 0.000000
vt 0.956667 0.000000
vt 0.043333 0.012611
vt 0.956667 0.012611
vt 0.043333 2.310389
vt 0.956667 2.310389
vt 0.043333 2.323000
vt 0.956667 2.323000
vt 0.043333 2.323000
vt 0.956667 2.323000
vt 0.043333 2.310389
vt 0.956667 2.310389
vt 0.043333 0.043056
vt 0.956667 0.043056
vt 0.043333 2.279944
vt 0.956667 2.279944
vt 0.043333 0.043056
vt 0.956667 0.043056
vt 0.043333 2.279944
vt 0.956667 2.279944
vn -0.584593 -0.561731 -0.585414
vn -0.706609 -0.001686 -0.707602
vn -0.706589 0.007647 -0.707582
vn -0.509684 0.692614 -0.510400
vn -0.720541 -0.692363 -0.038132
vn -0.998270 -0.003389 -0.058704
vn -0.987130 0.007386 -0.159749
vn -0.664798 0.743213 -0.075351
vn -0.714910 -0.686952 0.130381
vn -0.987130 -0.007386 0.159749
vn -0.998270 0.003389 0.058704
vn -0.768867 0.635006 0.074903
vn -0.504501 -0.484772 0.714475
vn -0.605747 -0.003660 0.795649
vn -0.794828 0.003662 0.606824
vn -0.713728 0.484945 0.505391
vn 0.713728 -0.484945 -0.505391
vn 0.794828 -0.003662 -0.606824
vn 0.605747 0.003660 -0.795649
vn 0.504501 0.484772 -0.714475
vn 0.768867 -0.635006 -0.074903
vn 0.998270 -0.003389 -0.058704
vn 0.987130 0.007386 -0.159749
vn 0.714910 0.686952 -0.130381
vn 0.664798 -0.743213 0.075351
vn 0.987130 -0.007386 0.159749
vn 0.998270 0.003389 0.058704
vn 0.720541 0.692363 0.038132
vn 0.509684 -0.692614 0.510400
vn 0.706589 -0.007647 0.707582
vn 0.706609 0.001686 0.707602
vn 0.584593 0.561731 0.585414
vn -0.004376 -0.692354 -0.721545
vn 0.019403 -0.692230 -0.721416
vn -0.008929 -0.998037 -0.061995
vn 0.019174 -0.986394 -0.163275
vn -0.019174 -0.986394 0.163275
vn 0.008929 -0.998037 0.061995
vn -0.009384 -0.594032 0.804386
vn 0.009484 -0.780043 0.625653
vn -0.009484 0.780043 -0.625653
vn 0.009384 0.594032 -0.804386
vn -0.008929 0.998037 -0.061995
vn 0.019174 0.986394 -0.163275
vn -0.019174 0.986394 0.163275
vn 0.008929 0.998037 0.061995
vn -0.019403 0.692230 0.721416
vn 0.004376 0.692354 0.721545
vn -0.006909 -0.002769 -0.999972
vn 0.025514 -0.010045 -0.999624
vn -0.025514 0.010045 -0.999624
vn 0.006909 0.002769 -0.999972
vn -0.006909 -0.002769 0.999972
vn 0.025514 -0.010045 0.999624
vn -0.025514 0.010045 0.999624
vn 0.006909 0.002769 0.999972
f 118/118/118 114/114/114 113/113/113
f 117/117/117 118/118/118 113/113/113
f 119/119/119 115/115/115 114/114/114
f 118/118/118 119/119/119 114/114/114
f 120/120/120 116/116/116 115/115/115
f 119/119/119 120/120/120 115/115/115
f 122/122/122 118/118/118 117/117/117
f 121/121/121 122/122/122 117/117/117
f 123/123/123 119/119/119 118/118/118
f 122/122/122 123/123/123 118/118/118
f 124/124/124 120/120/120 119/119/119
f 123/123/123 124/124/124 119/119/119
f 126/126/126 122/122/122 121/121/121
f 125/125/125 126/126/126 121/121/121
f 127/127/127 123/123/123 122/122/122
f 126/126/126 127/127/127 122/122/122
f 128/128/128 124/124/124 123/123/123
f 127/127/127 128/128/128 123/123/123
f 129/129/129 130/130/130 134/134/134
f 129/129/129 134/134/134 133/133/133
f 130/130/130 131/131/131 135/135/135
f 130/130/130 135/135/135 134/134/134
f 131/131/131 132/132/132 136/136/136
f 131/131/131 136/136/136 135/135/135
f 133/133/133 134/134/134 138/138/138
f 133/133/133 138/138/138 137/137/137
f 134/134/134 135/135/135 139/139/139
f 134/134/134 139/139/139 138/138/138
f 135/135/135 136/136/136 140/140/140
f 135/135/135 140/140/140 139/139/139
f 137/137/137 138/138/138 142/142/142
f 137/137/137 142/142/142 141/141/141
f 138/138/138 139/139/139 143/143/143
f 138/138/138 143/143/143 142/142/142
f 139/139/139 140/140/140 144/144/144
f 139/139/139 144/144/144 143/143/143
f 113/113/113 145/145/145 147/147/147
f 113/113/113 147/147/147 117/117/117
f 145/145/145 146/146/146 148/148/148
f 145/145/145 148/148/148 147/147/147
f 146/146/146 129/129/129 133/133/133
f 146/146/146 133/133/133 148/148/148
f 117/117/117 147/147/147 149/149/149
f 117/117/117 149/149/149 121/121/121
f 147/147/147 148/148/148 150/150/150
f 147/147/147 150/150/150 149/149/149
f 148/148/148 133/133/133 137/137/137
f 148/148/148 137/137/137 150/150/150
f 121/121/121 149/149/149 151/151/151
f 121/121/121 151/151/151 125/125/125
f 149/149/149 150/150/150 152/152/152
f 149/149/149 152/152/152 151/151/151
f 150/150/150 137/137/137 141/141/141
f 150/150/150 141/141/141 152/152/152
f 155/155/155 153/153/153 116/116/116
f 120/120/120 155/155/155 116/116/116
f 156/156/156 154/154/154 153/153/153
f 155/155/155 156/156/156 153/153/153
f 136/136/136 132/132/132 154/154/154
f 156/156/156 136/136/136 154/154/154
f 157/157/157 155/155/155 120/120/120
f 124/124/124 157/157/157 120/120/120
f 158/158/158 156/156/156 155/155/155
f 157/157/157 158/158/158 155/155/155
f 140/140/140 136/136/136 156/156/156
f 158/158/158 140/140/140 156/156/156
f 159/159/159 157/157/157 124/124/124
f 128/128/128 159/159/159 124/124/124
f 160/160/160 158/158/158 157/157/157
f 159/159/159 160/160/160 157/157/157
f 144/144/144 140/140/140 158/158/158
f 160/160/160 144/144/144 158/158/158
f 161/161/161 145/145/145 113/113/113
f 114/114/114 161/161/161 113/113/113
f 162/162/162 146/146/146 145/145/145
f 161/161/161 162/162/162 145/145/145
f 130/130/130 129/129/129 146/146/146
f 162/162/162 130/130/130 146/146/146
f 163/163/163 161/161/161 114/114/114
f 115/115/115 163/163/163 114/114/114
f 164/164/164 162/162/162 161/161/161
f 163/163/163 164/164/164 161/161/161
f 131/131/131 130/130/130 162/162/162
f 164/164/164 131/131/131 162/162/162
f 153/153/153 163/163/163 115/115/115
f 116/116/116 153/153/153 115/115/115
f 154/154/154 164/164/164 163/163/163
f 153/153/153 154/154/154 163/163/163
f 132/132/132 131/131/131 164/164/164
f 154/154/154 132/132/132 164/164/164
f 125/125/125 151/151/151 165/165/165
f 125/125/125 165/165/165 126/126/126
f 151/151/151 152/152/152 166/166/166
f 151/151/151 166/166/166 165/165/165
f 152/152/152 141/141/141 142/142/142
f 152/152/152 142/142/142 166/166/166
f 126/126/126 165/165/165 167/167/167
f 126/126/126 167/167/167 127/127/127
f 165/165/165 166/166/166 168/168/168
f 165/165/165 168/168/168 167/167/167
f 166/166/166 142/142/142 143/143/143
f 166/166/166 143/143/143 168/168/168
f 127/127/127 167/167/167 159/159/159
f 127/127/127 159/159/159 128/128/128
f 167/167/167 168/168/168 160/160/160
f 167/167/167 160/160/160 159/159/159
f 168/168/168 143/143/143 144/144/144
f 168/168/168 144/144/144 160/160/160
usemtl timber
v 0.016739 0.105703 0.016890 1.000000 1.000000 1.000000
v 0.014335 0.116836 0.014489 1.000000 1.000000 1.000000
v 0.014335 1.118615 0.014489 1.000000 1.000000 1.000000
v 0.016739 1.129747 0.016890 1.000000 1.000000 1.000000
v 0.014335 0.103201 0.027572 1.000000 1.000000 1.000000
v 0.008908 0.116836 0.027572 1.000000 1.000000 1.000000
v 0.008908 1.118615 0.027572 1.000000 1.000000 1.000000
v 0.014335 1.132249 0.027572 1.000000 1.000000 1.000000
v 0.014335 0.103201 0.067660 1.000000 1.000000 1.000000
v 0.008908 0.116836 0.067660 1.000000 1.000000 1.000000
v 0.008908 1.118615 0.067660 1.000000 1.000000 1.000000
v 0.014335 1.132249 0.067660 1.000000 1.000000 1.000000
v 0.016739 0.105703 0.078343 1.000000 1.000000 1.000000
v 0.014335 0.116836 0.080744 1.000000 1.000000 1.000000
v 0.014335 1.118615 0.080744 1.000000 1.000000 1.000000
v 0.016739 1.129747 0.078343 1.000000 1.000000 1.000000
v 0.428654 0.105703 0.016890 1.000000 1.000000 1.000000
v 0.431058 0.116836 0.014489 1.000000 1.000000 1.000000
v 0.431058 1.118615 0.014489 1.000000 1.000000 1.000000
v 0.428654 1.129747 0.016890 1.000000 1.000000 1.000000
v 0.431058 0.103201 0.027572 1.000000 1.000000 1.000000
v 0.436485 0.116836 0.027572 1.000000 1.000000 1.000000
v 0.436485 1.118615 0.027572 1.000000 1.000000 1.000000
v 0.431058 1.132249 0.027572 1.000000 1.000000 1.000000
v 0.431058 0.103201 0.067660 1.000000 1.000000 1.000000
v 0.436485 0.116836 0.067660 1.000000 1.000000 1.000000
v 0.436485 1.118615 0.067660 1.000000 1.000000 1.000000
v 0.431058 1.132249 0.067660 1.000000 1.000000 1.000000
v 0.428654 0.105703 0.078343 1.000000 1.000000 1.000000
v 0.431058 0.116836 0.080744 1.000000 1.000000 1.000000
v 0.431058 1.118615 0.080744 1.000000 1.000000 1.000000
v 0.428654 1.129747 0.078343 1.000000 1.000000 1.000000
v 0.027436 0.103201 0.014489 1.000000 1.000000 1.000000
v 0.417956 0.103201 0.014489 1.000000 1.000000 1.000000
v 0.027436 0.097554 0.027572 1.000000 1.000000 1.000000
v 0.417956 0.097554 0.027572 1.000000 1.000000 1.000000
v 0.027436 0.097554 0.067660 1.000000 1.000000 1.000000
v 0.417956 0.097554 0.067660 1.000000 1.000000 1.000000
v 0.027436 0.103201 0.080744 1.000000 1.000000 1.000000
v 0.417956 0.103201 0.080744 1.000000 1.000000 1.000000
v 0.027436 1.132249 0.014489 1.000000 1.000000 1.000000
v 0.417956 1.132249 0.014489 1.000000 1.000000 1.000000
v 0.027436 1.137897 0.027572 1.000000 1.000000 1.000000
v 0.417956 1.137897 0.027572 1.000000 1.000000 1.000000
v 0.027436 1.137897 0.067660 1.000000 1.000000 1.000000
v 0.417956 1.137897 0.067660 1.000000 1.000000 1.000000
v 0.027436 1.132249 0.080744 1.000000 1.000000 1.000000
v 0.417956 1.132249 0.080744 1.000000 1.000000 1.000000
v 0.027436 0.116836 0.009070 1.000000 1.000000 1.000000
v 0.417956 0.116836 0.009070 1.000000 1.000000 1.000000
v 0.027436 1.118615 0.009070 1.000000 1.000000 1.000000
v 0.417956 1.118615 0.009070 1.000000 1.000000 1.000000
v 0.027436 0.116836 0.086163 1.000000 1.000000 1.000000
v 0.417956 0.116836 0.086163 1.000000 1.000000 1.000000
v 0.027436 1.118615 0.086163 1.000000 1.000000 1.000000
v 0.417956 1.118615 0.086163 1.000000 1.000000 1.000000
vt 0.018315 0.018198
vt 0.012692 0.043056
vt 0.012692 2.279944
vt 0.018315 2.304802
vt 0.012692 0.012611
vt 0.000000 0.043056
vt 0.000000 2.279944
vt 0.012692 2.310389
vt 0.012692 0.012611
vt 0.000000 0.043056
vt 0.000000 2.279944
vt 0.012692 2.310389
vt 0.018315 0.018198
vt 0.012692 0.043056
vt 0.012692 2.279944
vt 0.018315 2.304802
vt 0.981685 0.018198
vt 0.987308 0.043056
vt 0.987308 2.279944
vt 0.981685 2.304802
vt 0.987308 0.012611
vt 1.000000 0.043056
vt 1.000000 2.279944
vt 0.987308 2.310389
vt 0.987308 0.012611
vt 1.000000 0.043056
vt 1.000000 2.279944
vt 0.987308 2.310389
vt 0.981685 0.018198
vt 0.987308 0.043056
vt 0.987308 2.279944
vt 0.981685 2.304802
vt 0.043333 0.012611
vt 0.956667 0.012611
vt 0.043333 0.000000
vt 0.956667 0.000000
vt 0.043333 0.000000
vt 0.956667 0.000000
vt 0.043333 0.012611
vt 0.956667 0.012611
vt 0.043333 2.310389
vt 0.956667 2.310389
vt 0.043333 2.323000
vt 0.956667 2.323000
vt 0.043333 2.323000
vt 0.956667 2.323000
vt 0.043333 2.310389
vt 0.956667 2.310389
vt 0.043333 0.043056
vt 0.956667 0.043056
vt 0.043333 2.279944
vt 0.956667 2.279944
vt 0.043333 0.043056
vt 0.956667 0.043056
vt 0.043333 2.279944
vt 0.956667 2.279944
vn -0.584593 -0.561731 -0.585414
vn -0.706609 -0.001686 -0.707602
vn -0.706589 0.007647 -0.707582
vn -0.509684 0.692614 -0.510400
vn -0.720541 -0.692363 -0.038132
vn -0.998270 -0.003389 -0.058704
vn -0.987130 0.007386 -0.159749
vn -0.664798 0.743213 -0.075351
vn -0.714910 -0.686952 0.130381
vn -0.987130 -0.007386 0.159749
vn -0.998270 0.003389 0.058704
vn -0.768867 0.635006 0.074903
vn -0.504501 -0.484772 0.714475
vn -0.605747 -0.003660 0.795649
vn -0.794828 0.003662 0.606824
vn -0.713728 0.484945 0.505391
vn 0.713728 -0.484945 -0.505391
vn 0.794828 -0.003662 -0.606824
vn 0.605747 0.003660 -0.795649
vn 0.504501 0.484772 -0.714475
vn 0.768867 -0.635006 -0.074903
vn 0.998270 -0.003389 -0.058704
vn 0.987130 0.007386 -0.159749
vn 0.714910 0.686952 -0.130381
vn 0.664798 -0.743213 0.075351
vn 0.987130 -0.007386 0.159749
vn 0.998270 0.003389 0.058704
vn 0.720541 0.692363 0.038132
vn 0.509684 -0.692614 0.510400
vn 0.706589 -0.007647 0.707582
vn 0.706609 0.001686 0.707602
vn 0.584593 0.561731 0.585414
vn -0.004376 -0.692354 -0.721545
vn 0.019403 -0.692230 -0.721416
vn -0.008929 -0.998037 -0.061995
vn 0.019174 -0.986394 -0.163275
vn -0.019174 -0.986394 0.163275
vn 0.008929 -0.998037 0.061995
vn -0.009384 -0.594032 0.804386
vn 0.009484 -0.780043 0.625653
vn -0.009484 0.780043 -0.625653
vn 0.009384 0.594032 -0.804386
vn -0.008929 0.998037 -0.061995
vn 0.019174 0.986394 -0.163275
vn -0.019174 0.986394 0.163275
vn 0.008929 0.998037 0.061995
vn -0.019403 0.692230 0.721416
vn 0.004376 0.692354 0.721545
vn -0.006909 -0.002769 -0.999972
vn 0.025514 -0.010045 -0.999624
vn -0.025514 0.010045 -0.999624
vn 0.006909 0.002769 -0.999972
vn -0.006909 -0.002769 0.999972
vn 0.025514 -0.010045 0.999624
vn -0.025514 0.010045 0.999624
vn 0.006909 0.002769 0.999972
f 174/174/174 170/170/170 169/169/169
f 173/173/173 174/174/174 169/169/169
f 175/175/175 171/171/171 170/170/170
f 174/174/174 175/175/175 170/170/170
f 176/176/176 172/172/172 171/171/171
f 175/175/175 176/176/176 171/171/171
f 178/178/178 174/174/174 173/173/173
f 177/177/177 178/178/178 173/173/173
f 179/179/179 175/175/175 174/174/174
f 178/178/178 179/179/179 174/174/174
f 180/180/180 176/176/176 175/175/175
f 179/179/179 180/180/180 175/175/175
f 182/182/182 178/178/178 177/177/177
f 181/181/181 182/182/182 177/177/177
f 183/183/183 179/179/179 178/178/178
f 182/182/182 183/183/183 178/178/178
f 184/184/184 180/180/180 179/179/179
f 183/183/183 184/184/184 179/179/179
f 185/185/185 186/186/186 190/190/190
f 185/185/185 190/190/190 189/189/189
f 186/186/186 187/187/187 191/191/191
f 186/186/186 191/191/191 190/190/190
f 187/187/187 188/188/188 192/192/192
f 187/187/187 192/192/192 191/191/191
f 189/189/189 190/190/190 194/194/194
f 189/189/189 194/194/194 193/193/193
f 190/190/190 191/191/191 195/195/195
f 190/190/190 195/195/195 194/194/194
f 191/191/191 192/192/192 196/196/196
f 191/191/191 196/196/196 195/195/195
f 193/193/193 194/194/194 198/198/198
f 193/193/193 198/198/198 197/197/197
f 194/194/194 195/195/195 199/199/199
f 194/194/194 199/199/199 198/198/198
f 195/195/195 196/196/196 200/200/200
f 195/195/195 200/200/200 199/199/199
f 169/169/169 201/201/201 203/203/203
f 169/169/169 203/203/203 173/173/173
f 201/201/201 202/202/202 204/204/204
f 201/201/201 204/204/204 203/203/203
f 202/202/202 185/185/185 189/189/189
f 202/202/202 189/189/189 204/204/204
f 173/173/173 203/203/203 205/205/205
f 173/173/173 205/205/205 177/177/177
f 203/203/203 204/204/204 206/206/206
f 203/203/203 206/206/206 205/205/205
f 204/204/204 189/189/189 193/193/193
f 204/204/204 193/193/193 206/206/206
f 177/177/177 205/205/205 207/207/207
f 177/177/177 207/207/207 181/181/181
f 205/205/205 206/206/206 208/208/208
f 205/205/205 208/208/208 207/207/207
f 206/206/206 193/193/193 197/197/197
f 206/206/206 197/197/197 208/208/208
f 211/211/211 209/209/209 172/172/172
f 176/176/176 211/211/211 172/172/172
f 212/212/212 210/210/210 209/209/209
f 211/211/211 212/212/212 209/209/209
f 192/192/192 188/188/188 210/210/210
f 212/212/212 192/192/192 210/210/210
f 213/213/213 211/211/211 176/176/176
f 180/180/180 213/213/213 176/176/176
f 214/214/214 212/212/212 211/211/211
f 213/213/213 214/214/214 211/211/211
f 196/196/196 192/192/192 212/212/212
f 214/214/214 196/196/196 212/212/212
f 215/215/215 213/213/213 180/180/180
f 184/184/184 215/215/215 180/180/180
f 216/216/216 214/214/214 213/213/213
f 215/215/215 216/216/216 213/213/213
f 200/200/200 196/196/196 214/214/214
f 216/216/216 200/200/200 214/214/214
f 217/217/217 201/201/201 169/169/169
f 170/170/170 217/217/217 169/169/169
f 218/218/218 202/202/202 201/201/201
f 217/217/217 218/218/218 201/201/201
f 186/186/186 185/185/185 202/202/202
f 218/218/218 186/186/186 202/202/202
f 219/219/219 217/217/217 170/170/170
f 171/171/171 219/219/219 170/170/170
f 220/220/220 218/218/218 217/217/217
f 219/219/219 220/220/220 217/217/217
f 187/187/187 186/186/186 218/218/218
f 220/220/220 187/187/187 218/218/218
f 209/209/209 219/219/219 171/171/171
f 172/172/172 209/209/209 171/171/171
f 210/210/210 220/220/220 219/219/219
f 209/209/209 210/210/210 219/219/219
f 188/188/188 187/187/187 220/220/220
f 210/210/210 188/188/188 220/220/220
f 181/181/181 207/207/207 221/221/221
f 181/181/181 221/221/221 182/182/182
f 207/207/207 208/208/208 222/222/222
f 207/207/207 222/222/222 221/221/221
f 208/208/208 197/197/197 198/198/198
f 208/208/208 198/198/198 222/222/222
f 182/182/182 221/221/221 223/223/223
f 182/182/182 223/223/223 183/183/183
f 221/221/221 222/222/222 224/224/224
f 221/221/221 224/224/224 223/223/223
f 222/222/222 198/198/198 199/199/199
f 222/222/222 199/199/199 224/224/224
f 183/183/183 223/223/223 215/215/215
f 183/183/183 215/215/215 184/184/184
f 223/223/223 224/224/224 216/216/216
f 223/223/223 216/216/216 215/215/215
f 224/224/224 199/199/199 200/200/200
f 224/224/224 200/200/200 216/216/216
usemtl timber
v 0.462131 0.105703 0.016890 1.000000 1.000000 1.000000
v 0.459727 0.116836 0.014489 1.000000 1.000000 1.000000
v 0.459727 1.118615 0.014489 1.000000 1.000000 1.000000
v 0.462131 1.129747 0.016890 1.000000 1.000000 1.000000
v 0.459727 0.103201 0.027572 1.000000 1.000000 1.000000
v 0.454300 0.116836 0.027572 1.000000 1.000000 1.000000
v 0.454300 1.118615 0.027572 1.000000 1.000000 1.000000
v 0.459727 1.132249 0.027572 1.000000 1.000000 1.000000
v 0.459727 0.103201 0.067660 1.000000 1.000000 1.000000
v 0.454300 0.116836 0.067660 1.000000 1.000000 1.000000
v 0.454300 1.118615 0.067660 1.000000 1.000000 1.000000
v 0.459727 1.132249 0.067660 1.000000 1.000000 1.000000
v 0.462131 0.105703 0.078343 1.000000 1.000000 1.000000
v 0.459727 0.116836 0.080744 1.000000 1.000000 1.000000
v 0.459727 1.118615 0.080744 1.000000 1.000000 1.000000
v 0.462131 1.129747 0.078343 1.000000 1.000000 1.000000
v 0.874046 0.105703 0.016890 1.000000 1.000000 1.000000
v 0.876450 0.116836 0.014489 1.000000 1.000000 1.000000
v 0.876450 1.118615 0.014489 1.000000 1.000000 1.000000
v 0.874046 1.129747 0.016890 1.000000 1.000000 1.000000
v 0.876450 0.103201 0.027572 1.000000 1.000000 1.000000
v 0.881877 0.116836 0.027572 1.000000 1.000000 1.000000
v 0.881877 1.118615 0.027572 1.000000 1.000000 1.000000
v 0.876450 1.132249 0.027572 1.000000 1.000000 1.000000
v 0.876450 0.103201 0.067660 1.000000 1.000000 1.000000
v 0.881877 0.116836 0.067660 1.000000 1.000000 1.000000
v 0.881877 1.118615 0.067660 1.000000 1.000000 1.000000
v 0.876450 1.132249 0.067660 1.000000 1.000000 1.000000
v 0.874046 0.105703 0.078343 1.000000 1.000000 1.000000
v 0.876450 0.116836 0.080744 1.000000 1.000000 1.000000
v 0.876450 1.118615 0.080744 1.000000 1.000000 1.000000
v 0.874046 1.129747 0.078343 1.000000 1.000000 1.000000
v 0.472829 0.103201 0.014489 1.000000 1.000000 1.000000
v 0.863349 0.103201 0.014489 1.000000 1.000000 1.000000
v 0.472829 0.097554 0.027572 1.000000 1.000000 1.000000
v 0.863349 0.097554 0.027572 1.000000 1.000000 1.000000
v 0.472829 0.097554 0.067660 1.000000 1.000000 1.000000
v 0.863349 0.097554 0.067660 1.000000 1.000000 1.000000
v 0.472829 0.103201 0.080744 1.000000 1.000000 1.000000
v 0.863349 0.103201 0.080744 1.000000 1.000000 1.000000
v 0.472829 1.132249 0.014489 1.000000 1.000000 1.000000
v 0.863349 1.132249 0.014489 1.000000 1.000000 1.000000
v 0.472829 1.137897 0.027572 1.000000 1.000000 1.000000
v 0.863349 1.137897 0.027572 1.000000 1.000000 1.000000
v 0.472829 1.137897 0.067660 1.000000 1.000000 1.000000
v 0.863349 1.137897 0.067660 1.000000 1.000000 1.000000
v 0.472829 1.132249 0.080744 1.000000 1.000000 1.000000
v 0.863349 1.132249 0.080744 1.000000 1.000000 1.000000
v 0.472829 0.116836 0.009070 1.000000 1.000000 1.000000
v 0.863349 0.116836 0.009070 1.000000 1.000000 1.000000
v 0.472829 1.118615 0.009070 1.000000 1.000000 1.000000
v 0.863349 1.118615 0.009070 1.000000 1.000000 1.000000
v 0.472829 0.116836 0.086163 1.000000 1.000000 1.000000
v 0.863349 0.116836 0.086163 1.000000 1.000000 1.000000
v 0.472829 1.118615 0.086163 1.000000 1.000000 1.000000
v 0.863349 1.118615 0.086163 1.000000 1.000000 1.000000
vt 0.018315 0.018198
vt 0.012692 0.043056
vt 0.012692 2.279944
vt 0.018315 2.304802
vt 0.012692 0.012611
vt 0.000000 0.043056
vt 0.000000 2.279944
vt 0.012692 2.310389
vt 0.012692 0.012611
vt 0.000000 0.043056
vt 0.000000 2.279944
vt 0.012692 2.310389
vt 0.018315 0.018198
vt 0.012692 0.043056
vt 0.012692 2.279944
vt 0.018315 2.304802
vt 0.981685 0.018198
vt 0.987308 0.043056
vt 0.987308 2.279944
vt 0.981685 2.304802
vt 0.987308 0.012611
vt 1.000000 0.043056
vt 1.000000 2.279944
vt 0.987308 2.310389
vt 0.987308 0.012611
vt 1.000000 0.043056
vt 1.000000 2.279944
vt 0.987308 2.310389
vt 0.981685 0.018198
vt 0.987308 0.043056
vt 0.987308 2.279944
vt 0.981685 2.304802
vt 0.043333 0.012611
vt 0.956667 0.012611
vt 0.043333 0.000000
vt 0.956667 0.000000
vt 0.043333 0.000000
vt 0.956667 0.000000
vt 0.043333 0.012611
vt 0.956667 0.012611
vt 0.043333 2.310389
vt 0.956667 2.310389
vt 0.043333 2.323000
vt 0.956667 2.323000
vt 0.043333 2.323000
vt 0.956667 2.323000
vt 0.043333 2.310389
vt 0.956667 2.310389
vt 0.043333 0.043056
vt 0.956667 0.043056
vt 0.043333 2.279944
vt 0.956667 2.279944
vt 0.043333 0.043056
vt 0.956667 0.043056
vt 0.043333 2.279944
vt 0.956667 2.279944
vn -0.584593 -0.561731 -0.585414
vn -0.706609 -0.001686 -0.707602
vn -0.706589 0.007647 -0.707582
vn -0.509684 0.692614 -0.510400
vn -0.720541 -0.692363 -0.038132
vn -0.998270 -0.003389 -0.058704
vn -0.987130 0.007386 -0.159749
vn -0.664798 0.743213 -0.075351
vn -0.714910 -0.686952 0.130381
vn -0.987130 -0.007386 0.159749
vn -0.998270 0.003389 0.058704
vn -0.768867 0.635006 0.074903
vn -0.504501 -0.484772 0.714475
vn -0.605747 -0.003660 0.795649
vn -0.794828 0.003662 0.606824
vn -0.713728 0.484945 0.505391
vn 0.713728 -0.484945 -0.505391
vn 0.794828 -0.003662 -0.606824
vn 0.605747 0.003660 -0.795649
vn 0.504501 0.484772 -0.714475
vn 0.768867 -0.635006 -0.074903
vn 0.998270 -0.003389 -0.058704
vn 0.987130 0.007386 -0.159749
vn 0.714910 0.686952 -0.130381
vn 0.664798 -0.743213 0.075351
vn 0.987130 -0.007386 0.159749
vn 0.998270 0.003389 0.058704
vn 0.720541 0.692363 0.038132
vn 0.509684 -0.692614 0.510400
vn 0.706589 -0.007647 0.707582
vn 0.706609 0.001686 0.707602
vn 0.584593 0.561731 0.585414
vn -0.004376 -0.692354 -0.721545
vn 0.019403 -0.692230 -0.721416
vn -0.008929 -0.998037 -0.061995
vn 0.019174 -0.986394 -0.163275
vn -0.019174 -0.986394 0.163275
vn 0.008929 -0.998037 0.061995
vn -0.009384 -0.594032 0.804386
vn 0.009484 -0.780043 0.625653
vn -0.009484 0.780043 -0.625653
vn 0.009384 0.594032 -0.804386
vn -0.008929 0.998037 -0.061995
vn 0.019174 0.986394 -0.163275
vn -0.019174 0.986394 0.163275
vn 0.008929 0.998037 0.061995
vn -0.019403 0.692230 0.721416
vn 0.004376 0.692354 0.721545
vn -0.006909 -0.002769 -0.999972
vn 0.025514 -0.010045 -0.999624
vn -0.025514 0.010045 -0.999624
vn 0.006909 0.002769 -0.999972
vn -0.006909 -0.002769 0.999972
vn 0.025514 -0.010045 0.999624
vn -0.025514 0.010045 0.999624
vn 0.006909 0.002769 0.999972
f 230/230/230 226/226/226 225/225/225
f 229/229/229 230/230/230 225/225/225
f 231/231/231 227/227/227 226/226/226
f 230/230/230 231/231/231 226/226/226
f 232/232/232 228/228/228 227/227/227
f 231/231/231 232/232/232 227/227/227
f 234/234/234 230/230/230 229/229/229
f 233/233/233 234/234/234 229/229/229
f 235/235/235 231/231/231 230/230/230
f 234/234/234 235/235/235 230/230/230
f 236/236/236 232/232/232 231/231/231
f 235/235/235 236/236/236 231/231/231
f 238/238/238 234/234/234 233/233/233
f 237/237/237 238/238/238 233/233/233
f 239/239/239 235/235/235 234/234/234
f 238/238/238 239/239/239 234/234/234
f 240/240/240 236/236/236 235/235/235
f 239/239/239 240/240/240 235/235/235
f 241/241/241 242/242/242 246/246/246
f 241/241/241 246/246/246 245/245/245
f 242/242/242 243/243/243 247/247/247
f 242/242/242 247/247/247 246/246/246
f 243/243/243 244/244/244 248/248/248
f 243/243/243 248/248/248 247/247/247
f 245/245/245 246/246/246 250/250/250
f 245/245/245 250/250/250 249/249/249
f 246/246/246 247/247/247 251/251/251
f 246/246/246 251/251/251 250/250/250
f 247/247/247 248/248/248 252/252/252
f 247/247/247 252/252/252 251/251/251
f 249/249/249 250/250/250 254/254/254
f 249/249/249 254/254/254 253/253/253
f 250/250/250 251/251/251 255/255/255
f 250/250/250 255/255/255 254/254/254
f 251/251/251 252/252/252 256/256/256
f 251/251/251 256/256/256 255/255/255
f 225/225/225 257/257/257 259/259/259
f 225/225/225 259/259/259 229/229/229
f 257/257/257 258/258/258 260/260/260
f 257/257/257 260/260/260 259/259/259
f 258/258/258 241/241/241 245/245/245
f 258/258/258 245/245/245 260/260/260
f 229/229/229 259/259/259 261/261/261
f 229/229/229 261/261/261 233/233/233
f 259/259/259 260/260/260 262/262/262
f 259/259/259 262/262/262 261/261/261
f 260/260/260 245/245/245 249/249/249
f 260/260/260 249/249/249 262/262/262
f 233/233/233 261/261/261 263/263/263
f 233/233/233 263/263/263 237/237/237
f 261/261/261 262/262/262 264/264/264
f 261/261/261 264/264/264 263/263/263
f 262/262/262 249/249/249 253/253/253
f 262/262/262 253/253/253 264/264/264
f 267/267/267 265/265/265 228/228/228
f 232/232/232 267/267/267 228/228/228
f 268/268/268 266/266/266 265/265/265
f 267/267/267 268/268/268 265/265/265
f 248/248/248 244/244/244 266/266/266
f 268/268/268 248/248/248 266/266/266
f 269/269/269 267/267/267 232/232/232
f 236/236/236 269/269/269 232/232/232
f 270/270/270 268/268/268 267/267/267
f 269/269/269 270/270/270 267/267/267
f 252/252/252 248/248/248 268/268/268
f 270/270/270 252/252/252 268/268/268
f 271/271/271 269/269/269 236/236/236
f 240/240/240 271/271/271 236/236/236
f 272/272/272 270/270/270 269/269/269
f 271/271/271 272/272/272 269/269/269
f 256/256/256 252/252/252 270/270/270
f 272/272/272 256/256/256 270/270/270
f 273/273/273 257/257/257 225/225/225
f 226/226/226 273/273/273 225/225/225
f 274/274/274 258/258/258 257/257/257
f 273/273/273 274/274/274 257/257/257
f 242/242/242 241/241/241 258/258/258
f 274/274/274 242/242/242 258/258/258
f 275/275/275 273/273/273 226/226/226
f 227/227/227 275/275/275 226/226/226
f 276/276/276 274/274/274 273/273/273
f 275/275/275 276/276/276 273/273/273
f 243/243/243 242/242/242 274/274/274
f 276/276/276 243/243/243 274/274/274
f 265/265/265 275/275/275 227/227/227
f 228/228/228 265/265/265 227/227/227
f 266/266/266 276/276/276 275/275/275
f 265/265/265 266/266/266 275/275/275
f 244/244/244 243/243/243 276/276/276
f 266/266/266 244/244/244 276/276/276
f 237/237/237 263/263/263 277/277/277
f 237/237/237 277/277/277 238/238/238
f 263/263/263 264/264/264 278/278/278
f 263/263/263 278/278/278 277/277/277
f 264/264/264 253/253/253 254/254/254
f 264/264/264 254/254/254 278/278/278
f 238/238/238 277/277/277 279/279/279
f 238/238/238 279/279/279 239/239/239
f 277/277/277 278/278/278 280/280/280
f 277/277/277 280/280/280 279/279/279
f 278/278/278 254/254/254 255/255/255
f 278/278/278 255/255/255 280/280/280
f 239/239/239 279/279/279 271/271/271
f 239/239/239 271/271/271 240/240/240
f 279/279/279 280/280/280 272/272/272
f 279/279/279 272/272/272 271/271/271
f 280/280/280 255/255/255 256/256/256
f 280/280/280 256/256/256 272/272/272
usemtl timber
v 0.907524 0.105703 0.016890 1.000000 1.000000 1.000000
v 0.905120 0.116836 0.014489 1.000000 1.000000 1.000000
v 0.905120 1.118615 0.014489 1.000000 1.000000 1.000000
v 0.907524 1.129747 0.016890 1.000000 1.000000 1.000000
v 0.905120 0.103201 0.027572 1.000000 1.000000 1.000000
v 0.899693 0.116836 0.027572 1.000000 1.000000 1.000000
v 0.899693 1.118615 0.027572 1.000000 1.000000 1.000000
v 0.905120 1.132249 0.027572 1.000000 1.000000 1.000000
v 0.905120 0.103201 0.067660 1.000000 1.000000 1.000000
v 0.899693 0.116836 0.067660 1.000000 1.000000 1.000000
v 0.899693 1.118615 0.067660 1.000000 1.000000 1.000000
v 0.905120 1.132249 0.067660 1.000000 1.000000 1.000000
v 0.907524 0.105703 0.078343 1.000000 1.000000 1.000000
v 0.905120 0.116836 0.080744 1.000000 1.000000 1.000000
v 0.905120 1.118615 0.080744 1.000000 1.000000 1.000000
v 0.907524 1.129747 0.078343 1.000000 1.000000 1.000000
v 1.319439 0.105703 0.016890 1.000000 1.000000 1.000000
v 1.321843 0.116836 0.014489 1.000000 1.000000 1.000000
v 1.321843 1.118615 0.014489 1.000000 1.000000 1.000000
v 1.319439 1.129747 0.016890 1.000000 1.000000 1.000000
v 1.321843 0.103201 0.027572 1.000000 1.000000 1.000000
v 1.327270 0.116836 0.027572 1.000000 1.000000 1.000000
v 1.327270 1.118615 0.027572 1.000000 1.000000 1.000000
v 1.321843 1.132249 0.027572 1.000000 1.000000 1.000000
v 1.321843 0.103201 0.067660 1.000000 1.000000 1.000000
v 1.327270 0.116836 0.067660 1.000000 1.000000 1.000000
v 1.327270 1.118615 0.067660 1.000000 1.000000 1.000000
v 1.321843 1.132249 0.067660 1.000000 1.000000 1.000000
v 1.319439 0.105703 0.078343 1.000000 1.000000 1.000000
v 1.321843 0.116836 0.080744 1.000000 1.000000 1.000000
v 1.321843 1.118615 0.080744 1.000000 1.000000 1.000000
v 1.319439 1.129747 0.078343 1.000000 1.000000 1.000000
v 0.918221 0.103201 0.014489 1.000000 1.000000 1.000000
v 1.308741 0.103201 0.014489 1.000000 1.000000 1.000000
v 0.918221 0.097554 0.027572 1.000000 1.000000 1.000000
v 1.308741 0.097554 0.027572 1.000000 1.000000 1.000000
v 0.918221 0.097554 0.067660 1.000000 1.000000 1.000000
v 1.308741 0.097554 0.067660 1.000000 1.000000 1.000000
v 0.918221 0.103201 0.080744 1.000000 1.000000 1.000000
v 1.308741 0.103201 0.080744 1.000000 1.000000 1.000000
v 0.918221 1.132249 0.014489 1.000000 1.000000 1.000000
v 1.308741 1.132249 0.014489 1.000000 1.000000 1.000000
v 0.918221 1.137897 0.027572 1.000000 1.000000 1.000000
v 1.308741 1.137897 0.027572 1.000000 1.000000 1.000000
v 0.918221 1.137897 0.067660 1.000000 1.000000 1.000000
v 1.308741 1.137897 0.067660 1.000000 1.000000 1.000000
v 0.918221 1.132249 0.080744 1.000000 1.000000 1.000000
v 1.308741 1.132249 0.080744 1.000000 1.000000 1.000000
v 0.918221 0.116836 0.009070 1.000000 1.000000 1.000000
v 1.308741 0.116836 0.009070 1.000000 1.000000 1.000000
v 0.918221 1.118615 0.009070 1.000000 1.000000 1.000000
v 1.308741 1.118615 0.009070 1.000000 1.000000 1.000000
v 0.918221 0.116836 0.086163 1.000000 1.000000 1.000000
v 1.308741 0.116836 0.086163 1.000000 1.000000 1.000000
v 0.918221 1.118615 0.086163 1.000000 1.000000 1.000000
v 1.308741 1.118615 0.086163 1.000000 1.000000 1.000000
vt 0.018315 0.018198
vt 0.012692 0.043056
vt 0.012692 2.279944
vt 0.018315 2.304802
vt 0.012692 0.012611
vt 0.000000 0.043056
vt 0.000000 2.279944
vt 0.012692 2.310389
vt 0.012692 0.012611
vt 0.000000 0.043056
vt 0.000000 2.279944
vt 0.012692 2.310389
vt 0.018315 0.018198
vt 0.012692 0.043056
vt 0.012692 2.279944
vt 0.018315 2.304802
vt 0.981685 0.018198
vt 0.987308 0.043056
vt 0.987308 2.279944
vt 0.981685 2.304802
vt 0.987308 0.012611
vt 1.000000 0.043056
vt 1.000000 2.279944
vt 0.987308 2.310389
vt 0.987308 0.012611
vt 1.000000 0.043056
vt 1.000000 2.279944
vt 0.987308 2.310389
vt 0.981685 0.018198
vt 0.987308 0.043056
vt 0.987308 2.279944
vt 0.981685 2.304802
vt 0.043333 0.012611
vt 0.956667 0.012611
vt 0.043333 0.000000
vt 0.956667 0.000000
vt 0.043333 0.000000
vt 0.956667 0.000000
vt 0.043333 0.012611
vt 0.956667 0.012611
vt 0.043333 2.310389
vt 0.956667 2.310389
vt 0.043333 2.323000
vt 0.956667 2.323000
vt 0.043333 2.323000
vt 0.956667 2.323000
vt 0.043333 2.310389
vt 0.956667 2.310389
vt 0.043333 0.043056
vt 0.956667 0.043056
vt 0.043333 2.279944
vt 0.956667 2.279944
vt 0.043333 0.043056
vt 0.956667 0.043056
vt 0.043333 2.279944
vt 0.956667 2.279944
vn -0.584593 -0.561731 -0.585414
vn -0.706609 -0.001686 -0.707602
vn -0.706589 0.007647 -0.707582
vn -0.509684 0.692614 -0.510400
vn -0.720541 -0.692363 -0.038132
vn -0.998270 -0.003389 -0.058704
vn -0.987130 0.007386 -0.159749
vn -0.664798 0.743213 -0.075351
vn -0.714910 -0.686952 0.130381
vn -0.987130 -0.007386 0.159749
vn -0.998270 0.003389 0.058704
vn -0.768867 0.635006 0.074903
vn -0.504501 -0.484772 0.714475
vn -0.605747 -0.003660 0.795649
vn -0.794828 0.003662 0.606824
vn -0.713728 0.484945 0.505391
vn 0.713728 -0.484945 -0.505391
vn 0.794828 -0.003662 -0.606824
vn 0.605747 0.003660 -0.795649
vn 0.504501 0.484772 -0.714475
vn 0.768867 -0.635006 -0.074903
vn 0.998270 -0.003389 -0.058704
vn 0.987130 0.007386 -0.159749
vn 0.714910 0.686952 -0.130381
vn 0.664798 -0.743213 0.075351
vn 0.987130 -0.007386 0.159749
vn 0.998270 0.003389 0.058704
vn 0.720541 0.692363 0.038132
vn 0.509684 -0.692614 0.510400
vn 0.706589 -0.007647 0.707582
vn 0.706609 0.001686 0.707602
vn 0.584593 0.561731 0.585414
vn -0.004376 -0.692354 -0.721545
vn 0.019403 -0.692230 -0.721416
vn -0.008929 -0.998037 -0.061995
vn 0.019174 -0.986394 -0.163275
vn -0.019174 -0.986394 0.163275
vn 0.008929 -0.998037 0.061995
vn -0.009384 -0.594032 0.804386
vn 0.009484 -0.780043 0.625653
vn -0.009484 0.780043 -0.625653
vn 0.009384 0.594032 -0.804386
vn -0.008929 0.998037 -0.061995
vn 0.019174 0.986394 -0.163275
vn -0.019174 0.986394 0.163275
vn 0.008929 0.998037 0.061995
vn -0.019403 0.692230 0.721416
vn 0.004376 0.692354 0.721545
vn -0.006909 -0.002769 -0.999972
vn 0.025514 -0.010045 -0.999624
vn -0.025514 0.010045 -0.999624
vn 0.006909 0.002769 -0.999972
vn -0.006909 -0.002769 0.999972
vn 0.025514 -0.010045 0.999624
vn -0.025514 0.010045 0.999624
vn 0.006909 0.002769 0.999972
f 286/286/286 282/282/282 281/281/281
f 285/285/285 286/286/286 281/281/281
f 287/287/287 283/283/283 282/282/282
f 286/286/286 287/287/287 282/282/282
f 288/288/288 284/284/284 283/283/283
f 287/287/287 288/288/288 283/283/283
f 290/290/290 286/286/286 285/285/285
f 289/289/289 290/290/290 285/285/285
f 291/291/291 287/287/287 286/286/286
f 290/290/290 291/291/291 286/286/286
f 292/292/292 288/288/288 287/287/287
f 291/291/291 292/292/292 287/287/287
f 294/294/294 290/290/290 289/289/289
f 293/293/293 294/294/294 289/289/289
f 295/295/295 291/291/291 290/290/290
f 294/294/294 295/295/295 290/290/290
f 296/296/296 292/292/292 291/291/291
f 295/295/295 296/296/296 291/291/291
f 297/297/297 298/298/298 302/302/302
f 297/297/297 302/302/302 301/301/301
f 298/298/298 299/299/299 303/303/303
f 298/298/298 303/303/303 302/302/302
f 299/299/299 300/300/300 304/304/304
f 299/299/299 304/304/304 303/303/303
f 301/301/301 302/302/302 306/306/306
f 301/301/301 306/306/306 305/305/305
f 302/302/302 303/303/303 307/307/307
f 302/302/302 307/307/307 306/306/306
f 303/303/303 304/304/304 308/308/308
f 303/303/303 308/308/308 307/307/307
f 305/305/305 306/306/306 310/310/310
f 305/305/305 310/310/310 309/309/309
f 306/306/306 307/307/307 311/311/311
f 306/306/306 311/311/311 310/310/310
f 307/307/307 308/308/308 312/312/312
f 307/307/307 312/312/312 311/311/311
f 281/281/281 313/313/313 315/315/315
f 281/281/281 315/315/315 285/285/285
f 313/313/313 314/314/314 316/316/316
f 313/313/313 316/316/316 315/315/315
f 314/314/314 297/297/297 301/301/301
f 314/314/314 301/301/301 316/316/316
f 285/285/285 315/315/315 317/317/317
f 285/285/285 317/317/317 289/289/289
f 315/315/315 316/316/316 318/318/318
f 315/315/315 318/318/318 317/317/317
f 316/316/316 301/301/301 305/305/305
f 316/316/316 305/305/305 318/318/318
f 289/289/289 317/317/317 319/319/319
f 289/289/289 319/319/319 293/293/293
f 317/317/317 318/318/318 320/320/320
f 317/317/317 320/320/320 319/319/319
f 318/318/318 305/305/305 309/309/309
f 318/318/318 309/309/309 320/320/320
f 323/323/323 321/321/321 284/284/284
f 288/288/288 323/323/323 284/284/284
f 324/324/324 322/322/322 321/321/321
f 323/323/323 324/324/324 321/321/321
f 304/304/304 300/300/300 322/322/322
f 324/324/324 304/304/304 322/322/322
f 325/325/325 323/323/323 288/288/288
f 292/292/292 325/325/325 288/288/288
f 326/326/326 324/324/324 323/323/323
f 325/325/325 326/326/326 323/323/323
f 308/308/308 304/304/304 324/324/324
f 326/326/326 308/308/308 324/324/324
f 327/327/327 325/325/325 292/292/292
f 296/296/296 327/327/327 292/292/292
f 328/328/328 326/326/326 325/325/325
f 327/327/327 328/328/328 325/325/325
f 312/312/312 308/308/308 326/326/326
f 328/328/328 312/312/312 326/326/326
f 329/329/329 313/313/313 281/281/281
f 282/282/282 329/329/329 281/281/281
f 330/330/330 314/314/314 313/313/313
f 329/329/329 330/330/330 313/313/313
f 298/298/298 297/297/297 314/314/314
f 330/330/330 298/298/298 314/314/314
f 331/331/331 329/329/329 282/282/282
f 283/283/283 331/331/331 282/282/282
f 332/332/332 330/330/330 329/329/329
f 331/331/331 332/332/332 329/329/329
f 299/299/299 298/298/298 330/330/330
f 332/332/332 299/299/299 330/330/330
f 321/321/321 331/331/331 283/283/283
f 284/284/284 321/321/321 283/283/283
f 322/322/322 332/332/332 331/331/331
f 321/321/321 322/322/322 331/331/331
f 300/300/300 299/299/299 332/332/332
f 322/322/322 300/300/300 332/332/332
f 293/293/293 319/319/319 333/333/333
f 293/293/293 333/333/333 294/294/294
f 319/319/319 320/320/320 334/334/334
f 319/319/319 334/334/334 333/333/333
f 320/320/320 309/309/309 310/310/310
f 320/320/320 310/310/310 334/334/334
f 294/294/294 333/333/333 335/335/335
f 294/294/294 335/335/335 295/295/295
f 333/333/333 334/334/334 336/336/336
f 333/333/333 336/336/336 335/335/335
f 334/334/334 310/310/310 311/311/311
f 334/334/334 311/311/311 336/336/336
f 295/295/295 335/335/335 327/327/327
f 295/295/295 327/327/327 296/296/296
f 335/335/335 336/336/336 328/328/328
f 335/335/335 328/328/328 327/327/327
f 336/336/336 311/311/311 312/312/312
f 336/336/336 312/312/312 328/328/328
usemtl timber_dark
v -1.439124 0.021319 -0.017627 0.780000 0.540000 0.330000
v -1.442463 0.036781 -0.020962 0.780000 0.540000 0.330000
v -1.442463 1.157468 -0.020962 0.780000 0.540000 0.330000
v -1.439124 1.172930 -0.017627 0.780000 0.540000 0.330000
v -1.442463 0.017844 -0.002791 0.780000 0.540000 0.330000
v -1.450000 0.036781 -0.002791 0.780000 0.540000 0.330000
v -1.450000 1.157468 -0.002791 0.780000 0.540000 0.330000
v -1.442463 1.176405 -0.002791 0.780000 0.540000 0.330000
v -1.442463 0.017844 0.074302 0.780000 0.540000 0.330000
v -1.450000 0.036781 0.074302 0.780000 0.540000 0.330000
v -1.450000 1.157468 0.074302 0.780000 0.540000 0.330000
v -1.442463 1.176405 0.074302 0.780000 0.540000 0.330000
v -1.439124 0.021319 0.089139 0.780000 0.540000 0.330000
v -1.442463 0.036781 0.092473 0.780000 0.540000 0.330000
v -1.442463 1.157468 0.092473 0.780000 0.540000 0.330000
v -1.439124 1.172930 0.089139 0.780000 0.540000 0.330000
v -1.262924 0.021319 -0.017627 0.780000 0.540000 0.330000
v -1.259585 0.036781 -0.020962 0.780000 0.540000 0.330000
v -1.259585 1.157468 -0.020962 0.780000 0.540000 0.330000
v -1.262924 1.172930 -0.017627 0.780000 0.540000 0.330000
v -1.259585 0.017844 -0.002791 0.780000 0.540000 0.330000
v -1.252048 0.036781 -0.002791 0.780000 0.540000 0.330000
v -1.252048 1.157468 -0.002791 0.780000 0.540000 0.330000
v -1.259585 1.176405 -0.002791 0.780000 0.540000 0.330000
v -1.259585 0.017844 0.074302 0.780000 0.540000 0.330000
v -1.252048 0.036781 0.074302 0.780000 0.540000 0.330000
v -1.252048 1.157468 0.074302 0.780000 0.540000 0.330000
v -1.259585 1.176405 0.074302 0.780000 0.540000 0.330000
v -1.262924 0.021319 0.089139 0.780000 0.540000 0.330000
v -1.259585 0.036781 0.092473 0.780000 0.540000 0.330000
v -1.259585 1.157468 0.092473 0.780000 0.540000 0.330000
v -1.262924 1.172930 0.089139 0.780000 0.540000 0.330000
v -1.424266 0.017844 -0.020962 0.780000 0.540000 0.330000
v -1.277782 0.017844 -0.020962 0.780000 0.540000 0.330000
v -1.424266 0.010000 -0.002791 0.780000 0.540000 0.330000
v -1.277782 0.010000 -0.002791 0.780000 0.540000 0.330000
v -1.424266 0.010000 0.074302 0.780000 0.540000 0.330000
v -1.277782 0.010000 0.074302 0.780000 0.540000 0.330000
v -1.424266 0.017844 0.092473 0.780000 0.540000 0.330000
v -1.277782 0.017844 0.092473 0.780000 0.540000 0.330000
v -1.424266 1.176405 -0.020962 0.780000 0.540000 0.330000
v -1.277782 1.176405 -0.020962 0.780000 0.540000 0.330000
v -1.424266 1.184249 -0.002791 0.780000 0.540000 0.330000
v -1.277782 1.184249 -0.002791 0.780000 0.540000 0.330000
v -1.424266 1.184249 0.074302 0.780000 0.540000 0.330000
v -1.277782 1.184249 0.074302 0.780000 0.540000 0.330000
v -1.424266 1.176405 0.092473 0.780000 0.540000 0.330000
v -1.277782 1.176405 0.092473 0.780000 0.540000 0.330000
v -1.424266 0.036781 -0.028488 0.780000 0.540000 0.330000
v -1.277782 0.036781 -0.028488 0.780000 0.540000 0.330000
v -1.424266 1.157468 -0.028488 0.780000 0.540000 0.330000
v -1.277782 1.157468 -0.028488 0.780000 0.540000 0.330000
v -1.424266 0.036781 0.100000 0.780000 0.540000 0.330000
v -1.277782 0.036781 0.100000 0.780000 0.540000 0.330000
v -1.424266 1.157468 0.100000 0.780000 0.540000 0.330000
v -1.277782 1.157468 0.100000 0.780000 0.540000 0.330000
vt 0.000000 0.000000
vt 0.000000 0.000000
vt 0.000000 0.000000
vt 0.000000 0.000000
vt 0.000000 0.000000
vt 0.000000 0.000000
vt 0.000000 0.000000
vt 0.000000 0.000000
vt 0.000000 0.000000
vt 0.000000 0.000000
vt 0.000000 0.000000
vt 0.000000 0.000000
vt 0.000000 0.000000
vt 0.000000 0.000000
vt 0.000000 0.000000
vt 0.000000 0.000000
vt 0.000000 0.000000
vt 0.000000 0.000000
vt 0.000000 0.000000
vt 0.000000 0.000000
vt 0.000000 0.000000
vt 0.000000 0.000000
vt 0.000000 0.000000
vt 0.000000 0.000000
vt 0.000000 0.000000
vt 0.000000 0.000000
vt 0.000000 0.000000
vt 0.000000 0.000000
vt 0.000000 0.000000
vt 0.000000 0.000000
vt 0.000000 0.000000
vt 0.000000 0.000000
vt 0.000000 0.000000
vt 0.000000 0.000000
vt 0.000000 0.000000
vt 0.000000 0.000000
vt 0.000000 0.000000
vt 0.000000 0.000000
vt 0.000000 0.000000
vt 0.000000 0.000000
vt 0.000000 0.000000
vt 0.000000 0.000000
vt 0.000000 0.000000
vt 0.000000 0.000000
vt 0.000000 0.000000
vt 0.000000 0.000000
vt 0.000000 0.000000
vt 0.000000 0.000000
vt 0.000000 0.000000
vt 0.000000 0.000000
vt 0.000000 0.000000
vt 0.000000 0.000000
vt 0.000000 0.000000
vt 0.000000 0.000000
vt 0.000000 0.000000
vt 0.000000 0.000000
vn -0.584593 -0.561731 -0.585414
vn -0.706609 -0.002091 -0.707602
vn -0.706579 0.009446 -0.707572
vn -0.509684 0.692614 -0.510400
vn -0.720773 -0.692586 -0.028478
vn -0.999011 -0.003986 -0.044289
vn -0.991523 0.009879 -0.129552
vn -0.654645 0.753726 -0.057765
vn -0.717133 -0.689088 0.104303
vn -0.991523 -0.009879 0.129552
vn -0.999011 0.003986 0.044289
vn -0.778846 0.624588 0.057356
vn -0.504501 -0.484772 0.714475
vn -0.606350 -0.004533 0.795185
vn -0.794363 0.004535 0.607426
vn -0.713728 0.484945 0.505391
vn 0.713728 -0.484945 -0.505391
vn 0.794363 -0.004535 -0.607426
vn 0.606350 0.004533 -0.795185
vn 0.504501 0.484772 -0.714475
vn 0.778846 -0.624588 -0.057356
vn 0.999011 -0.003986 -0.044289
vn 0.991523 0.009879 -0.129552
vn 0.717133 0.689088 -0.104303
vn 0.654645 -0.753726 0.057765
vn 0.991523 -0.009879 0.129552
vn 0.999011 0.003986 0.044289
vn 0.720773 0.692586 0.028478
vn 0.509684 -0.692614 0.510400
vn 0.706579 -0.009446 0.707572
vn 0.706609 0.002091 0.707602
vn 0.584593 0.561731 0.585414
vn -0.015630 -0.692276 -0.721463
vn 0.063138 -0.690979 -0.720112
vn -0.029754 -0.998318 -0.049750
vn 0.067772 -0.990170 -0.122352
vn -0.067772 -0.990170 0.122352
vn 0.029754 -0.998318 0.049750
vn -0.032544 -0.608848 0.792619
vn 0.032839 -0.767448 0.640270
vn -0.032839 0.767448 -0.640270
vn 0.032544 0.608848 -0.792619
vn -0.029754 0.998318 -0.049750
vn 0.067772 0.990170 -0.122352
vn -0.067772 0.990170 0.122352
vn 0.029754 0.998318 0.049750
vn -0.063138 0.690979 0.720112
vn 0.015630 0.692276 0.721463
vn -0.024536 -0.003692 -0.999692
vn 0.080423 -0.011071 -0.996699
vn -0.080423 0.011071 -0.996699
vn 0.024536 0.003692 -0.999692
vn -0.024536 -0.003692 0.999692
vn 0.080423 -0.011071 0.996699
vn -0.080423 0.011071 0.996699
vn 0.024536 0.003692 0.999692
f 342/342/342 338/338/338 337/337/337
f 341/341/341 342/342/342 337/337/337
f 343/343/343 339/339/339 338/338/338
f 342/342/342 343/343/343 338/338/338
f 344/344/344 340/340/340 339/339/339
f 343/343/343 344/344/344 339/339/339
f 346/346/346 342/342/342 341/341/341
f 345/345/345 346/346/346 341/341/341
f 347/347/347 343/343/343 342/342/342
f 346/346/346 347/347/347 342/342/342
f 348/348/348 344/344/344 343/343/343
f 347/347/347 348/348/348 343/343/343
f 350/350/350 346/346/346 345/345/345
f 349/349/349 350/350/350 345/345/345
f 351/351/351 347/347/347 346/346/346
f 350/350/350 351/351/351 346/346/346
f 352/352/352 348/348/348 347/347/347
f 351/351/351 352/352/352 347/347/347
f 353/353/353 354/354/354 358/358/358
f 353/353/353 358/358/358 357/357/357
f 354/354/354 355/355/355 359/359/359
f 354/354/354 359/359/359 358/358/358
f 355/355/355 356/356/356 360/360/360
f 355/355/355 360/360/360 359/359/359
f 357/357/357 358/358/358 362/362/362
f 357/357/357 362/362/362 361/361/361
f 358/358/358 359/359/359 363/363/363
f 358/358/358 363/363/363 362/362/362
f 359/359/359 360/360/360 364/364/364
f 359/359/359 364/364/364 363/363/363
f 361/361/361 362/362/362 366/366/366
f 361/361/361 366/366/366 365/365/365
f 362/362/362 363/363/363 367/367/367
f 362/362/362 367/367/367 366/366/366
f 363/363/363 364/364/364 368/368/368
f 363/363/363 368/368/368 367/367/367
f 337/337/337 369/369/369 371/371/371
f 337/337/337 371/371/371 341/341/341
f 369/369/369 370/370/370 372/372/372
f 369/369/369 372/372/372 371/371/371
f 370/370/370 353/353/353 357/357/357
f 370/370/370 357/357/357 372/372/372
f 341/341/341 371/371/371 373/373/373
f 341/341/341 373/373/373 345/345/345
f 371/371/371 372/372/372 374/374/374
f 371/371/371 374/374/374 373/373/373
f 372/372/372 357/357/357 361/361/361
f 372/372/372 361/361/361 374/374/374
f 345/345/345 373/373/373 375/375/375
f 345/345/345 375/375/375 349/349/349
f 373/373/373 374/374/374 376/376/376
f 373/373/373 376/376/376 375/375/375
f 374/374/374 361/361/361 365/365/365
f 374/374/374 365/365/365 376/376/376
f 379/379/379 377/377/377 340/340/340
f 344/344/344 379/379/379 340/340/340
f 380/380/380 378/378/378 377/377/377
f 379/379/379 380/380/380 377/377/377
f 360/360/360 356/356/356 378/378/378
f 380/380/380 360/360/360 378/378/378
f 381/381/381 379/379/379 344/344/344
f 348/348/348 381/381/381 344/344/344
f 382/382/382 380/380/380 379/379/379
f 381/381/381 382/382/382 379/379/379
f 364/364/364 360/360/360 380/380/380
f 382/382/382 364/364/364 380/380/380
f 383/383/383 381/381/381 348/348/348
f 352/352/352 383/383/383 348/348/348
f 384/384/384 382/382/382 381/381/381
f 383/383/383 384/384/384 381/381/381
f 368/368/368 364/364/364 382/382/382
f 384/384/384 368/368/368 382/382/382
f 385/385/385 369/369/369 337/337/337
f 338/338/338 385/385/385 337/337/337
f 386/386/386 370/370/370 369/369/369
f 385/385/385 386/386/386 369/369/369
f 354/354/354 353/353/353 370/370/370
f 386/386/386 354/354/354 370/370/370
f 387/387/387 385/385/385 338/338/338
f 339/339/339 387/387/387 338/338/338
f 388/388/388 386/386/386 385/385/385
f 387/387/387 388/388/388 385/385/385
f 355/355/355 354/354/354 386/386/386
f 388/388/388 355/355/355 386/386/386
f 377/377/377 387/387/387 339/339/339
f 340/340/340 377/377/377 339/339/339
f 378/378/378 388/388/388 387/387/387
f 377/377/377 378/378/378 387/387/387
f 356/356/356 355/355/355 388/388/388
f 378/378/378 356/356/356 388/388/388
f 349/349/349 375/375/375 389/389/389
f 349/349/349 389/389/389 350/350/350
f 375/375/375 376/376/376 390/390/390
f 375/375/375 390/390/390 389/389/389
f 376/376/376 365/365/365 366/366/366
f 376/376/376 366/366/366 390/390/390
f 350/350/350 389/389/389 391/391/391
f 350/350/350 391/391/391 351/351/351
f 389/389/389 390/390/390 392/392/392
f 389/389/389 392/392/392 391/391/391
f 390/390/390 366/366/366 367/367/367
f 390/390/390 367/367/367 392/392/392
f 351/351/351 391/391/391 383/383/383
f 351/351/351 383/383/383 352/352/352
f 391/391/391 392/392/392 384/384/384
f 391/391/391 384/384/384 383/383/383
f 392/392/392 367/367/367 368/368/368
f 392/392/392 368/368/368 384/384/384
usemtl timber_dark
v 1.262924 0.021319 -0.017627 0.780000 0.540000 0.330000
v 1.259585 0.036781 -0.020962 0.780000 0.540000 0.330000
v 1.259585 1.157468 -0.020962 0.780000 0.540000 0.330000
v 1.262924 1.172930 -0.017627 0.780000 0.540000 0.330000
v 1.259585 0.017844 -0.002791 0.780000 0.540000 0.330000
v 1.252048 0.036781 -0.002791 0.780000 0.540000 0.330000
v 1.252048 1.157468 -0.002791 0.780000 0.540000 0.330000
v 1.259585 1.176405 -0.002791 0.780000 0.540000 0.330000
v 1.259585 0.017844 0.074302 0.780000 0.540000 0.330000
v 1.252048 0.036781 0.074302 0.780000 0.540000 0.330000
v 1.252048 1.157468 0.074302 0.780000 0.540000 0.330000
v 1.259585 1.176405 0.074302 0.780000 0.540000 0.330000
v 1.262924 0.021319 0.089139 0.780000 0.540000 0.330000
v 1.259585 0.036781 0.092473 0.780000 0.540000 0.330000
v 1.259585 1.157468 0.092473 0.780000 0.540000 0.330000
v 1.262924 1.172930 0.089139 0.780000 0.540000 0.330000
v 1.439124 0.021319 -0.017627 0.780000 0.540000 0.330000
v 1.442463 0.036781 -0.020962 0.780000 0.540000 0.330000
v 1.442463 1.157468 -0.020962 0.780000 0.540000 0.330000
v 1.439124 1.172930 -0.017627 0.780000 0.540000 0.330000
v 1.442463 0.017844 -0.002791 0.780000 0.540000 0.330000
v 1.450000 0.036781 -0.002791 0.780000 0.540000 0.330000
v 1.450000 1.157468 -0.002791 0.780000 0.540000 0.330000
v 1.442463 1.176405 -0.002791 0.780000 0.540000 0.330000
v 1.442463 0.017844 0.074302 0.780000 0.540000 0.330000
v 1.450000 0.036781 0.074302 0.780000 0.540000 0.330000
v 1.450000 1.157468 0.074302 0.780000 0.540000 0.330000
v 1.442463 1.176405 0.074302 0.780000 0.540000 0.330000
v 1.439124 0.021319 0.089139 0.780000 0.540000 0.330000
v 1.442463 0.036781 0.092473 0.780000 0.540000 0.330000
v 1.442463 1.157468 0.092473 0.780000 0.540000 0.330000
v 1.439124 1.172930 0.089139 0.780000 0.540000 0.330000
v 1.277782 0.017844 -0.020962 0.780000 0.540000 0.330000
v 1.424266 0.017844 -0.020962 0.780000 0.540000 0.330000
v 1.277782 0.010000 -0.002791 0.780000 0.540000 0.330000
v 1.424266 0.010000 -0.002791 0.780000 0.540000 0.330000
v 1.277782 0.010000 0.074302 0.780000 0.540000 0.330000
v 1.424266 0.010000 0.074302 0.780000 0.540000 0.330000
v 1.277782 0.017844 0.092473 0.780000 0.540000 0.330000
v 1.424266 0.017844 0.092473 0.780000 0.540000 0.330000
v 1.277782 1.176405 -0.020962 0.780000 0.540000 0.330000
v 1.424266 1.176405 -0.020962 0.780000 0.540000 0.330000
v 1.277782 1.184249 -0.002791 0.780000 0.540000 0.330000
v 1.424266 1.184249 -0.002791 0.780000 0.540000 0.330000
v 1.277782 1.184249 0.074302 0.780000 0.540000 0.330000
v 1.424266 1.184249 0.074302 0.780000 0.540000 0.330000
v 1.277782 1.176405 0.092473 0.780000 0.540000 0.330000
v 1.424266 1.176405 0.092473 0.780000 0.540000 0.330000
v 1.277782 0.036781 -0.028488 0.780000 0.540000 0.330000
v 1.424266 0.036781 -0.028488 0.780000 0.540000 0.330000
v 1.277782 1.157468 -0.028488 0.780000 0.540000 0.330000
v 1.424266 1.157468 -0.028488 0.780000 0.540000 0.330000
v 1.277782 0.036781 0.100000 0.780000 0.540000 0.330000
v 1.424266 0.036781 0.100000 0.780000 0.540000 0.330000
v 1.277782 1.157468 0.100000 0.780000 0.540000 0.330000
v 1.424266 1.157468 0.100000 0.780000 0.540000 0.330000
vt 0.000000 0.000000
vt 0.000000 0.000000
vt 0.000000 0.000000
vt 0.000000 0.000000
vt 0.000000 0.000000
vt 0.000000 0.000000
vt 0.000000 0.000000
vt 0.000000 0.000000
vt 0.000000 0.000000
vt 0.000000 0.000000
vt 0.000000 0.000000
vt 0.000000 0.000000
vt 0.000000 0.000000
vt 0.000000 0.000000
vt 0.000000 0.000000
vt 0.000000 0.000000
vt 0.000000 0.000000
vt 0.000000 0.000000
vt 0.000000 0.000000
vt 0.000000 0.000000
vt 0.000000 0.000000
vt 0.000000 0.000000
vt 0.000000 0.000000
vt 0.000000 0.000000
vt 0.000000 0.000000
vt 0.000000 0.000000
vt 0.000000 0.000000
vt 0.000000 0.000000
vt 0.000000 0.000000
vt 0.000000 0.000000
vt 0.000000 0.000000
vt 0.000000 0.000000
vt 0.000000 0.000000
vt 0.000000 0.000000
vt 0.000000 0.000000
vt 0.000000 0.000000
vt 0.000000 0.000000
vt 0.000000 0.000000
vt 0.000000 0.000000
vt 0.000000 0.000000
vt 0.000000 0.000000
vt 0.000000 0.000000
vt 0.000000 0.000000
vt 0.000000 0.000000
vt 0.000000 0.000000
vt 0.000000 0.000000
vt 0.000000 0.000000
vt 0.000000 0.000000
vt 0.000000 0.000000
vt 0.000000 0.000000
vt 0.000000 0.000000
vt 0.000000 0.000000
vt 0.000000 0.000000
vt 0.000000 0.000000
vt 0.000000 0.000000
vt 0.000000 0.000000
vn -0.584593 -0.561731 -0.585414
vn -0.706609 -0.002091 -0.707602
vn -0.706579 0.009446 -0.707572
vn -0.509684 0.692614 -0.510400
vn -0.720773 -0.692586 -0.028478
vn -0.999011 -0.003986 -0.044289
vn -0.991523 0.009879 -0.129552
vn -0.654645 0.753726 -0.057765
vn -0.717133 -0.689088 0.104303
vn -0.991523 -0.009879 0.129552
vn -0.999011 0.003986 0.044289
vn -0.778846 0.624588 0.057356
vn -0.504501 -0.484772 0.714475
vn -0.606350 -0.004533 0.795185
vn -0.794363 0.004535 0.607426
vn -0.713728 0.484945 0.505391
vn 0.713728 -0.484945 -0.505391
vn 0.794363 -0.004535 -0.607426
vn 0.606350 0.004533 -0.795185
vn 0.504501 0.484772 -0.714475
vn 0.778846 -0.624588 -0.057356
vn 0.999011 -0.003986 -0.044289
vn 0.991523 0.009879 -0.129552
vn 0.717133 0.689088 -0.104303
vn 0.654645 -0.753726 0.057765
vn 0.991523 -0.009879 0.129552
vn 0.999011 0.003986 0.044289
vn 0.720773 0.692586 0.028478
vn 0.509684 -0.692614 0.510400
vn 0.706579 -0.009446 0.707572
vn 0.706609 0.002091 0.707602
vn 0.584593 0.561731 0.585414
vn -0.015630 -0.692276 -0.721463
vn 0.063138 -0.690979 -0.720112
vn -0.029754 -0.998318 -0.049750
vn 0.067772 -0.990170 -0.122352
vn -0.067772 -0.990170 0.122352
vn 0.029754 -0.998318 0.049750
vn -0.032544 -0.608848 0.792619
vn 0.032839 -0.767448 0.640270
vn -0.032839 0.767448 -0.640270
vn 0.032544 0.608848 -0.792619
vn -0.029754 0.998318 -0.049750
vn 0.067772 0.990170 -0.122352
vn -0.067772 0.990170 0.122352
vn 0.029754 0.998318 0.049750
vn -0.063138 0.690979 0.720112
vn 0.015630 0.692276 0.721463
vn -0.024536 -0.003692 -0.999692
vn 0.080423 -0.011071 -0.996699
vn -0.080423 0.011071 -0.996699
vn 0.024536 0.003692 -0.999692
vn -0.024536 -0.003692 0.999692
vn 0.080423 -0.011071 0.996699
vn -0.080423 0.011071 0.996699
vn 0.024536 0.003692 0.999692
f 398/398/398 394/394/394 393/393/393
f 397/397/397 398/398/398 393/393/393
f 399/399/399 395/395/395 394/394/394
f 398/398/398 399/399/399 394/394/394
f 400/400/400 396/396/396 395/395/395
f 399/399/399 400/400/400 395/395/395
f 402/402/402 398/398/398 397/397/397
f 401/401/401 402/402/402 397/397/397
f 403/403/403 399/399/399 398/398/398
f 402/402/402 403/403/403 398/398/398
f 404/404/404 400/400/400 399/399/399
f 403/403/403 404/404/404 399/399/399
f 406/406/406 402/402/402 401/401/401
f 405/405/405 406/406/406 401/401/401
f 407/407/407 403/403/403 402/402/402
f 406/406/406 407/407/407 402/402/402
f 408/408/408 404/404/404 403/403/403
f 407/407/407 408/408/408 403/403/403
f 409/409/409 410/410/410 414/414/414
f 409/409/409 414/414/414 413/413/413
f 410/410/410 411/411/411 415/415/415
f 410/410/410 415/415/415 414/414/414
f 411/411/411 412/412/412 416/416/416
f 411/411/411 416/416/416 415/415/415
f 413/413/413 414/414/414 418/418/418
f 413/413/413 418/418/418 417/417/417
f 414/414/414 415/415/415 419/419/419
f 414/414/414 419/419/419 418/418/418
f 415/415/415 416/416/416 420/420/420
f 415/415/415 420/420/420 419/419/419
f 417/417/417 418/418/418 422/422/422
f 417/417/417 422/422/422 421/421/421
f 418/418/418 419/419/419 423/423/423
f 418/418/418 423/423/423 422/422/422
f 419/419/419 420/420/420 424/424/424
f 419/419/419 424/424/424 423/423/423
f 393/393/393 425/425/425 427/427/427
f 393/393/393 427/427/427 397/397/397
f 425/425/425 426/426/426 428/428/428
f 425/425/425 428/428/428 427/427/427
f 426/426/426 409/409/409 413/413/413
f 426/426/426 413/413/413 428/428/428
f 397/397/397 427/427/427 429/429/429
f 397/397/397 429/429/429 401/401/401
f 427/427/427 428/428/428 430/430/430
f 427/427/427 430/430/430 429/429/429
f 428/428/428 413/413/413 417/417/417
f 428/428/428 417/417/417 430/430/430
f 401/401/401 429/429/429 431/431/431
f 401/401/401 431/431/431 405/405/405
f 429/429/429 430/430/430 432/432/432
f 429/429/429 432/432/432 431/431/431
f 430/430/430 417/417/417 421/421/421
f 430/430/430 421/421/421 432/432/432
f 435/435/435 433/433/433 396/396/396
f 400/400/400 435/435/435 396/396/396
f 436/436/436 434/434/434 433/433/433
f 435/435/435 436/436/436 433/433/433
f 416/416/416 412/412/412 434/434/434
f 436/436/436 416/416/416 434/434/434
f 437/437/437 435/435/435 400/400/400
f 404/404/404 437/437/437 400/400/400
f 438/438/438 436/436/436 435/435/435
f 437/437/437 438/438/438 435/435/435
f 420/420/420 416/416/416 436/436/436
f 438/438/438 420/420/420 436/436/436
f 439/439/439 437/437/437 404/404/404
f 408/408/408 439/439/439 404/404/404
f 440/440/440 438/438/438 437/437/437
f 439/439/439 440/440/440 437/437/437
f 424/424/424 420/420/420 438/438/438
f 440/440/440 424/424/424 438/438/438
f 441/441/441 425/425/425 393/393/393
f 394/394/394 441/441/441 393/393/393
f 442/442/442 426/426/426 425/425/425
f 441/441/441 442/442/442 425/425/425
f 410/410/410 409/409/409 426/426/426
f 442/442/442 410/410/410 426/426/426
f 443/443/443 441/441/441 394/394/394
f 395/395/395 443/443/443 394/394/394
f 444/444/444 442/442/442 441/441/441
f 443/443/443 444/444/444 441/441/441
f 411/411/411 410/410/410 442/442/442
f 444/444/444 411/411/411 442/442/442
f 433/433/433 443/443/443 395/395/395
f 396/396/396 433/433/433 395/395/395
f 434/434/434 444/444/444 443/443/443
f 433/433/433 434/434/434 443/443/443
f 412/412/412 411/411/411 444/444/444
f 434/434/434 412/412/412 444/444/444
f 405/405/405 431/431/431 445/445/445
f 405/405/405 445/445/445 406/406/406
f 431/431/431 432/432/432 446/446/446
f 431/431/431 446/446/446 445/445/445
f 432/432/432 421/421/421 422/422/422
f 432/432/432 422/422/422 446/446/446
f 406/406/406 445/445/445 447/447/447
f 406/406/406 447/447/447 407/407/407
f 445/445/445 446/446/446 448/448/448
f 445/445/445 448/448/448 447/447/447
f 446/446/446 422/422/422 423/423/423
f 446/446/446 423/423/423 448/448/448
f 407/407/407 447/447/447 439/439/439
f 407/407/407 439/439/439 408/408/408
f 447/447/447 448/448/448 440/440/440
f 447/447/447 440/440/440 439/439/439
f 448/448/448 423/423/423 424/424/424
f 448/448/448 424/424/424 440/440/440
usemtl timber_dark
v -1.423441 0.042791 -0.036559 0.807189 0.558823 0.341503
v -1.427037 0.059442 -0.040150 0.807030 0.558713 0.341436
v -1.427037 0.187167 -0.040150 0.802712 0.555723 0.339609
v -1.423441 0.203819 -0.036559 0.801471 0.554865 0.339084
v -1.427037 0.039048 -0.020581 0.805498 0.557653 0.340788
v -1.435154 0.059442 -0.020581 0.804503 0.556964 0.340367
v -1.435154 0.187167 -0.020581 0.799947 0.553809 0.338439
v -1.427037 0.207561 -0.020581 0.799136 0.553248 0.338096
v -1.427037 0.039048 0.072326 0.791070 0.547664 0.334683
v -1.435154 0.059442 0.072326 0.789618 0.546659 0.334069
v -1.435154 0.187167 0.072326 0.783231 0.542237 0.331367
v -1.427037 0.207561 0.072326 0.782517 0.541742 0.331065
v -1.423441 0.042791 0.088303 0.788096 0.545605 0.333425
v -1.427037 0.059442 0.091894 0.786388 0.544422 0.332702
v -1.427037 0.187167 0.091894 0.779726 0.539811 0.329884
v -1.423441 0.203819 0.088303 0.779712 0.539801 0.329878
v 1.423441 0.042791 -0.036559 0.772929 0.535105 0.327008
v 1.427037 0.059442 -0.040150 0.773010 0.535161 0.327043
v 1.427037 0.187167 -0.040150 0.768048 0.531726 0.324943
v 1.423441 0.203819 -0.036559 0.766653 0.530760 0.324353
v 1.427037 0.039048 -0.020581 0.770482 0.533411 0.325973
v 1.435154 0.059442 -0.020581 0.770203 0.533218 0.325855
v 1.435154 0.187167 -0.020581 0.766053 0.530344 0.324099
v 1.427037 0.207561 -0.020581 0.764627 0.529357 0.323496
v 1.427037 0.039048 0.072326 0.756091 0.523447 0.319885
v 1.435154 0.059442 0.072326 0.756613 0.523809 0.320105
v 1.435154 0.187167 0.072326 0.755516 0.523049 0.319641
v 1.427037 0.207561 0.072326 0.754140 0.522097 0.319059
v 1.423441 0.042791 0.088303 0.753830 0.521883 0.318928
v 1.427037 0.059442 0.091894 0.753524 0.521670 0.318799
v 1.427037 0.187167 0.091894 0.752739 0.521127 0.318467
v 1.423441 0.203819 0.088303 0.752465 0.520937 0.318351
v -1.407440 0.039048 -0.040150 0.807338 0.558926 0.341566
v 1.407440 0.039048 -0.040150 0.772875 0.535068 0.326986
v -1.407440 0.030601 -0.020581 0.805871 0.557911 0.340945
v 1.407440 0.030601 -0.020581 0.769599 0.532799 0.325600
v -1.407440 0.030601 0.072326 0.792428 0.548604 0.335258
v 1.407440 0.030601 0.072326 0.754924 0.522640 0.319391
v -1.407440 0.039048 0.091894 0.788361 0.545788 0.333537
v 1.407440 0.039048 0.091894 0.752589 0.521023 0.318403
v -1.407440 0.207561 -0.040150 0.800759 0.554371 0.338783
v 1.407440 0.207561 -0.040150 0.765571 0.530011 0.323896
v -1.407440 0.216009 -0.020581 0.797998 0.552460 0.337614
v 1.407440 0.216009 -0.020581 0.762202 0.527679 0.322470
v -1.407440 0.216009 0.072326 0.782756 0.541908 0.331166
v 1.407440 0.216009 0.072326 0.751469 0.520248 0.317929
v -1.407440 0.207561 0.091894 0.779479 0.539639 0.329780
v 1.407440 0.207561 0.091894 0.750331 0.519460 0.317448
v -1.407440 0.059442 -0.048256 0.807325 0.558917 0.341560
v 1.407440 0.059442 -0.048256 0.773411 0.535438 0.327212
v -1.407440 0.187167 -0.048256 0.802523 0.555593 0.339529
v 1.407440 0.187167 -0.048256 0.767694 0.531480 0.324793
v -1.407440 0.059442 0.100000 0.785738 0.543973 0.332428
v 1.407440 0.059442 0.100000 0.751423 0.520216 0.317910
v -1.407440 0.187167 0.100000 0.778981 0.539295 0.329569
v 1.407440 0.187167 0.100000 0.749992 0.519225 0.317304
vt 0.000000 0.000000
vt 0.000000 0.000000
vt 0.000000 0.000000
vt 0.000000 0.000000
vt 0.000000 0.000000
vt 0.000000 0.000000
vt 0.000000 0.000000
vt 0.000000 0.000000
vt 0.000000 0.000000
vt 0.000000 0.000000
vt 0.000000 0.000000
vt 0.000000 0.000000
vt 0.000000 0.000000
vt 0.000000 0.000000
vt 0.000000 0.000000
vt 0.000000 0.000000
vt 0.000000 0.000000
vt 0.000000 0.000000
vt 0.000000 0.000000
vt 0.000000 0.000000
vt 0.000000 0.000000
vt 0.000000 0.000000
vt 0.000000 0.000000
vt 0.000000 0.000000
vt 0.000000 0.000000
vt 0.000000 0.000000
vt 0.000000 0.000000
vt 0.000000 0.000000
vt 0.000000 0.000000
vt 0.000000 0.000000
vt 0.000000 0.000000
vt 0.000000 0.000000
vt 0.000000 0.000000
vt 0.000000 0.000000
vt 0.000000 0.000000
vt 0.000000 0.000000
vt 0.000000 0.000000
vt 0.000000 0.000000
vt 0.000000 0.000000
vt 0.000000 0.000000
vt 0.000000 0.000000
vt 0.000000 0.000000
vt 0.000000 0.000000
vt 0.000000 0.000000
vt 0.000000 0.000000
vt 0.000000 0.000000
vt 0.000000 0.000000
vt 0.000000 0.000000
vt 0.000000 0.000000
vt 0.000000 0.000000
vt 0.000000 0.000000
vt 0.000000 0.000000
vt 0.000000 0.000000
vt 0.000000 0.000000
vt 0.000000 0.000000
vt 0.000000 0.000000
vn -0.584593 -0.561731 -0.585414
vn -0.706487 -0.018673 -0.707480
vn -0.704724 0.073008 -0.705715
vn -0.509684 0.692614 -0.510400
vn -0.720828 -0.692638 -0.025691
vn -0.998438 -0.034115 -0.044256
vn -0.991324 0.078495 -0.105425
vn -0.651546 0.756790 -0.052507
vn -0.717731 -0.689663 0.096054
vn -0.991324 -0.078495 0.105425
vn -0.998438 0.034115 0.044256
vn -0.781743 0.621419 0.052117
vn -0.504501 -0.484772 0.714475
vn -0.629262 -0.038616 0.776234
vn -0.775368 0.038627 0.630328
vn -0.713728 0.484945 0.505391
vn 0.713728 -0.484945 -0.505391
vn 0.775368 -0.038627 -0.630328
vn 0.629262 0.038616 -0.776234
vn 0.504501 0.484772 -0.714475
vn 0.781743 -0.621419 -0.052117
vn 0.998438 -0.034115 -0.044256
vn 0.991324 0.078495 -0.105425
vn 0.717731 0.689663 -0.096054
vn 0.651546 -0.756790 0.052507
vn 0.991324 -0.078495 0.105425
vn 0.998438 0.034115 0.044256
vn 0.720828 0.692638 0.025691
vn 0.509684 -0.692614 0.510400
vn 0.704724 -0.073008 0.705715
vn 0.706487 0.018673 0.707480
vn 0.584593 0.561731 0.585414
vn -0.000918 -0.692361 -0.721551
vn 0.004194 -0.692355 -0.721545
vn -0.001761 -0.999144 -0.041333
vn 0.004581 -0.992019 -0.126004
vn -0.004581 -0.992019 0.126004
vn 0.001761 -0.999144 0.041333
vn -0.001986 -0.589189 0.807993
vn 0.002008 -0.783923 0.620855
vn -0.002008 0.783923 -0.620855
vn 0.001986 0.589189 -0.807993
vn -0.001761 0.999144 -0.041333
vn 0.004581 0.992019 -0.126004
vn -0.004581 0.992019 0.126004
vn 0.001761 0.999144 0.041333
vn -0.004194 0.692355 0.721545
vn 0.000918 0.692361 0.721551
vn -0.001633 -0.029547 -0.999562
vn 0.004639 -0.095016 -0.995465
vn -0.004639 0.095016 -0.995465
vn 0.001633 0.029547 -0.999562
vn -0.001633 -0.029547 0.999562
vn 0.004639 -0.095016 0.995465
vn -0.004639 0.095016 0.995465
vn 0.001633 0.029547 0.999562
f 454/454/454 450/450/450 449/449/449
f 453/453/453 454/454/454 449/449/449
f 455/455/455 451/451/451 450/450/450
f 454/454/454 455/455/455 450/450/450
f 456/456/456 452/452/452 451/451/451
f 455/455/455 456/456/456 451/451/451
f 458/458/458 454/454/454 453/453/453
f 457/457/457 458/458/458 453/453/453
f 459/459/459 455/455/455 454/454/454
f 458/458/458 459/459/459 454/454/454
f 460/460/460 456/456/456 455/455/455
f 459/459/459 460/460/460 455/455/455
f 462/462/462 458/458/458 457/457/457
f 461/461/461 462/462/462 457/457/457
f 463/463/463 459/459/459 458/458/458
f 462/462/462 463/463/463 458/458/458
f 464/464/464 460/460/460 459/459/459
f 463/463/463 464/464/464 459/459/459
f 465/465/465 466/466/466 470/470/470
f 465/465/465 470/470/470 469/469/469
f 466/466/466 467/467/467 471/471/471
f 466/466/466 471/471/471 470/470/470
f 467/467/467 468/468/468 472/472/472
f 467/467/467 472/472/472 471/471/471
f 469/469/469 470/470/470 474/474/474
f 469/469/469 474/474/474 473/473/473
f 470/470/470 471/471/471 475/475/475
f 470/470/470 475/475/475 474/474/474
f 471/471/471 472/472/472 476/476/476
f 471/471/471 476/476/476 475/475/475
f 473/473/473 474/474/474 478/478/478
f 473/473/473 478/478/478 477/477/477
f 474/474/474 475/475/475 479/479/479
f 474/474/474 479/479/479 478/478/478
f 475/475/475 476/476/476 480/480/480
f 475/475/475 480/480/480 479/479/479
f 449/449/449 481/481/481 483/483/483
f 449/449/449 483/483/483 453/453/453
f 481/481/481 482/482/482 484/484/484
f 481/481/481 484/484/484 483/483/483
f 482/482/482 465/465/465 469/469/469
f 482/482/482 469/469/469 484/484/484
f 453/453/453 483/483/483 485/485/485
f 453/453/453 485/485/485 457/457/457
f 483/483/483 484/484/484 486/486/486
f 483/483/483 486/486/486 485/485/485
f 484/484/484 469/469/469 473/473/473
f 484/484/484 473/473/473 486/486/486
f 457/457/457 485/485/485 487/487/487
f 457/457/457 487/487/487 461/461/461
f 485/485/485 486/486/486 488/488/488
f 485/485/485 488/488/488 487/487/487
f 486/486/486 473/473/473 477/477/477
f 486/486/486 477/477/477 488/488/488
f 491/491/491 489/489/489 452/452/452
f 456/456/456 491/491/491 452/452/452
f 492/492/492 490/490/490 489/489/489
f 491/491/491 492/492/492 489/489/489
f 472/472/472 468/468/468 490/490/490
f 492/492/492 472/472/472 490/490/490
f 493/493/493 491/491/491 456/456/456
f 460/460/460 493/493/493 456/456/456
f 494/494/494 492/492/492 491/491/491
f 493/493/493 494/494/494 491/491/491
f 476/476/476 472/472/472 492/492/492
f 494/494/494 476/476/476 492/492/492
f 495/495/495 493/493/493 460/460/460
f 464/464/464 495/495/495 460/460/460
f 496/496/496 494/494/494 493/493/493
f 495/495/495 496/496/496 493/493/493
f 480/480/480 476/476/476 494/494/494
f 496/496/496 480/480/480 494/494/494
f 497/497/497 481/481/481 449/449/449
f 450/450/450 497/497/497 449/449/449
f 498/498/498 482/482/482 481/481/481
f 497/497/497 498/498/498 481/481/481
f 466/466/466 465/465/465 482/482/482
f 498/498/498 466/466/466 482/482/482
f 499/499/499 497/497/497 450/450/450
f 451/451/451 499/499/499 450/450/450
f 500/500/500 498/498/498 497/497/497
f 499/499/499 500/500/500 497/497/497
f 467/467/467 466/466/466 498/498/498
f 500/500/500 467/467/467 498/498/498
f 489/489/489 499/499/499 451/451/451
f 452/452/452 489/489/489 451/451/451
f 490/490/490 500/500/500 499/499/499
f 489/489/489 490/490/490 499/499/499
f 468/468/468 467/467/467 500/500/500
f 490/490/490 468/468/468 500/500/500
f 461/461/461 487/487/487 501/501/501
f 461/461/461 501/501/501 462/462/462
f 487/487/487 488/488/488 502/502/502
f 487/487/487 502/502/502 501/501/501
f 488/488/488 477/477/477 478/478/478
f 488/488/488 478/478/478 502/502/502
f 462/462/462 501/501/501 503/503/503
f 462/462/462 503/503/503 463/463/463
f 501/501/501 502/502/502 504/504/504
f 501/501/501 504/504/504 503/503/503
f 502/502/502 478/478/478 479/479/479
f 502/502/502 479/479/479 504/504/504
f 463/463/463 503/503/503 495/495/495
f 463/463/463 495/495/495 464/464/464
f 503/503/503 504/504/504 496/496/496
f 503/503/503 496/496/496 495/495/495
f 504/504/504 479/479/479 480/480/480
f 504/504/504 480/480/480 496/496/496
usemtl timber_dark
v -1.423441 1.036782 -0.036559 0.769383 0.532650 0.325508
v -1.427037 1.053433 -0.040150 0.769210 0.532530 0.325435
v -1.427037 1.181159 -0.040150 0.770267 0.533262 0.325882
v -1.423441 1.197810 -0.036559 0.771089 0.533831 0.326230
v -1.427037 1.033040 -0.020581 0.768241 0.531859 0.325025
v -1.435154 1.053433 -0.020581 0.767190 0.531132 0.324580
v -1.435154 1.181159 -0.020581 0.768558 0.532078 0.325159
v -1.427037 1.201553 -0.020581 0.770543 0.533453 0.325999
v -1.427037 1.033040 0.072326 0.764029 0.528943 0.323243
v -1.435154 1.053433 0.072326 0.762443 0.527845 0.322572
v -1.435154 1.181159 0.072326 0.766807 0.530866 0.324418
v -1.427037 1.201553 0.072326 0.770151 0.533182 0.325833
v -1.423441 1.036782 0.088303 0.764673 0.529389 0.323515
v -1.427037 1.053433 0.091894 0.764142 0.529021 0.323291
v -1.427037 1.181159 0.091894 0.769286 0.532583 0.325467
v -1.423441 1.197810 0.088303 0.771176 0.533891 0.326267
v 1.423441 1.036782 -0.036559 0.783011 0.542085 0.331274
v 1.427037 1.053433 -0.040150 0.784975 0.543444 0.332105
v 1.427037 1.181159 -0.040150 0.791584 0.548020 0.334901
v 1.423441 1.197810 -0.036559 0.791332 0.547845 0.334794
v 1.427037 1.033040 -0.020581 0.784348 0.543010 0.331839
v 1.435154 1.053433 -0.020581 0.788058 0.545579 0.333409
v 1.435154 1.181159 -0.020581 0.794351 0.549935 0.336071
v 1.427037 1.201553 -0.020581 0.792795 0.548858 0.335413
v 1.427037 1.033040 0.072326 0.785746 0.543978 0.332431
v 1.435154 1.053433 0.072326 0.788926 0.546179 0.333776
v 1.435154 1.181159 0.072326 0.793275 0.549190 0.335616
v 1.427037 1.201553 0.072326 0.791851 0.548204 0.335014
v 1.423441 1.036782 0.088303 0.785190 0.543593 0.332196
v 1.427037 1.053433 0.091894 0.786831 0.544729 0.332890
v 1.427037 1.181159 0.091894 0.790934 0.547569 0.334626
v 1.423441 1.197810 0.088303 0.790647 0.547371 0.334505
v -1.407440 1.033040 -0.040150 0.770529 0.533443 0.325993
v 1.407440 1.033040 -0.040150 0.777437 0.538225 0.328915
v -1.407440 1.024592 -0.020581 0.770281 0.533272 0.325888
v 1.407440 1.024592 -0.020581 0.777357 0.538170 0.328882
v -1.407440 1.024592 0.072326 0.768915 0.532326 0.325310
v 1.407440 1.024592 0.072326 0.780057 0.540039 0.330024
v -1.407440 1.033040 0.091894 0.768999 0.532384 0.325346
v 1.407440 1.033040 0.091894 0.781317 0.540912 0.330557
v -1.407440 1.201553 -0.040150 0.773135 0.535247 0.327095
v 1.407440 1.201553 -0.040150 0.786300 0.544362 0.332666
v -1.407440 1.210000 -0.020581 0.774105 0.535919 0.327506
v 1.407440 1.210000 -0.020581 0.786968 0.544824 0.332948
v -1.407440 1.210000 0.072326 0.776564 0.537621 0.328546
v 1.407440 1.210000 0.072326 0.787689 0.545323 0.333253
v -1.407440 1.201553 0.091894 0.776503 0.537579 0.328520
v 1.407440 1.201553 0.091894 0.787648 0.545295 0.333236
v -1.407440 1.053433 -0.048256 0.770649 0.533527 0.326044
v 1.407440 1.053433 -0.048256 0.778360 0.538865 0.329306
v -1.407440 1.181159 -0.048256 0.772349 0.534703 0.326763
v 1.407440 1.181159 -0.048256 0.785116 0.543542 0.332164
v -1.407440 1.053433 0.100000 0.769756 0.532908 0.325666
v 1.407440 1.053433 0.100000 0.782585 0.541790 0.331094
v -1.407440 1.181159 0.100000 0.775615 0.536964 0.328145
v 1.407440 1.181159 0.100000 0.787189 0.544977 0.333042
vt 0.000000 0.000000
vt 0.000000 0.000000
vt 0.000000 0.000000
vt 0.000000 0.000000
vt 0.000000 0.000000
vt 0.000000 0.000000
vt 0.000000 0.000000
vt 0.000000 0.000000
vt 0.000000 0.000000
vt 0.000000 0.000000
vt 0.000000 0.000000
vt 0.000000 0.000000
vt 0.000000 0.000000
vt 0.000000 0.000000
vt 0.000000 0.000000
vt 0.000000 0.000000
vt 0.000000 0.000000
vt 0.000000 0.000000
vt 0.000000 0.000000
vt 0.000000 0.000000
vt 0.000000 0.000000
vt 0.000000 0.000000
vt 0.000000 0.000000
vt 0.000000 0.000000
vt 0.000000 0.000000
vt 0.000000 0.000000
vt 0.000000 0.000000
vt 0.000000 0.000000
vt 0.000000 0.000000
vt 0.000000 0.000000
vt 0.000000 0.000000
vt 0.000000 0.000000
vt 0.000000 0.000000
vt 0.000000 0.000000
vt 0.000000 0.000000
vt 0.000000 0.000000
vt 0.000000 0.000000
vt 0.000000 0.000000
vt 0.000000 0.000000
vt 0.000000 0.000000
vt 0.000000 0.000000
vt 0.000000 0.000000
vt 0.000000 0.000000
vt 0.000000 0.000000
vt 0.000000 0.000000
vt 0.000000 0.000000
vt 0.000000 0.000000
vt 0.000000 0.000000
vt 0.000000 0.000000
vt 0.000000 0.000000
vt 0.000000 0.000000
vt 0.000000 0.000000
vt 0.000000 0.000000
vt 0.000000 0.000000
vt 0.000000 0.000000
vt 0.000000 0.000000
vn -0.584593 -0.561731 -0.585414
vn -0.706487 -0.018673 -0.707480
vn -0.704724 0.073008 -0.705715
vn -0.509684 0.692614 -0.510400
vn -0.720828 -0.692638 -0.025691
vn -0.998438 -0.034115 -0.044256
vn -0.991324 0.078495 -0.105425
vn -0.651546 0.756790 -0.052507
vn -0.717731 -0.689663 0.096054
vn -0.991324 -0.078495 0.105425
vn -0.998438 0.034115 0.044256
vn -0.781743 0.621419 0.052117
vn -0.504501 -0.484772 0.714475
vn -0.629262 -0.038616 0.776234
vn -0.775368 0.038627 0.630328
vn -0.713728 0.484945 0.505391
vn 0.713728 -0.484945 -0.505391
vn 0.775368 -0.038627 -0.630328
vn 0.629262 0.038616 -0.776234
vn 0.504501 0.484772 -0.714475
vn 0.781743 -0.621419 -0.052117
vn 0.998438 -0.034115 -0.044256
vn 0.991324 0.078495 -0.105425
vn 0.717731 0.689663 -0.096054
vn 0.651546 -0.756790 0.052507
vn 0.991324 -0.078495 0.105425
vn 0.998438 0.034115 0.044256
vn 0.720828 0.692638 0.025691
vn 0.509684 -0.692614 0.510400
vn 0.704724 -0.073008 0.705715
vn 0.706487 0.018673 0.707480
vn 0.584593 0.561731 0.585414
vn -0.000918 -0.692361 -0.721551
vn 0.004194 -0.692355 -0.721545
vn -0.001761 -0.999144 -0.041333
vn 0.004581 -0.992019 -0.126004
vn -0.004581 -0.992019 0.126004
vn 0.001761 -0.999144 0.041333
vn -0.001986 -0.589189 0.807993
vn 0.002008 -0.783923 0.620855
vn -0.002008 0.783923 -0.620855
vn 0.001986 0.589189 -0.807993
vn -0.001761 0.999144 -0.041333
vn 0.004581 0.992019 -0.126004
vn -0.004581 0.992019 0.126004
vn 0.001761 0.999144 0.041333
vn -0.004194 0.692355 0.721545
vn 0.000918 0.692361 0.721551
vn -0.001633 -0.029547 -0.999562
vn 0.004639 -0.095016 -0.995465
vn -0.004639 0.095016 -0.995465
vn 0.001633 0.029547 -0.999562
vn -0.001633 -0.029547 0.999562
vn 0.004639 -0.095016 0.995465
vn -0.004639 0.095016 0.995465
vn 0.001633 0.029547 0.999562
f 510/510/510 506/506/506 505/505/505
f 509/509/509 510/510/510 505/505/505
f 511/511/511 507/507/507 506/506/506
f 510/510/510 511/511/511 506/506/506
f 512/512/512 508/508/508 507/507/507
f 511/511/511 512/512/512 507/507/507
f 514/514/514 510/510/510 509/509/509
f 513/513/513 514/514/514 509/509/509
f 515/515/515 511/511/511 510/510/510
f 514/514/514 515/515/515 510/510/510
f 516/516/516 512/512/512 511/511/511
f 515/515/515 516/516/516 511/511/511
f 518/518/518 514/514/514 513/513/513
f 517/517/517 518/518/518 513/513/513
f 519/519/519 515/515/515 514/514/514
f 518/518/518 519/519/519 514/514/514
f 520/520/520 516/516/516 515/515/515
f 519/519/519 520/520/520 515/515/515
f 521/521/521 522/522/522 526/526/526
f 521/521/521 526/526/526 525/525/525
f 522/522/522 523/523/523 527/527/527
f 522/522/522 527/527/527 526/526/526
f 523/523/523 524/524/524 528/528/528
f 523/523/523 528/528/528 527/527/527
f 525/525/525 526/526/526 530/530/530
f 525/525/525 530/530/530 529/529/529
f 526/526/526 527/527/527 531/531/531
f 526/526/526 531/531/531 530/530/530
f 527/527/527 528/528/528 532/532/532
f 527/527/527 532/532/532 531/531/531
f 529/529/529 530/530/530 534/534/534
f 529/529/529 534/534/534 533/533/533
f 530/530/530 531/531/531 535/535/535
f 530/530/530 535/535/535 534/534/534
f 531/531/531 532/532/532 536/536/536
f 531/531/531 536/536/536 535/535/535
f 505/505/505 537/537/537 539/539/539
f 505/505/505 539/539/539 509/509/509
f 537/537/537 538/538/538 540/540/540
f 537/537/537 540/540/540 539/539/539
f 538/538/538 521/521/521 525/525/525
f 538/538/538 525/525/525 540/540/540
f 509/509/509 539/539/539 541/541/541
f 509/509/509 541/541/541 513/513/513
f 539/539/539 540/540/540 542/542/542
f 539/539/539 542/542/542 541/541/541
f 540/540/540 525/525/525 529/529/529
f 540/540/540 529/529/529 542/542/542
f 513/513/513 541/541/541 543/543/543
f 513/513/513 543/543/543 517/517/517
f 541/541/541 542/542/542 544/544/544
f 541/541/541 544/544/544 543/543/543
f 542/542/542 529/529/529 533/533/533
f 542/542/542 533/533/533 544/544/544
f 547/547/547 545/545/545 508/508/508
f 512/512/512 547/547/547 508/508/508
f 548/548/548 546/546/546 545/545/545
f 547/547/547 548/548/548 545/545/545
f 528/528/528 524/524/524 546/546/546
f 548/548/548 528/528/528 546/546/546
f 549/549/549 547/547/547 512/512/512
f 516/516/516 549/549/549 512/512/512
f 550/550/550 548/548/548 547/547/547
f 549/549/549 550/550/550 547/547/547
f 532/532/532 528/528/528 548/548/548
f 550/550/550 532/532/532 548/548/548
f 551/551/551 549/549/549 516/516/516
f 520/520/520 551/551/551 516/516/516
f 552/552/552 550/550/550 549/549/549
f 551/551/551 552/552/552 549/549/549
f 536/536/536 532/532/532 550/550/550
f 552/552/552 536/536/536 550/550/550
f 553/553/553 537/537/537 505/505/505
f 506/506/506 553/553/553 505/505/505
f 554/554/554 538/538/538 537/537/537
f 553/553/553 554/554/554 537/537/537
f 522/522/522 521/521/521 538/538/538
f 554/554/554 522/522/522 538/538/538
f 555/555/555 553/553/553 506/506/506
f 507/507/507 555/555/555 506/506/506
f 556/556/556 554/554/554 553/553/553
f 555/555/555 556/556/556 553/553/553
f 523/523/523 522/522/522 554/554/554
f 556/556/556 523/523/523 554/554/554
f 545/545/545 555/555/555 507/507/507
f 508/508/508 545/545/545 507/507/507
f 546/546/546 556/556/556 555/555/555
f 545/545/545 546/546/546 555/555/555
f 524/524/524 523/523/523 556/556/556
f 546/546/546 524/524/524 556/556/556
f 517/517/517 543/543/543 557/557/557
f 517/517/517 557/557/557 518/518/518
f 543/543/543 544/544/544 558/558/558
f 543/543/543 558/558/558 557/557/557
f 544/544/544 533/533/533 534/534/534
f 544/544/544 534/534/534 558/558/558
f 518/518/518 557/557/557 559/559/559
f 518/518/518 559/559/559 519/519/519
f 557/557/557 558/558/558 560/560/560
f 557/557/557 560/560/560 559/559/559
f 558/558/558 534/534/534 535/535/535
f 558/558/558 535/535/535 560/560/560
f 519/519/519 559/559/559 551/551/551
f 519/519/519 551/551/551 520/520/520
f 559/559/559 560/560/560 552/552/552
f 559/559/559 552/552/552 551/551/551
f 560/560/560 535/535/535 536/536/536
f 560/560/560 536/536/536 552/552/552
usemtl timber_dark
v -1.247820 0.292233 -0.044189 0.820000 0.580000 0.360000
v -1.238019 0.297972 -0.046651 0.820000 0.580000 0.360000
v 1.199979 1.059139 -0.046651 0.820000 0.580000 0.360000
v 1.211197 1.059962 -0.044189 0.820000 0.580000 0.360000
v -1.250890 0.293954 -0.033233 0.820000 0.580000 0.360000
v -1.239619 0.303521 -0.033233 0.820000 0.580000 0.360000
v 1.198380 1.064687 -0.033233 0.820000 0.580000 0.360000
v 1.212850 1.063157 -0.033233 0.820000 0.580000 0.360000
v -1.250890 0.293954 0.007884 0.820000 0.580000 0.360000
v -1.239619 0.303521 0.007884 0.820000 0.580000 0.360000
v 1.198380 1.064687 0.007884 0.820000 0.580000 0.360000
v 1.212850 1.063157 0.007884 0.820000 0.580000 0.360000
v -1.247820 0.292233 0.018840 0.820000 0.580000 0.360000
v -1.238019 0.297972 0.021302 0.820000 0.580000 0.360000
v 1.199979 1.059139 0.021302 0.820000 0.580000 0.360000
v 1.211197 1.059962 0.018840 0.820000 0.580000 0.360000
v -1.211197 0.165188 -0.044189 0.820000 0.580000 0.360000
v -1.199979 0.166011 -0.046651 0.820000 0.580000 0.360000
v 1.238019 0.927178 -0.046651 0.820000 0.580000 0.360000
v 1.247820 0.932917 -0.044189 0.820000 0.580000 0.360000
v -1.212850 0.161993 -0.033233 0.820000 0.580000 0.360000
v -1.198380 0.160463 -0.033233 0.820000 0.580000 0.360000
v 1.239619 0.921630 -0.033233 0.820000 0.580000 0.360000
v 1.250890 0.931196 -0.033233 0.820000 0.580000 0.360000
v -1.212850 0.161993 0.007884 0.820000 0.580000 0.360000
v -1.198380 0.160463 0.007884 0.820000 0.580000 0.360000
v 1.239619 0.921630 0.007884 0.820000 0.580000 0.360000
v 1.250890 0.931196 0.007884 0.820000 0.580000 0.360000
v -1.211197 0.165188 0.018840 0.820000 0.580000 0.360000
v -1.199979 0.166011 0.021302 0.820000 0.580000 0.360000
v 1.238019 0.927178 0.021302 0.820000 0.580000 0.360000
v 1.247820 0.932917 0.018840 0.820000 0.580000 0.360000
v -1.247029 0.280559 -0.046651 0.820000 0.580000 0.360000
v -1.216711 0.175388 -0.046651 0.820000 0.580000 0.360000
v -1.252360 0.278895 -0.033233 0.820000 0.580000 0.360000
v -1.222042 0.173723 -0.033233 0.820000 0.580000 0.360000
v -1.252360 0.278895 0.007884 0.820000 0.580000 0.360000
v -1.222042 0.173723 0.007884 0.820000 0.580000 0.360000
v -1.247029 0.280559 0.021302 0.820000 0.580000 0.360000
v -1.216711 0.175388 0.021302 0.820000 0.580000 0.360000
v 1.216711 1.049763 -0.046651 0.820000 0.580000 0.360000
v 1.247029 0.944591 -0.046651 0.820000 0.580000 0.360000
v 1.222042 1.051427 -0.033233 0.820000 0.580000 0.360000
v 1.252360 0.946255 -0.033233 0.820000 0.580000 0.360000
v 1.222042 1.051427 0.007884 0.820000 0.580000 0.360000
v 1.252360 0.946255 0.007884 0.820000 0.580000 0.360000
v 1.216711 1.049763 0.021302 0.820000 0.580000 0.360000
v 1.247029 0.944591 0.021302 0.820000 0.580000 0.360000
v -1.234158 0.284578 -0.052209 0.820000 0.580000 0.360000
v -1.203841 0.179406 -0.052209 0.820000 0.580000 0.360000
v 1.203841 1.045744 -0.052209 0.820000 0.580000 0.360000
v 1.234158 0.940572 -0.052209 0.820000 0.580000 0.360000
v -1.234158 0.284578 0.026860 0.820000 0.580000 0.360000
v -1.203841 0.179406 0.026860 0.820000 0.580000 0.360000
v 1.203841 1.045744 0.026860 0.820000 0.580000 0.360000
v 1.234158 0.940572 0.026860 0.820000 0.580000 0.360000
vt 0.000000 0.000000
vt 0.000000 0.000000
vt 0.000000 0.000000
vt 0.000000 0.000000
vt 0.000000 0.000000
vt 0.000000 0.000000
vt 0.000000 0.000000
vt 0.000000 0.000000
vt 0.000000 0.000000
vt 0.000000 0.000000
vt 0.000000 0.000000
vt 0.000000 0.000000
vt 0.000000 0.000000
vt 0.000000 0.000000
vt 0.000000 0.000000
vt 0.000000 0.000000
vt 0.000000 0.000000
vt 0.000000 0.000000
vt 0.000000 0.000000
vt 0.000000 0.000000
vt 0.000000 0.000000
vt 0.000000 0.000000
vt 0.000000 0.000000
vt 0.000000 0.000000
vt 0.000000 0.000000
vt 0.000000 0.000000
vt 0.000000 0.000000
vt 0.000000 0.000000
vt 0.000000 0.000000
vt 0.000000 0.000000
vt 0.000000 0.000000
vt 0.000000 0.000000
vt 0.000000 0.000000
vt 0.000000 0.000000
vt 0.000000 0.000000
vt 0.000000 0.000000
vt 0.000000 0.000000
vt 0.000000 0.000000
vt 0.000000 0.000000
vt 0.000000 0.000000
vt 0.000000 0.000000
vt 0.000000 0.000000
vt 0.000000 0.000000
vt 0.000000 0.000000
vt 0.000000 0.000000
vt 0.000000 0.000000
vt 0.000000 0.000000
vt 0.000000 0.000000
vt 0.000000 0.000000
vt 0.000000 0.000000
vt 0.000000 0.000000
vt 0.000000 0.000000
vt 0.000000 0.000000
vt 0.000000 0.000000
vt 0.000000 0.000000
vt 0.000000 0.000000
vn -0.722725 0.373941 -0.581237
vn -0.207370 0.661875 -0.720361
vn -0.203665 0.662982 -0.720400
vn 0.543195 0.667195 -0.509695
vn -0.887527 0.459210 -0.037721
vn -0.298833 0.952386 -0.060488
vn -0.290876 0.942120 -0.166738
vn 0.552781 0.829876 -0.075757
vn -0.880738 0.455697 0.128997
vn -0.296822 0.940267 0.166716
vn -0.296119 0.953233 0.060492
vn 0.418870 0.904848 0.076143
vn -0.624844 0.323297 0.710668
vn -0.177329 0.562943 0.807248
vn -0.232556 0.749961 0.619254
vn 0.283037 0.809765 0.513975
vn -0.283037 -0.809765 -0.513975
vn 0.232556 -0.749961 -0.619254
vn 0.177329 -0.562943 -0.807248
vn 0.624844 -0.323297 -0.710668
vn -0.418870 -0.904848 -0.076143
vn 0.296119 -0.953233 -0.060492
vn 0.296822 -0.940267 -0.166716
vn 0.880738 -0.455697 -0.128997
vn -0.552781 -0.829876 0.075757
vn 0.290876 -0.942120 0.166738
vn 0.298833 -0.952386 0.060488
vn 0.887527 -0.459210 0.037721
vn -0.543195 -0.667195 0.509695
vn 0.203665 -0.662982 0.720400
vn 0.207370 -0.661875 0.720361
vn 0.722725 -0.373941 0.581237
vn -0.682161 -0.180878 -0.708477
vn -0.659043 -0.253571 -0.708071
vn -0.966724 -0.247802 -0.063555
vn -0.932061 -0.331337 -0.146554
vn -0.965432 -0.215812 0.146172
vn -0.950273 -0.304847 0.063638
vn -0.608154 -0.142388 0.780945
vn -0.738985 -0.246014 0.627199
vn 0.738985 0.246014 -0.627199
vn 0.608154 0.142388 -0.780945
vn 0.950273 0.304847 -0.063638
vn 0.965432 0.215812 -0.146172
vn 0.932061 0.331337 0.146554
vn 0.966724 0.247802 0.063555
vn 0.659043 0.253571 0.708071
vn 0.682161 0.180878 0.708477
vn -0.008306 0.022555 -0.999711
vn 0.020397 -0.077563 -0.996779
vn -0.020397 0.077563 -0.996779
vn 0.008306 -0.022555 -0.999711
vn -0.008306 0.022555 0.999711
vn 0.020397 -0.077563 0.996779
vn -0.020397 0.077563 0.996779
vn 0.008306 -0.022555 0.999711
f 566/566/566 562/562/562 561/561/561
f 565/565/565 566/566/566 561/561/561
f 567/567/567 563/563/563 562/562/562
f 566/566/566 567/567/567 562/562/562
f 568/568/568 564/564/564 563/563/563
f 567/567/567 568/568/568 563/563/563
f 570/570/570 566/566/566 565/565/565
f 569/569/569 570/570/570 565/565/565
f 571/571/571 567/567/567 566/566/566
f 570/570/570 571/571/571 566/566/566
f 572/572/572 568/568/568 567/567/567
f 571/571/571 572/572/572 567/567/567
f 574/574/574 570/570/570 569/569/569
f 573/573/573 574/574/574 569/569/569
f 575/575/575 571/571/571 570/570/570
f 574/574/574 575/575/575 570/570/570
f 576/576/576 572/572/572 571/571/571
f 575/575/575 576/576/576 571/571/571
f 577/577/577 578/578/578 582/582/582
f 577/577/577 582/582/582 581/581/581
f 578/578/578 579/579/579 583/583/583
f 578/578/578 583/583/583 582/582/582
f 579/579/579 580/580/580 584/584/584
f 579/579/579 584/584/584 583/583/583
f 581/581/581 582/582/582 586/586/586
f 581/581/581 586/586/586 585/585/585
f 582/582/582 583/583/583 587/587/587
f 582/582/582 587/587/587 586/586/586
f 583/583/583 584/584/584 588/588/588
f 583/583/583 588/588/588 587/587/587
f 585/585/585 586/586/586 590/590/590
f 585/585/585 590/590/590 589/589/589
f 586/586/586 587/587/587 591/591/591
f 586/586/586 591/591/591 590/590/590
f 587/587/587 588/588/588 592/592/592
f 587/587/587 592/592/592 591/591/591
f 561/561/561 593/593/593 595/595/595
f 561/561/561 595/595/595 565/565/565
f 593/593/593 594/594/594 596/596/596
f 593/593/593 596/596/596 595/595/595
f 594/594/594 577/577/577 581/581/581
f 594/594/594 581/581/581 596/596/596
f 565/565/565 595/595/595 597/597/597
f 565/565/565 597/597/597 569/569/569
f 595/595/595 596/596/596 598/598/598
f 595/595/595 598/598/598 597/597/597
f 596/596/596 581/581/581 585/585/585
f 596/596/596 585/585/585 598/598/598
f 569/569/569 597/597/597 599/599/599
f 569/569/569 599/599/599 573/573/573
f 597/597/597 598/598/598 600/600/600
f 597/597/597 600/600/600 599/599/599
f 598/598/598 585/585/585 589/589/589
f 598/598/598 589/589/589 600/600/600
f 603/603/603 601/601/601 564/564/564
f 568/568/568 603/603/603 564/564/564
f 604/604/604 602/602/602 601/601/601
f 603/603/603 604/604/604 601/601/601
f 584/584/584 580/580/580 602/602/602
f 604/604/604 584/584/584 602/602/602
f 605/605/605 603/603/603 568/568/568
f 572/572/572 605/605/605 568/568/568
f 606/606/606 604/604/604 603/603/603
f 605/605/605 606/606/606 603/603/603
f 588/588/588 584/584/584 604/604/604
f 606/606/606 588/588/588 604/604/604
f 607/607/607 605/605/605 572/572/572
f 576/576/576 607/607/607 572/572/572
f 608/608/608 606/606/606 605/605/605
f 607/607/607 608/608/608 605/605/605
f 592/592/592 588/588/588 606/606/606
f 608/608/608 592/592/592 606/606/606
f 609/609/609 593/593/593 561/561/561
f 562/562/562 609/609/609 561/561/561
f 610/610/610 594/594/594 593/593/593
f 609/609/609 610/610/610 593/593/593
f 578/578/578 577/577/577 594/594/594
f 610/610/610 578/578/578 594/594/594
f 611/611/611 609/609/609 562/562/562
f 563/563/563 611/611/611 562/562/562
f 612/612/612 610/610/610 609/609/609
f 611/611/611 612/612/612 609/609/609
f 579/579/579 578/578/578 610/610/610
f 612/612/612 579/579/579 610/610/610
f 601/601/601 611/611/611 563/563/563
f 564/564/564 601/601/601 563/563/563
f 602/602/602 612/612/612 611/611/611
f 601/601/601 602/602/602 611/611/611
f 580/580/580 579/579/579 612/612/612
f 602/602/602 580/580/580 612/612/612
f 573/573/573 599/599/599 613/613/613
f 573/573/573 613/613/613 574/574/574
f 599/599/599 600/600/600 614/614/614
f 599/599/599 614/614/614 613/613/613
f 600/600/600 589/589/589 590/590/590
f 600/600/600 590/590/590 614/614/614
f 574/574/574 613/613/613 615/615/615
f 574/574/574 615/615/615 575/575/575
f 613/613/613 614/614/614 616/616/616
f 613/613/613 616/616/616 615/615/615
f 614/614/614 590/590/590 591/591/591
f 614/614/614 591/591/591 616/616/616
f 575/575/575 615/615/615 607/607/607
f 575/575/575 607/607/607 576/576/576
f 615/615/615 616/616/616 608/608/608
f 615/615/615 608/608/608 607/607/607
f 616/616/616 591/591/591 592/592/592
f 616/616/616 592/592/592 608/608/608
usemtl timber_dark
v -1.211197 1.059962 -0.059014 0.820000 0.580000 0.360000
v -1.199979 1.059139 -0.061477 0.820000 0.580000 0.360000
v 1.238019 0.297972 -0.061477 0.820000 0.580000 0.360000
v 1.247820 0.292233 -0.059014 0.820000 0.580000 0.360000
v -1.212850 1.063157 -0.048058 0.820000 0.580000 0.360000
v -1.198380 1.064687 -0.048058 0.820000 0.580000 0.360000
v 1.239619 0.303521 -0.048058 0.820000 0.580000 0.360000
v 1.250890 0.293954 -0.048058 0.820000 0.580000 0.360000
v -1.212850 1.063157 -0.006942 0.820000 0.580000 0.360000
v -1.198380 1.064687 -0.006942 0.820000 0.580000 0.360000
v 1.239619 0.303521 -0.006942 0.820000 0.580000 0.360000
v 1.250890 0.293954 -0.006942 0.820000 0.580000 0.360000
v -1.211197 1.059962 0.004014 0.820000 0.580000 0.360000
v -1.199979 1.059139 0.006477 0.820000 0.580000 0.360000
v 1.238019 0.297972 0.006477 0.820000 0.580000 0.360000
v 1.247820 0.292233 0.004014 0.820000 0.580000 0.360000
v -1.247820 0.932917 -0.059014 0.820000 0.580000 0.360000
v -1.238019 0.927178 -0.061477 0.820000 0.580000 0.360000
v 1.199979 0.166011 -0.061477 0.820000 0.580000 0.360000
v 1.211197 0.165188 -0.059014 0.820000 0.580000 0.360000
v -1.250890 0.931196 -0.048058 0.820000 0.580000 0.360000
v -1.239619 0.921630 -0.048058 0.820000 0.580000 0.360000
v 1.198380 0.160463 -0.048058 0.820000 0.580000 0.360000
v 1.212850 0.161993 -0.048058 0.820000 0.580000 0.360000
v -1.250890 0.931196 -0.006942 0.820000 0.580000 0.360000
v -1.239619 0.921630 -0.006942 0.820000 0.580000 0.360000
v 1.198380 0.160463 -0.006942 0.820000 0.580000 0.360000
v 1.212850 0.161993 -0.006942 0.820000 0.580000 0.360000
v -1.247820 0.932917 0.004014 0.820000 0.580000 0.360000
v -1.238019 0.927178 0.006477 0.820000 0.580000 0.360000
v 1.199979 0.166011 0.006477 0.820000 0.580000 0.360000
v 1.211197 0.165188 0.004014 0.820000 0.580000 0.360000
v -1.216711 1.049763 -0.061477 0.820000 0.580000 0.360000
v -1.247029 0.944591 -0.061477 0.820000 0.580000 0.360000
v -1.222042 1.051427 -0.048058 0.820000 0.580000 0.360000
v -1.252360 0.946255 -0.048058 0.820000 0.580000 0.360000
v -1.222042 1.051427 -0.006942 0.820000 0.580000 0.360000
v -1.252360 0.946255 -0.006942 0.820000 0.580000 0.360000
v -1.216711 1.049763 0.006477 0.820000 0.580000 0.360000
v -1.247029 0.944591 0.006477 0.820000 0.580000 0.360000
v 1.247029 0.280559 -0.061477 0.820000 0.580000 0.360000
v 1.216711 0.175388 -0.061477 0.820000 0.580000 0.360000
v 1.252360 0.278895 -0.048058 0.820000 0.580000 0.360000
v 1.222042 0.173723 -0.048058 0.820000 0.580000 0.360000
v 1.252360 0.278895 -0.006942 0.820000 0.580000 0.360000
v 1.222042 0.173723 -0.006942 0.820000 0.580000 0.360000
v 1.247029 0.280559 0.006477 0.820000 0.580000 0.360000
v 1.216711 0.175388 0.006477 0.820000 0.580000 0.360000
v -1.203841 1.045744 -0.067035 0.820000 0.580000 0.360000
v -1.234158 0.940572 -0.067035 0.820000 0.580000 0.360000
v 1.234158 0.284578 -0.067035 0.820000 0.580000 0.360000
v 1.203841 0.179406 -0.067035 0.820000 0.580000 0.360000
v -1.203841 1.045744 0.012035 0.820000 0.580000 0.360000
v -1.234158 0.940572 0.012035 0.820000 0.580000 0.360000
v 1.234158 0.284578 0.012035 0.820000 0.580000 0.360000
v 1.203841 0.179406 0.012035 0.820000 0.580000 0.360000
vt 0.000000 0.000000
vt 0.000000 0.000000
vt 0.000000 0.000000
vt 0.000000 0.000000
vt 0.000000 0.000000
vt 0.000000 0.000000
vt 0.000000 0.000000
vt 0.000000 0.000000
vt 0.000000 0.000000
vt 0.000000 0.000000
vt 0.000000 0.000000
vt 0.000000 0.000000
vt 0.000000 0.000000
vt 0.000000 0.000000
vt 0.000000 0.000000
vt 0.000000 0.000000
vt 0.000000 0.000000
vt 0.000000 0.000000
vt 0.000000 0.000000
vt 0.000000 0.000000
vt 0.000000 0.000000
vt 0.000000 0.000000
vt 0.000000 0.000000
vt 0.000000 0.000000
vt 0.000000 0.000000
vt 0.000000 0.000000
vt 0.000000 0.000000
vt 0.000000 0.000000
vt 0.000000 0.000000
vt 0.000000 0.000000
vt 0.000000 0.000000
vt 0.000000 0.000000
vt 0.000000 0.000000
vt 0.000000 0.000000
vt 0.000000 0.000000
vt 0.000000 0.000000
vt 0.000000 0.000000
vt 0.000000 0.000000
vt 0.000000 0.000000
vt 0.000000 0.000000
vt 0.000000 0.000000
vt 0.000000 0.000000
vt 0.000000 0.000000
vt 0.000000 0.000000
vt 0.000000 0.000000
vt 0.000000 0.000000
vt 0.000000 0.000000
vt 0.000000 0.000000
vt 0.000000 0.000000
vt 0.000000 0.000000
vt 0.000000 0.000000
vt 0.000000 0.000000
vt 0.000000 0.000000
vt 0.000000 0.000000
vt 0.000000 0.000000
vt 0.000000 0.000000
vn -0.394815 0.704553 -0.589683
vn 0.206042 0.662273 -0.720376
vn 0.209744 0.661160 -0.720330
vn 0.823072 0.265626 -0.501991
vn -0.488490 0.871717 -0.038557
vn 0.296119 0.953233 -0.060492
vn 0.296822 0.940267 -0.166716
vn 0.916997 0.391942 -0.074148
vn -0.484588 0.864755 0.131811
vn 0.290876 0.942120 0.166738
vn 0.298833 0.952386 0.060488
vn 0.849429 0.522416 0.074510
vn -0.340089 0.606894 0.718344
vn 0.174450 0.563796 0.807280
vn 0.235459 0.749081 0.619222
vn 0.689422 0.518249 0.506078
vn -0.689422 -0.518249 -0.506078
vn -0.235459 -0.749081 -0.619222
vn -0.174450 -0.563796 -0.807280
vn 0.340089 -0.606894 -0.718344
vn -0.849429 -0.522416 -0.074510
vn -0.298833 -0.952386 -0.060488
vn -0.290876 -0.942120 -0.166738
vn 0.484588 -0.864755 -0.131811
vn -0.916997 -0.391942 0.074148
vn -0.296822 -0.940267 0.166716
vn -0.296119 -0.953233 0.060492
vn 0.488490 -0.871717 0.038557
vn -0.823072 -0.265626 0.501991
vn -0.209744 -0.661160 0.720330
vn -0.206042 -0.662273 0.720376
vn 0.394815 -0.704553 0.589683
vn -0.673445 0.209908 -0.708809
vn -0.694159 0.136633 -0.706735
vn -0.950273 0.304847 -0.063638
vn -0.965432 0.215812 -0.146172
vn -0.932061 0.331337 0.146554
vn -0.966724 0.247802 0.063555
vn -0.589805 0.202973 0.781622
vn -0.757061 0.185284 0.626520
vn 0.757061 -0.185284 -0.626520
vn 0.589805 -0.202973 -0.781622
vn 0.966724 -0.247802 -0.063555
vn 0.932061 -0.331337 -0.146554
vn 0.965432 -0.215812 0.146172
vn 0.950273 -0.304847 0.063638
vn 0.694159 -0.136633 0.706735
vn 0.673445 -0.209908 0.708809
vn 0.005986 0.023224 -0.999712
vn -0.027404 -0.075542 -0.996766
vn 0.027404 0.075542 -0.996766
vn -0.005986 -0.023224 -0.999712
vn 0.005986 0.023224 0.999712
vn -0.027404 -0.075542 0.996766
vn 0.027404 0.075542 0.996766
vn -0.005986 -0.023224 0.999712
f 622/622/622 618/618/618 617/617/617
f 621/621/621 622/622/622 617/617/617
f 623/623/623 619/619/619 618/618/618
f 622/622/622 623/623/623 618/618/618
f 624/624/624 620/620/620 619/619/619
f 623/623/623 624/624/624 619/619/619
f 626/626/626 622/622/622 621/621/621
f 625/625/625 626/626/626 621/621/621
f 627/627/627 623/623/623 622/622/622
f 626/626/626 627/627/627 622/622/622
f 628/628/628 624/624/624 623/623/623
f 627/627/627 628/628/628 623/623/623
f 630/630/630 626/626/626 625/625/625
f 629/629/629 630/630/630 625/625/625
f 631/631/631 627/627/627 626/626/626
f 630/630/630 631/631/631 626/626/626
f 632/632/632 628/628/628 627/627/627
f 631/631/631 632/632/632 627/627/627
f 633/633/633 634/634/634 638/638/638
f 633/633/633 638/638/638 637/637/637
f 634/634/634 635/635/635 639/639/639
f 634/634/634 639/639/639 638/638/638
f 635/635/635 636/636/636 640/640/640
f 635/635/635 640/640/640 639/639/639
f 637/637/637 638/638/638 642/642/642
f 637/637/637 642/642/642 641/641/641
f 638/638/638 639/639/639 643/643/643
f 638/638/638 643/643/643 642/642/642
f 639/639/639 640/640/640 644/644/644
f 639/639/639 644/644/644 643/643/643
f 641/641/641 642/642/642 646/646/646
f 641/641/641 646/646/646 645/645/645
f 642/642/642 643/643/643 647/647/647
f 642/642/642 647/647/647 646/646/646
f 643/643/643 644/644/644 648/648/648
f 643/643/643 648/648/648 647/647/647
f 617/617/617 649/649/649 651/651/651
f 617/617/617 651/651/651 621/621/621
f 649/649/649 650/650/650 652/652/652
f 649/649/649 652/652/652 651/651/651
f 650/650/650 633/633/633 637/637/637
f 650/650/650 637/637/637 652/652/652
f 621/621/621 651/651/651 653/653/653
f 621/621/621 653/653/653 625/625/625
f 651/651/651 652/652/652 654/654/654
f 651/651/651 654/654/654 653/653/653
f 652/652/652 637/637/637 641/641/641
f 652/652/652 641/641/641 654/654/654
f 625/625/625 653/653/653 655/655/655
f 625/625/625 655/655/655 629/629/629
f 653/653/653 654/654/654 656/656/656
f 653/653/653 656/656/656 655/655/655
f 654/654/654 641/641/641 645/645/645
f 654/654/654 645/645/645 656/656/656
f 659/659/659 657/657/657 620/620/620
f 624/624/624 659/659/659 620/620/620
f 660/660/660 658/658/658 657/657/657
f 659/659/659 660/660/660 657/657/657
f 640/640/640 636/636/636 658/658/658
f 660/660/660 640/640/640 658/658/658
f 661/661/661 659/659/659 624/624/624
f 628/628/628 661/661/661 624/624/624
f 662/662/662 660/660/660 659/659/659
f 661/661/661 662/662/662 659/659/659
f 644/644/644 640/640/640 660/660/660
f 662/662/662 644/644/644 660/660/660
f 663/663/663 661/661/661 628/628/628
f 632/632/632 663/663/663 628/628/628
f 664/664/664 662/662/662 661/661/661
f 663/663/663 664/664/664 661/661/661
f 648/648/648 644/644/644 662/662/662
f 664/664/664 648/648/648 662/662/662
f 665/665/665 649/649/649 617/617/617
f 618/618/618 665/665/665 617/617/617
f 666/666/666 650/650/650 649/649/649
f 665/665/665 666/666/666 649/649/649
f 634/634/634 633/633/633 650/650/650
f 666/666/666 634/634/634 650/650/650
f 667/667/667 665/665/665 618/618/618
f 619/619/619 667/667/667 618/618/618
f 668/668/668 666/666/666 665/665/665
f 667/667/667 668/668/668 665/665/665
f 635/635/635 634/634/634 666/666/666
f 668/668/668 635/635/635 666/666/666
f 657/657/657 667/667/667 619/619/619
f 620/620/620 657/657/657 619/619/619
f 658/658/658 668/668/668 667/667/667
f 657/657/657 658/658/658 667/667/667
f 636/636/636 635/635/635 668/668/668
f 658/658/658 636/636/636 668/668/668
f 629/629/629 655/655/655 669/669/669
f 629/629/629 669/669/669 630/630/630
f 655/655/655 656/656/656 670/670/670
f 655/655/655 670/670/670 669/669/669
f 656/656/656 645/645/645 646/646/646
f 656/656/656 646/646/646 670/670/670
f 630/630/630 669/669/669 671/671/671
f 630/630/630 671/671/671 631/631/631
f 669/669/669 670/670/670 672/672/672
f 669/669/669 672/672/672 671/671/671
f 670/670/670 646/646/646 647/647/647
f 670/670/670 647/647/647 672/672/672
f 631/631/631 671/671/671 663/663/663
f 631/631/631 663/663/663 632/632/632
f 671/671/671 672/672/672 664/664/664
f 671/671/671 664/664/664 663/663/663
f 672/672/672 647/647/647 648/648/648
f 672/672/672 648/648/648 664/664/664
usemtl iron
v -1.304505 0.128455 -0.070000 0.800000 0.830000 0.850000
v -1.310883 0.112431 -0.070000 0.800000 0.830000 0.850000
v -1.326280 0.105794 -0.070000 0.800000 0.830000 0.850000
v -1.341677 0.112431 -0.070000 0.800000 0.830000 0.850000
v -1.348055 0.128455 -0.070000 0.800000 0.830000 0.850000
v -1.341677 0.144479 -0.070000 0.800000 0.830000 0.850000
v -1.326280 0.151116 -0.070000 0.800000 0.830000 0.850000
v -1.310883 0.144479 -0.070000 0.800000 0.830000 0.850000
v -1.300546 0.128455 -0.053198 0.800000 0.830000 0.850000
v -1.308083 0.109518 -0.053198 0.800000 0.830000 0.850000
v -1.326280 0.101674 -0.053198 0.800000 0.830000 0.850000
v -1.344476 0.109518 -0.053198 0.800000 0.830000 0.850000
v -1.352014 0.128455 -0.053198 0.800000 0.830000 0.850000
v -1.344476 0.147392 -0.053198 0.800000 0.830000 0.850000
v -1.326280 0.155236 -0.053198 0.800000 0.830000 0.850000
v -1.308083 0.147392 -0.053198 0.800000 0.830000 0.850000
v -1.306485 0.128455 -0.044302 0.800000 0.830000 0.850000
v -1.312283 0.113888 -0.044302 0.800000 0.830000 0.850000
v -1.326280 0.107854 -0.044302 0.800000 0.830000 0.850000
v -1.340277 0.113888 -0.044302 0.800000 0.830000 0.850000
v -1.346075 0.128455 -0.044302 0.800000 0.830000 0.850000
v -1.340277 0.143022 -0.044302 0.800000 0.830000 0.850000
v -1.326280 0.149056 -0.044302 0.800000 0.830000 0.850000
v -1.312283 0.143022 -0.044302 0.800000 0.830000 0.850000
v -1.326280 0.128455 -0.070000 0.800000 0.830000 0.850000
v -1.326280 0.128455 -0.044302 0.800000 0.830000 0.850000
vt 0.000000 0.000000
vt 0.000000 0.000000
vt 0.000000 0.000000
vt 0.000000 0.000000
vt 0.000000 0.000000
vt 0.000000 0.000000
vt 0.000000 0.000000
vt 0.000000 0.000000
vt 0.000000 0.000000
vt 0.000000 0.000000
vt 0.000000 0.000000
vt 0.000000 0.000000
vt 0.000000 0.000000
vt 0.000000 0.000000
vt 0.000000 0.000000
vt 0.000000 0.000000
vt 0.000000 0.000000
vt 0.000000 0.000000
vt 0.000000 0.000000
vt 0.000000 0.000000
vt 0.000000 0.000000
vt 0.000000 0.000000
vt 0.000000 0.000000
vt 0.000000 0.000000
vt 0.000000 0.000000
vt 0.000000 0.000000
vn 0.686026 -0.101418 -0.720474
vn 0.415301 -0.544178 -0.728969
vn -0.107456 -0.671128 -0.733513
vn -0.563133 -0.396811 -0.724860
vn -0.686026 0.101418 -0.720474
vn -0.415301 0.544178 -0.728969
vn 0.107456 0.671128 -0.733513
vn 0.563133 0.396811 -0.724860
vn 0.996644 0.040376 0.071214
vn 0.747570 -0.660215 0.072487
vn 0.043713 -0.996293 0.074086
vn -0.689383 -0.720737 0.072729
vn -0.996644 -0.040376 0.071214
vn -0.747570 0.660215 0.072487
vn -0.043713 0.996293 0.074086
vn 0.689383 0.720737 0.072729
vn 0.443240 0.069497 0.893705
vn 0.365452 -0.252636 0.895891
vn 0.072862 -0.429064 0.900330
vn -0.263570 -0.352031 0.898112
vn -0.443240 -0.069497 0.893705
vn -0.365452 0.252636 0.895891
vn -0.072862 0.429064 0.900330
vn 0.263570 0.352031 0.898112
vn 0.000000 0.000000 -1.000000
vn 0.000000 0.000000 1.000000
f 673/673/673 682/682/682 674/674/674
f 673/673/673 681/681/681 682/682/682
f 674/674/674 683/683/683 675/675/675
f 674/674/674 682/682/682 683/683/683
f 675/675/675 684/684/684 676/676/676
f 675/675/675 683/683/683 684/684/684
f 676/676/676 685/685/685 677/677/677
f 676/676/676 684/684/684 685/685/685
f 677/677/677 686/686/686 678/678/678
f 677/677/677 685/685/685 686/686/686
f 678/678/678 687/687/687 679/679/679
f 678/678/678 686/686/686 687/687/687
f 679/679/679 688/688/688 680/680/680
f 679/679/679 687/687/687 688/688/688
f 680/680/680 681/681/681 673/673/673
f 680/680/680 688/688/688 681/681/681
f 681/681/681 690/690/690 682/682/682
f 681/681/681 689/689/689 690/690/690
f 682/682/682 691/691/691 683/683/683
f 682/682/682 690/690/690 691/691/691
f 683/683/683 692/692/692 684/684/684
f 683/683/683 691/691/691 692/692/692
f 684/684/684 693/693/693 685/685/685
f 684/684/684 692/692/692 693/693/693
f 685/685/685 694/694/694 686/686/686
f 685/685/685 693/693/693 694/694/694
f 686/686/686 695/695/695 687/687/687
f 686/686/686 694/694/694 695/695/695
f 687/687/687 696/696/696 688/688/688
f 687/687/687 695/695/695 696/696/696
f 688/688/688 689/689/689 681/681/681
f 688/688/688 696/696/696 689/689/689
f 697/697/697 673/673/673 674/674/674
f 697/697/697 674/674/674 675/675/675
f 697/697/697 675/675/675 676/676/676
f 697/697/697 676/676/676 677/677/677
f 697/697/697 677/677/677 678/678/678
f 697/697/697 678/678/678 679/679/679
f 697/697/697 679/679/679 680/680/680
f 697/697/697 680/680/680 673/673/673
f 698/698/698 690/690/690 689/689/689
f 698/698/698 691/691/691 690/690/690
f 698/698/698 692/692/692 691/691/691
f 698/698/698 693/693/693 692/692/692
f 698/698/698 694/694/694 693/693/693
f 698/698/698 695/695/695 694/694/694
f 698/698/698 696/696/696 695/695/695
f 698/698/698 689/689/689 696/696/696
usemtl iron
v -1.304505 1.112146 -0.070000 0.800000 0.830000 0.850000
v -1.310883 1.096122 -0.070000 0.800000 0.830000 0.850000
v -1.326280 1.089485 -0.070000 0.800000 0.830000 0.850000
v -1.341677 1.096122 -0.070000 0.800000 0.830000 0.850000
v -1.348055 1.112146 -0.070000 0.800000 0.830000 0.850000
v -1.341677 1.128170 -0.070000 0.800000 0.830000 0.850000
v -1.326280 1.134807 -0.070000 0.800000 0.830000 0.850000
v -1.310883 1.128170 -0.070000 0.800000 0.830000 0.850000
v -1.300546 1.112146 -0.053198 0.800000 0.830000 0.850000
v -1.308083 1.093209 -0.053198 0.800000 0.830000 0.850000
v -1.326280 1.085365 -0.053198 0.800000 0.830000 0.850000
v -1.344476 1.093209 -0.053198 0.800000 0.830000 0.850000
v -1.352014 1.112146 -0.053198 0.800000 0.830000 0.850000
v -1.344476 1.131083 -0.053198 0.800000 0.830000 0.850000
v -1.326280 1.138927 -0.053198 0.800000 0.830000 0.850000
v -1.308083 1.131083 -0.053198 0.800000 0.830000 0.850000
v -1.306485 1.112146 -0.044302 0.800000 0.830000 0.850000
v -1.312283 1.097579 -0.044302 0.800000 0.830000 0.850000
v -1.326280 1.091545 -0.044302 0.800000 0.830000 0.850000
v -1.340277 1.097579 -0.044302 0.800000 0.830000 0.850000
v -1.346075 1.112146 -0.044302 0.800000 0.830000 0.850000
v -1.340277 1.126713 -0.044302 0.800000 0.830000 0.850000
v -1.326280 1.132747 -0.044302 0.800000 0.830000 0.850000
v -1.312283 1.126713 -0.044302 0.800000 0.830000 0.850000
v -1.326280 1.112146 -0.070000 0.800000 0.830000 0.850000
v -1.326280 1.112146 -0.044302 0.800000 0.830000 0.850000
vt 0.000000 0.000000
vt 0.000000 0.000000
vt 0.000000 0.000000
vt 0.000000 0.000000
vt 0.000000 0.000000
vt 0.000000 0.000000
vt 0.000000 0.000000
vt 0.000000 0.000000
vt 0.000000 0.000000
vt 0.000000 0.000000
vt 0.000000 0.000000
vt 0.000000 0.000000
vt 0.000000 0.000000
vt 0.000000 0.000000
vt 0.000000 0.000000
vt 0.000000 0.000000
vt 0.000000 0.000000
vt 0.000000 0.000000
vt 0.000000 0.000000
vt 0.000000 0.000000
vt 0.000000 0.000000
vt 0.000000 0.000000
vt 0.000000 0.000000
vt 0.000000 0.000000
vt 0.000000 0.000000
vt 0.000000 0.000000
vn 0.686026 -0.101418 -0.720474
vn 0.415301 -0.544178 -0.728969
vn -0.107456 -0.671128 -0.733513
vn -0.563133 -0.396811 -0.724860
vn -0.686026 0.101418 -0.720474
vn -0.415301 0.544178 -0.728969
vn 0.107456 0.671128 -0.733513
vn 0.563133 0.396811 -0.724860
vn 0.996644 0.040376 0.071214
vn 0.747570 -0.660215 0.072487
vn 0.043713 -0.996293 0.074086
vn -0.689383 -0.720737 0.072729
vn -0.996644 -0.040376 0.071214
vn -0.747570 0.660215 0.072487
vn -0.043713 0.996293 0.074086
vn 0.689383 0.720737 0.072729
vn 0.443240 0.069497 0.893705
vn 0.365452 -0.252636 0.895891
vn 0.072862 -0.429064 0.900330
vn -0.263570 -0.352031 0.898112
vn -0.443240 -0.069497 0.893705
vn -0.365452 0.252636 0.895891
vn -0.072862 0.429064 0.900330
vn 0.263570 0.352031 0.898112
vn 0.000000 0.000000 -1.000000
vn 0.000000 0.000000 1.000000
f 699/699/699 708/708/708 700/700/700
f 699/699/699 707/707/707 708/708/708
f 700/700/700 709/709/709 701/701/701
f 700/700/700 708/708/708 709/709/709
f 701/701/701 710/710/710 702/702/702
f 701/701/701 709/709/709 710/710/710
f 702/702/702 711/711/711 703/703/703
f 702/702/702 710/710/710 711/711/711
f 703/703/703 712/712/712 704/704/704
f 703/703/703 711/711/711 712/712/712
f 704/704/704 713/713/713 705/705/705
f 704/704/704 712/712/712 713/713/713
f 705/705/705 714/714/714 706/706/706
f 705/705/705 713/713/713 714/714/714
f 706/706/706 707/707/707 699/699/699
f 706/706/706 714/714/714 707/707/707
f 707/707/707 716/716/716 708/708/708
f 707/707/707 715/715/715 716/716/716
f 708/708/708 717/717/717 709/709/709
f 708/708/708 716/716/716 717/717/717
f 709/709/709 718/718/718 710/710/710
f 709/709/709 717/717/717 718/718/718
f 710/710/710 719/719/719 711/711/711
f 710/710/710 718/718/718 719/719/719
f 711/711/711 720/720/720 712/712/712
f 711/711/711 719/719/719 720/720/720
f 712/712/712 721/721/721 713/713/713
f 712/712/712 720/720/720 721/721/721
f 713/713/713 722/722/722 714/714/714
f 713/713/713 721/721/721 722/722/722
f 714/714/714 715/715/715 707/707/707
f 714/714/714 722/722/722 715/715/715
f 723/723/723 699/699/699 700/700/700
f 723/723/723 700/700/700 701/701/701
f 723/723/723 701/701/701 702/702/702
f 723/723/723 702/702/702 703/703/703
f 723/723/723 703/703/703 704/704/704
f 723/723/723 704/704/704 705/705/705
f 723/723/723 705/705/705 706/706/706
f 723/723/723 706/706/706 699/699/699
f 724/724/724 716/716/716 715/715/715
f 724/724/724 717/717/717 716/716/716
f 724/724/724 718/718/718 717/717/717
f 724/724/724 719/719/719 718/718/718
f 724/724/724 720/720/720 719/719/719
f 724/724/724 721/721/721 720/720/720
f 724/724/724 722/722/722 721/721/721
f 724/724/724 715/715/715 722/722/722
usemtl iron
v 1.348055 0.128455 -0.070000 0.800000 0.830000 0.850000
v 1.341677 0.112431 -0.070000 0.800000 0.830000 0.850000
v 1.326280 0.105794 -0.070000 0.800000 0.830000 0.850000
v 1.310883 0.112431 -0.070000 0.800000 0.830000 0.850000
v 1.304505 0.128455 -0.070000 0.800000 0.830000 0.850000
v 1.310883 0.144479 -0.070000 0.800000 0.830000 0.850000
v 1.326280 0.151116 -0.070000 0.800000 0.830000 0.850000
v 1.341677 0.144479 -0.070000 0.800000 0.830000 0.850000
v 1.352014 0.128455 -0.053198 0.800000 0.830000 0.850000
v 1.344476 0.109518 -0.053198 0.800000 0.830000 0.850000
v 1.326280 0.101674 -0.053198 0.800000 0.830000 0.850000
v 1.308083 0.109518 -0.053198 0.800000 0.830000 0.850000
v 1.300546 0.128455 -0.053198 0.800000 0.830000 0.850000
v 1.308083 0.147392 -0.053198 0.800000 0.830000 0.850000
v 1.326280 0.155236 -0.053198 0.800000 0.830000 0.850000
v 1.344476 0.147392 -0.053198 0.800000 0.830000 0.850000
v 1.346075 0.128455 -0.044302 0.800000 0.830000 0.850000
v 1.340277 0.113888 -0.044302 0.800000 0.830000 0.850000
v 1.326280 0.107854 -0.044302 0.800000 0.830000 0.850000
v 1.312283 0.113888 -0.044302 0.800000 0.830000 0.850000
v 1.306485 0.128455 -0.044302 0.800000 0.830000 0.850000
v 1.312283 0.143022 -0.044302 0.800000 0.830000 0.850000
v 1.326280 0.149056 -0.044302 0.800000 0.830000 0.850000
v 1.340277 0.143022 -0.044302 0.800000 0.830000 0.850000
v 1.326280 0.128455 -0.070000 0.800000 0.830000 0.850000
v 1.326280 0.128455 -0.044302 0.800000 0.830000 0.850000
vt 0.000000 0.000000
vt 0.000000 0.000000
vt 0.000000 0.000000
vt 0.000000 0.000000
vt 0.000000 0.000000
vt 0.000000 0.000000
vt 0.000000 0.000000
vt 0.000000 0.000000
vt 0.000000 0.000000
vt 0.000000 0.000000
vt 0.000000 0.000000
vt 0.000000 0.000000
vt 0.000000 0.000000
vt 0.000000 0.000000
vt 0.000000 0.000000
vt 0.000000 0.000000
vt 0.000000 0.000000
vt 0.000000 0.000000
vt 0.000000 0.000000
vt 0.000000 0.000000
vt 0.000000 0.000000
vt 0.000000 0.000000
vt 0.000000 0.000000
vt 0.000000 0.000000
vt 0.000000 0.000000
vt 0.000000 0.000000
vn 0.686026 -0.101418 -0.720474
vn 0.415301 -0.544178 -0.728969
vn -0.107456 -0.671128 -0.733513
vn -0.563133 -0.396811 -0.724860
vn -0.686026 0.101418 -0.720474
vn -0.415301 0.544178 -0.728969
vn 0.107456 0.671128 -0.733513
vn 0.563133 0.396811 -0.724860
vn 0.996644 0.040376 0.071214
vn 0.747570 -0.660215 0.072487
vn 0.043713 -0.996293 0.074086
vn -0.689383 -0.720737 0.072729
vn -0.996644 -0.040376 0.071214
vn -0.747570 0.660215 0.072487
vn -0.043713 0.996293 0.074086
vn 0.689383 0.720737 0.072729
vn 0.443240 0.069497 0.893705
vn 0.365452 -0.252636 0.895891
vn 0.072862 -0.429064 0.900330
vn -0.263570 -0.352031 0.898112
vn -0.443240 -0.069497 0.893705
vn -0.365452 0.252636 0.895891
vn -0.072862 0.429064 0.900330
vn 0.263570 0.352031 0.898112
vn 0.000000 0.000000 -1.000000
vn 0.000000 0.000000 1.000000
f 725/725/725 734/734/734 726/726/726
f 725/725/725 733/733/733 734/734/734
f 726/726/726 735/735/735 727/727/727
f 726/726/726 734/734/734 735/735/735
f 727/727/727 736/736/736 728/728/728
f 727/727/727 735/735/735 736/736/736
f 728/728/728 737/737/737 729/729/729
f 728/728/728 736/736/736 737/737/737
f 729/729/729 738/738/738 730/730/730
f 729/729/729 737/737/737 738/738/738
f 730/730/730 739/739/739 731/731/731
f 730/730/730 738/738/738 739/739/739
f 731/731/731 740/740/740 732/732/732
f 731/731/731 739/739/739 740/740/740
f 732/732/732 733/733/733 725/725/725
f 732/732/732 740/740/740 733/733/733
f 733/733/733 742/742/742 734/734/734
f 733/733/733 741/741/741 742/742/742
f 734/734/734 743/743/743 735/735/735
f 734/734/734 742/742/742 743/743/743
f 735/735/735 744/744/744 736/736/736
f 735/735/735 743/743/743 744/744/744
f 736/736/736 745/745/745 737/737/737
f 736/736/736 744/744/744 745/745/745
f 737/737/737 746/746/746 738/738/738
f 737/737/737 745/745/745 746/746/746
f 738/738/738 747/747/747 739/739/739
f 738/738/738 746/746/746 747/747/747
f 739/739/739 748/748/748 740/740/740
f 739/739/739 747/747/747 748/748/748
f 740/740/740 741/741/741 733/733/733
f 740/740/740 748/748/748 741/741/741
f 749/749/749 725/725/725 726/726/726
f 749/749/749 726/726/726 727/727/727
f 749/749/749 727/727/727 728/728/728
f 749/749/749 728/728/728 729/729/729
f 749/749/749 729/729/729 730/730/730
f 749/749/749 730/730/730 731/731/731
f 749/749/749 731/731/731 732/732/732
f 749/749/749 732/732/732 725/725/725
f 750/750/750 742/742/742 741/741/741
f 750/750/750 743/743/743 742/742/742
f 750/750/750 744/744/744 743/743/743
f 750/750/750 745/745/745 744/744/744
f 750/750/750 746/746/746 745/745/745
f 750/750/750 747/747/747 746/746/746
f 750/750/750 748/748/748 747/747/747
f 750/750/750 741/741/741 748/748/748
usemtl iron
v 1.348055 1.112146 -0.070000 0.800000 0.830000 0.850000
v 1.341677 1.096122 -0.070000 0.800000 0.830000 0.850000
v 1.326280 1.089485 -0.070000 0.800000 0.830000 0.850000
v 1.310883 1.096122 -0.070000 0.800000 0.830000 0.850000
v 1.304505 1.112146 -0.070000 0.800000 0.830000 0.850000
v 1.310883 1.128170 -0.070000 0.800000 0.830000 0.850000
v 1.326280 1.134807 -0.070000 0.800000 0.830000 0.850000
v 1.341677 1.128170 -0.070000 0.800000 0.830000 0.850000
v 1.352014 1.112146 -0.053198 0.800000 0.830000 0.850000
v 1.344476 1.093209 -0.053198 0.800000 0.830000 0.850000
v 1.326280 1.085365 -0.053198 0.800000 0.830000 0.850000
v 1.308083 1.093209 -0.053198 0.800000 0.830000 0.850000
v 1.300546 1.112146 -0.053198 0.800000 0.830000 0.850000
v 1.308083 1.131083 -0.053198 0.800000 0.830000 0.850000
v 1.326280 1.138927 -0.053198 0.800000 0.830000 0.850000
v 1.344476 1.131083 -0.053198 0.800000 0.830000 0.850000
v 1.346075 1.112146 -0.044302 0.800000 0.830000 0.850000
v 1.340277 1.097579 -0.044302 0.800000 0.830000 0.850000
v 1.326280 1.091545 -0.044302 0.800000 0.830000 0.850000
v 1.312283 1.097579 -0.044302 0.800000 0.830000 0.850000
v 1.306485 1.112146 -0.044302 0.800000 0.830000 0.850000
v 1.312283 1.126713 -0.044302 0.800000 0.830000 0.850000
v 1.326280 1.132747 -0.044302 0.800000 0.830000 0.850000
v 1.340277 1.126713 -0.044302 0.800000 0.830000 0.850000
v 1.326280 1.112146 -0.070000 0.800000 0.830000 0.850000
v 1.326280 1.112146 -0.044302 0.800000 0.830000 0.850000
vt 0.000000 0.000000
vt 0.000000 0.000000
vt 0.000000 0.000000
vt 0.000000 0.000000
vt 0.000000 0.000000
vt 0.000000 0.000000
vt 0.000000 0.000000
vt 0.000000 0.000000
vt 0.000000 0.000000
vt 0.000000 0.000000
vt 0.000000 0.000000
vt 0.000000 0.000000
vt 0.000000 0.000000
vt 0.000000 0.000000
vt 0.000000 0.000000
vt 0.000000 0.000000
vt 0.000000 0.000000
vt 0.000000 0.000000
vt 0.000000 0.000000
vt 0.000000 0.000000
vt 0.000000 0.000000
vt 0.000000 0.000000
vt 0.000000 0.000000
vt 0.000000 0.000000
vt 0.000000 0.000000
vt 0.000000 0.000000
vn 0.686026 -0.101418 -0.720474
vn 0.415301 -0.544178 -0.728969
vn -0.107456 -0.671128 -0.733513
vn -0.563133 -0.396811 -0.724860
vn -0.686026 0.101418 -0.720474
vn -0.415301 0.544178 -0.728969
vn 0.107456 0.671128 -0.733513
vn 0.563133 0.396811 -0.724860
vn 0.996644 0.040376 0.071214
vn 0.747570 -0.660215 0.072487
vn 0.043713 -0.996293 0.074086
vn -0.689383 -0.720737 0.072729
vn -0.996644 -0.040376 0.071214
vn -0.747570 0.660215 0.072487
vn -0.043713 0.996293 0.074086
vn 0.689383 0.720737 0.072729
vn 0.443240 0.069497 0.893705
vn 0.365452 -0.252636 0.895891
vn 0.072862 -0.429064 0.900330
vn -0.263570 -0.352031 0.898112
vn -0.443240 -0.069497 0.893705
vn -0.365452 0.252636 0.895891
vn -0.072862 0.429064 0.900330
vn 0.263570 0.352031 0.898112
vn 0.000000 0.000000 -1.000000
vn 0.000000 0.000000 1.000000
f 751/751/751 760/760/760 752/752/752
f 751/751/751 759/759/759 760/760/760
f 752/752/752 761/761/761 753/753/753
f 752/752/752 760/760/760 761/761/761
f 753/753/753 762/762/762 754/754/754
f 753/753/753 761/761/761 762/762/762
f 754/754/754 763/763/763 755/755/755
f 754/754/754 762/762/762 763/763/763
f 755/755/755 764/764/764 756/756/756
f 755/755/755 763/763/763 764/764/764
f 756/756/756 765/765/765 757/757/757
f 756/756/756 764/764/764 765/765/765
f 757/757/757 766/766/766 758/758/758
f 757/757/757 765/765/765 766/766/766
f 758/758/758 759/759/759 751/751/751
f 758/758/758 766/766/766 759/759/759
f 759/759/759 768/768/768 760/760/760
f 759/759/759 767/767/767 768/768/768
f 760/760/760 769/769/769 761/761/761
f 760/760/760 768/768/768 769/769/769
f 761/761/761 770/770/770 762/762/762
f 761/761/761 769/769/769 770/770/770
f 762/762/762 771/771/771 763/763/763
f 762/762/762 770/770/770 771/771/771
f 763/763/763 772/772/772 764/764/764
f 763/763/763 771/771/771 772/772/772
f 764/764/764 773/773/773 765/765/765
f 764/764/764 772/772/772 773/773/773
f 765/765/765 774/774/774 766/766/766
f 765/765/765 773/773/773 774/774/774
f 766/766/766 767/767/767 759/759/759
f 766/766/766 774/774/774 767/767/767
f 775/775/775 751/751/751 752/752/752
f 775/775/775 752/752/752 753/753/753
f 775/775/775 753/753/753 754/754/754
f 775/775/775 754/754/754 755/755/755
f 775/775/775 755/755/755 756/756/756
f 775/775/775 756/756/756 757/757/757
f 775/775/775 757/757/757 758/758/758
f 775/775/775 758/758/758 751/751/751
f 776/776/776 768/768/768 767/767/767
f 776/776/776 769/769/769 768/768/768
f 776/776/776 770/770/770 769/769/769
f 776/776/776 771/771/771 770/770/770
f 776/776/776 772/772/772 771/771/771
f 776/776/776 773/773/773 772/772/772
f 776/776/776 774/774/774 773/773/773
f 776/776/776 767/767/767 774/774/774
